TransactionID,TransactionDate,Amount,MerchantID,TransactionType,Location,IsFraud
89463,2024-01-25 11:23:35.983602,383247.15,828,transfer,CHENNAI,0
14429,2024-07-06 01:04:35.533927,299559.15,251,purchase,PUNE,0
96179,2024-10-07 14:31:36.011214,143223.3,465,purchase,KOLKATA,0
89837,2024-04-09 08:54:35.984926,169825.42,444,purchase,BENGALURU,0
27112,2024-09-02 19:37:35.597973,238080.15,978,purchase,CHENNAI,0
57803,2023-12-04 06:28:35.817393,245865.68,694,purchase,MUMBAI,0
23705,2024-06-28 04:19:35.582698,125468.48,119,purchase,DELHI,0
8570,2024-05-25 07:58:35.509604,204917.62,148,purchase,BENGALURU,0
73953,2024-08-30 16:01:35.909183,283302.52,137,purchase,PUNE,0
25644,2024-05-21 22:36:35.591128,207795.22,83,purchase,AHMEDABAD,0
7058,2024-08-01 09:43:35.503274,242427.9,413,purchase,KOLKATA,0
83847,2024-01-23 21:58:35.953302,245097.6,864,purchase,MUMBAI,0
1673,2024-04-22 10:47:35.471105,305526.38,407,purchase,JAIPUR,0
67831,2024-01-02 04:27:35.864850,345298.8,531,cash_out,CHENNAI,1
32258,2024-01-03 19:18:35.622749,68904.82,648,refund,DELHI,0
11199,2024-09-28 05:41:35.520707,321302.85,700,cash_out,JAIPUR,0
42045,2024-06-11 05:37:35.699600,235101.9,759,purchase,DELHI,0
63281,2024-02-22 21:46:35.843541,86875.8,619,refund,JAIPUR,0
57567,2024-10-13 14:40:35.815884,70004.55,63,refund,JAIPUR,0
25863,2024-04-20 16:38:35.592505,19148.25,727,refund,HYDERABAD,0
36201,2023-12-02 16:44:35.656385,80844.22,328,refund,JAIPUR,0
58204,2023-12-29 08:55:35.821400,354441.45,177,purchase,KOLKATA,0
24704,2024-05-05 05:54:35.586952,339379.42,527,cash_out,SURAT,0
70897,2024-04-01 07:38:35.892610,370768.2,369,purchase,DELHI,1
62453,2024-04-08 19:30:35.840054,9993.22,420,refund,BENGALURU,0
90774,2024-05-26 11:49:35.988298,276046.65,480,purchase,CHENNAI,0
93222,2024-04-14 16:43:35.998536,383758.65,423,transfer,AHMEDABAD,0
13991,2023-11-16 19:44:35.532177,279392.85,881,purchase,CHENNAI,0
45712,2024-03-24 03:36:35.722342,390946.88,902,transfer,CHENNAI,0
49952,2024-05-18 21:57:35.749799,330120.45,552,purchase,SURAT,0
84121,2023-11-19 11:53:35.954337,111080.48,666,purchase,MUMBAI,0
32494,2024-10-02 18:06:35.624071,257569.95,167,purchase,CHENNAI,0
32772,2024-06-11 22:24:35.625708,376939.2,570,transfer,AHMEDABAD,0
46057,2024-05-28 20:27:35.724636,92297.7,434,refund,KOLKATA,0
25524,2024-06-13 09:22:35.590545,124999.05,690,purchase,DELHI,0
54087,2024-07-30 09:30:35.792675,352034.1,373,purchase,KOLKATA,0
67222,2024-06-21 21:05:35.860780,159168.9,320,purchase,MUMBAI,0
1805,2024-07-14 22:17:35.471677,94232.32,492,refund,KOLKATA,0
38734,2024-02-10 09:03:35.672874,202695.08,750,purchase,JAIPUR,0
70246,2023-11-20 14:26:35.889104,71391.38,221,refund,CHENNAI,0
80766,2024-06-27 15:30:35.941824,143804.92,816,purchase,MUMBAI,0
58374,2024-04-23 19:38:35.822083,123026.48,17,purchase,BENGALURU,0
75879,2023-11-23 09:53:35.918640,355146.0,473,purchase,MUMBAI,1
97683,2024-04-18 03:33:36.017708,384743.7,601,transfer,CHENNAI,0
71861,2024-07-13 20:55:35.897931,374458.43,952,transfer,AHMEDABAD,0
39048,2024-05-14 00:37:35.683178,339514.72,406,cash_out,AHMEDABAD,0
53873,2024-08-23 05:40:35.791291,36402.3,278,refund,CHENNAI,0
16344,2024-06-15 11:53:35.542321,66905.03,70,refund,JAIPUR,0
86636,2024-07-09 12:48:35.963621,71162.85,742,refund,MUMBAI,0
7399,2023-11-04 12:56:35.504679,2651.55,5,refund,AHMEDABAD,0
71086,2024-03-31 05:29:35.893662,253870.65,154,purchase,CHENNAI,0
19773,2024-04-22 05:30:35.558035,43132.65,745,refund,HYDERABAD,0
3104,2024-01-29 18:03:35.485654,288787.12,707,purchase,DELHI,0
43873,2023-12-11 22:32:35.711182,277313.85,939,purchase,PUNE,0
2709,2024-02-25 10:27:35.483861,241319.1,183,purchase,SURAT,0
64507,2024-07-07 04:57:35.848398,223032.15,655,purchase,CHENNAI,0
96440,2023-11-06 23:52:36.012297,40781.4,825,refund,MUMBAI,0
13632,2024-07-18 02:09:35.530727,235378.28,14,purchase,JAIPUR,0
42756,2024-03-02 07:57:35.703983,251412.97,807,purchase,JAIPUR,0
64314,2024-04-29 14:57:35.847629,411934.87,298,transfer,CHENNAI,0
13684,2024-09-29 18:06:35.530928,160725.68,698,purchase,DELHI,0
96781,2023-12-30 02:10:36.013811,280809.38,385,purchase,SURAT,0
90639,2024-01-13 12:16:35.987849,208958.48,176,purchase,PUNE,0
98907,2024-01-17 05:00:36.022937,349862.7,783,cash_out,AHMEDABAD,0
87468,2024-08-11 00:25:35.966660,256462.8,7,purchase,CHENNAI,0
537,2024-01-17 22:05:35.465380,171009.3,183,purchase,BENGALURU,0
48468,2023-12-16 07:49:35.739956,398443.65,869,transfer,BENGALURU,1
81303,2024-08-22 00:23:35.943880,399240.6,821,transfer,CHENNAI,0
31048,2023-11-11 16:29:35.614524,253308.0,654,purchase,BENGALURU,0
43050,2024-03-15 19:13:35.705899,240985.8,434,purchase,HYDERABAD,0
61270,2024-02-22 23:23:35.835003,400383.22,130,transfer,JAIPUR,0
11095,2023-12-14 12:45:35.520288,44502.98,193,refund,HYDERABAD,0
82078,2024-02-25 13:25:35.946548,298626.9,476,purchase,PUNE,0
36234,2024-01-12 16:43:35.656599,156376.28,573,purchase,SURAT,0
92274,2024-04-18 01:00:35.994476,150518.78,122,purchase,HYDERABAD,0
87695,2024-09-02 00:45:35.967655,137346.82,433,purchase,MUMBAI,0
494,2024-07-18 01:10:35.465116,157146.82,693,purchase,MUMBAI,0
20923,2023-10-29 09:31:35.562216,168290.92,658,purchase,CHENNAI,0
17795,2024-06-29 09:55:35.548933,160616.78,920,purchase,HYDERABAD,0
95052,2024-10-01 23:09:36.006477,109993.12,28,purchase,PUNE,0
2107,2024-02-10 23:26:35.472814,15777.3,447,refund,BENGALURU,0
45793,2023-11-13 08:24:35.722872,289923.15,767,purchase,JAIPUR,0
94021,2023-11-19 12:05:36.001935,279393.68,972,purchase,MUMBAI,0
57030,2023-11-27 12:33:35.812347,307242.38,184,purchase,AHMEDABAD,0
55477,2024-09-19 10:09:35.801788,128557.28,755,purchase,KOLKATA,0
43164,2024-08-06 04:25:35.706633,168196.88,765,purchase,PUNE,0
27078,2024-06-22 14:44:35.597840,37560.6,138,refund,BENGALURU,0
37255,2023-11-06 08:41:35.662899,81643.65,64,refund,CHENNAI,0
73472,2023-11-26 12:22:35.906650,149243.33,430,purchase,BENGALURU,0
30731,2024-03-10 21:28:35.612125,271757.48,115,purchase,PUNE,0
77915,2023-11-10 10:15:35.928371,339710.25,637,purchase,JAIPUR,0
83083,2024-05-21 08:26:35.950338,264278.85,598,purchase,HYDERABAD,0
48157,2024-08-09 12:46:35.738144,404762.32,497,transfer,MUMBAI,1
55157,2024-01-01 00:33:35.799711,287147.85,513,purchase,HYDERABAD,0
8183,2023-12-29 23:57:35.508039,406122.75,856,transfer,DELHI,1
30318,2024-03-18 08:43:35.610593,202755.3,571,purchase,DELHI,0
43109,2024-05-03 08:56:35.706274,89448.98,586,refund,AHMEDABAD,0
1896,2024-02-17 04:01:35.472046,90594.9,982,refund,MUMBAI,0
42266,2024-04-11 10:31:35.700971,287684.92,192,purchase,MUMBAI,0
1169,2024-02-08 19:35:35.468360,31901.1,701,refund,AHMEDABAD,0
82013,2024-06-29 03:34:35.946330,55709.78,594,refund,AHMEDABAD,0
94865,2024-02-07 13:13:36.005695,324433.73,402,purchase,HYDERABAD,0
64745,2023-12-14 17:02:35.849262,270270.82,84,purchase,JAIPUR,0
71377,2023-11-22 00:51:35.895273,347232.6,434,cash_out,MUMBAI,1
11814,2024-09-12 20:55:35.523222,109005.6,652,purchase,CHENNAI,0
50174,2024-05-21 22:27:35.751024,317843.62,309,cash_out,KOLKATA,0
2695,2024-06-06 14:42:35.483807,372472.65,573,transfer,CHENNAI,0
67782,2024-07-13 20:10:35.864524,351846.82,179,purchase,DELHI,1
49308,2024-08-17 22:20:35.745591,232711.88,129,purchase,CHENNAI,0
47875,2024-01-30 13:38:35.736523,167569.88,930,purchase,MUMBAI,0
13700,2023-12-05 17:22:35.530985,259884.08,793,purchase,SURAT,0
16122,2024-05-08 12:02:35.541433,40777.28,709,refund,MUMBAI,0
18756,2024-04-09 02:07:35.552833,247816.8,519,purchase,CHENNAI,0
94794,2024-01-09 17:50:36.005329,385258.5,366,transfer,CHENNAI,0
81972,2024-10-09 22:49:35.946195,277527.52,575,purchase,SURAT,0
47231,2024-04-20 17:16:35.732240,235823.78,395,purchase,PUNE,0
34022,2023-12-14 16:25:35.633977,227264.4,665,purchase,DELHI,0
81169,2024-03-07 20:49:35.943263,278216.4,623,purchase,SURAT,0
48066,2023-10-22 23:52:35.737619,313278.9,790,cash_out,PUNE,0
78435,2024-01-20 13:51:35.931183,185982.22,786,purchase,JAIPUR,0
82119,2024-03-01 23:03:35.946710,286957.28,361,purchase,JAIPUR,0
81687,2024-09-27 18:45:35.945192,395211.3,900,transfer,SURAT,0
40242,2024-06-20 23:21:35.689469,168419.62,957,purchase,BENGALURU,0
17551,2024-05-26 01:38:35.547991,267522.75,577,purchase,HYDERABAD,0
50715,2023-12-01 15:20:35.754311,73321.88,65,refund,PUNE,0
89895,2024-03-07 04:19:35.985162,265519.65,501,purchase,SURAT,0
60094,2024-01-23 09:42:35.828591,362894.4,679,purchase,BENGALURU,1
76414,2024-03-22 21:03:35.920900,194974.72,314,purchase,MUMBAI,0
3899,2024-05-03 07:52:35.489220,294082.8,672,purchase,CHENNAI,0
91865,2024-09-23 13:43:35.992405,96441.68,413,refund,MUMBAI,0
90757,2024-07-10 17:04:35.988241,122449.8,169,purchase,AHMEDABAD,0
97736,2024-07-29 11:32:36.017943,101687.02,889,refund,PUNE,0
1376,2024-05-01 22:34:35.469813,401215.65,178,transfer,SURAT,0
26752,2024-01-09 02:05:35.596587,331351.35,448,cash_out,JAIPUR,0
91968,2024-03-09 16:50:35.992959,133332.38,248,purchase,DELHI,0
9520,2024-03-11 02:20:35.513640,91339.05,549,refund,AHMEDABAD,0
89700,2024-02-23 16:57:35.984442,338985.08,567,purchase,KOLKATA,0
17176,2024-06-17 02:34:35.546448,343845.15,986,cash_out,KOLKATA,0
41921,2024-01-18 05:46:35.698887,25318.42,603,refund,PUNE,0
57782,2024-03-05 06:11:35.817256,209481.52,562,purchase,AHMEDABAD,0
7607,2024-04-26 00:46:35.505668,307173.08,631,purchase,KOLKATA,0
88882,2024-10-06 21:31:35.972609,116451.22,84,purchase,CHENNAI,0
3123,2024-04-28 23:24:35.485750,61947.6,542,refund,SURAT,0
21285,2024-10-17 06:19:35.563616,321416.7,413,purchase,KOLKATA,0
89515,2024-05-01 06:05:35.983776,100701.15,476,refund,MUMBAI,0
49006,2024-06-23 02:35:35.743594,257002.35,510,purchase,BENGALURU,0
70457,2023-12-09 23:31:35.890212,268051.58,537,purchase,CHENNAI,0
11842,2023-10-23 17:40:35.523342,31881.3,191,refund,CHENNAI,0
9801,2024-02-23 18:14:35.514809,166289.48,113,purchase,CHENNAI,0
2051,2023-11-08 17:24:35.472627,306725.1,42,purchase,PUNE,0
35846,2024-05-16 02:29:35.654033,161749.5,628,purchase,PUNE,0
65956,2024-09-11 09:15:35.855031,356475.9,268,purchase,CHENNAI,0
86141,2024-09-14 06:22:35.961897,378438.22,548,transfer,CHENNAI,0
94234,2024-03-05 23:37:36.002927,8704.58,806,refund,CHENNAI,0
67768,2024-01-23 09:34:35.864432,319151.25,75,purchase,HYDERABAD,1
76484,2023-12-20 22:37:35.921205,205423.35,913,purchase,HYDERABAD,1
57252,2024-04-06 18:03:35.813866,16915.8,416,refund,KOLKATA,0
32413,2023-10-28 12:48:35.623611,174915.68,336,purchase,PUNE,0
34276,2024-02-24 14:43:35.635648,372881.85,738,transfer,SURAT,0
96818,2024-04-24 08:46:36.013979,110870.1,101,purchase,BENGALURU,0
69033,2024-03-28 20:59:35.882257,15363.15,141,refund,SURAT,0
96979,2023-10-22 23:06:36.014643,293711.55,668,purchase,KOLKATA,0
91551,2024-01-01 19:53:35.991194,99461.17,293,refund,HYDERABAD,0
62961,2024-07-22 03:31:35.842202,36231.52,171,refund,BENGALURU,0
50442,2024-06-21 02:05:35.752577,107547.82,974,purchase,KOLKATA,0
20483,2024-08-23 00:14:35.560646,59697.0,414,refund,SURAT,0
66483,2023-11-12 11:51:35.857637,320669.25,250,purchase,BENGALURU,1
8629,2024-05-10 09:52:35.509851,170560.5,473,purchase,JAIPUR,0
52568,2024-04-29 07:31:35.766621,276092.85,652,purchase,PUNE,0
74846,2024-03-14 17:28:35.913610,303274.12,325,purchase,JAIPUR,0
38884,2024-07-13 07:10:35.681959,270783.15,131,purchase,SURAT,0
79576,2023-11-17 08:16:35.936605,302883.9,488,purchase,HYDERABAD,0
67309,2024-04-15 15:56:35.861074,366023.62,180,purchase,DELHI,1
3459,2024-09-28 14:01:35.487255,321909.22,669,purchase,DELHI,1
83535,2024-03-13 08:50:35.952187,19656.45,325,refund,JAIPUR,0
74124,2024-04-21 02:24:35.910101,401914.42,512,transfer,AHMEDABAD,0
44972,2023-11-09 22:43:35.718019,116391.82,26,purchase,DELHI,0
99802,2024-01-04 01:21:36.026799,33553.57,379,refund,JAIPUR,0
55160,2024-03-29 12:52:35.799730,36087.15,26,refund,BENGALURU,0
77887,2023-12-15 18:49:35.928248,212408.62,613,purchase,AHMEDABAD,0
82264,2024-07-19 15:10:35.947211,18725.85,489,refund,AHMEDABAD,0
77720,2024-08-29 06:51:35.927377,329435.7,599,purchase,JAIPUR,0
37813,2024-06-23 04:43:35.666703,322182.3,477,cash_out,PUNE,0
4984,2024-09-07 07:58:35.494112,104333.63,878,purchase,JAIPUR,0
96429,2024-04-06 16:48:36.012261,172734.38,289,purchase,AHMEDABAD,0
65645,2023-11-11 02:02:35.853422,143147.4,272,purchase,JAIPUR,0
71581,2023-11-27 16:48:35.896347,48324.38,539,refund,DELHI,0
70571,2024-01-13 06:51:35.890793,228330.3,544,purchase,DELHI,0
91837,2024-03-08 17:00:35.992244,256448.78,877,purchase,BENGALURU,0
20517,2024-03-01 11:46:35.560760,257173.12,871,purchase,CHENNAI,0
9906,2024-09-02 14:16:35.515320,316906.42,833,purchase,CHENNAI,0
84113,2024-03-27 02:59:35.954311,362807.78,363,cash_out,PUNE,0
96757,2024-10-17 00:19:36.013700,49930.65,980,refund,CHENNAI,0
46325,2024-09-28 13:13:35.726433,211487.92,155,purchase,PUNE,0
78555,2023-12-23 04:14:35.931686,218445.98,152,purchase,CHENNAI,0
66661,2023-12-17 10:37:35.858566,337895.25,109,purchase,KOLKATA,0
49473,2024-03-30 11:57:35.746704,343215.68,476,purchase,DELHI,1
71460,2024-03-19 14:28:35.895717,128003.7,352,purchase,MUMBAI,0
62378,2024-01-18 07:48:35.839792,278006.03,684,purchase,PUNE,0
74483,2024-06-28 04:28:35.912045,9011.48,722,refund,PUNE,0
84777,2024-08-19 05:31:35.956718,383266.95,251,transfer,HYDERABAD,1
68448,2024-06-16 21:08:35.868890,309987.97,161,purchase,KOLKATA,0
7897,2024-01-12 04:14:35.506816,131616.38,25,purchase,HYDERABAD,0
87812,2024-10-19 17:13:35.968187,105570.3,782,purchase,PUNE,0
8947,2024-08-06 23:27:35.511168,14998.5,340,refund,KOLKATA,0
44405,2024-09-15 13:04:35.714325,368789.02,396,purchase,AHMEDABAD,0
52718,2024-09-05 06:13:35.767606,394725.38,904,transfer,MUMBAI,1
60402,2024-08-08 07:37:35.829690,135846.15,644,purchase,JAIPUR,0
16394,2024-09-27 01:02:35.542550,93743.92,245,refund,KOLKATA,0
5110,2023-10-31 03:43:35.494651,289378.65,197,purchase,PUNE,0
2023,2024-06-19 22:34:35.472533,63178.5,887,refund,MUMBAI,0
91405,2024-01-13 09:30:35.990664,214799.48,630,purchase,PUNE,0
3840,2024-03-15 04:44:35.488977,365336.4,771,cash_out,HYDERABAD,1
54122,2024-01-03 19:34:35.792900,245874.75,391,purchase,AHMEDABAD,0
13976,2024-03-25 21:20:35.532110,333161.4,93,purchase,MUMBAI,1
24106,2024-10-03 16:21:35.584474,176422.12,986,purchase,MUMBAI,0
70155,2023-10-26 22:44:35.888615,147492.67,916,purchase,MUMBAI,0
91971,2024-10-14 22:08:35.992969,181179.08,268,purchase,SURAT,0
6735,2024-08-29 07:28:35.501893,266010.52,113,purchase,AHMEDABAD,0
38243,2024-01-13 06:27:35.669584,334774.27,761,purchase,AHMEDABAD,0
22848,2023-12-05 18:56:35.571580,271445.62,412,purchase,BENGALURU,0
99788,2024-06-07 10:46:36.026752,9918.15,841,refund,BENGALURU,0
80725,2024-10-19 14:51:35.941681,248680.58,992,purchase,HYDERABAD,0
27122,2024-04-09 05:11:35.598021,405030.45,121,transfer,JAIPUR,0
84380,2024-07-01 14:41:35.955287,93751.35,503,refund,JAIPUR,0
5506,2024-10-03 19:18:35.496259,335064.68,131,purchase,AHMEDABAD,0
58382,2024-01-22 19:36:35.822110,146034.9,62,purchase,SURAT,0
94712,2024-10-02 19:55:36.004962,67313.4,668,refund,CHENNAI,0
85383,2024-04-29 17:49:35.959053,322885.2,324,purchase,AHMEDABAD,0
69805,2024-02-16 19:52:35.886772,248659.13,478,purchase,AHMEDABAD,0
17025,2024-09-30 05:55:35.545698,372450.38,822,transfer,JAIPUR,0
71131,2024-02-01 01:18:35.893922,198509.02,734,purchase,DELHI,0
2976,2024-04-04 22:49:35.485061,82076.77,827,refund,AHMEDABAD,0
67276,2024-08-30 13:21:35.860964,211761.0,328,purchase,AHMEDABAD,0
77033,2024-02-18 09:44:35.923715,56572.72,545,refund,AHMEDABAD,0
37700,2023-12-25 18:46:35.665950,86493.0,710,refund,BENGALURU,0
63343,2023-11-12 07:19:35.843777,105475.42,647,purchase,CHENNAI,0
52852,2024-04-17 13:02:35.770130,91831.58,254,refund,CHENNAI,0
84549,2024-05-02 20:18:35.955916,119499.6,986,purchase,CHENNAI,0
35595,2024-08-02 00:15:35.651179,191227.58,804,purchase,PUNE,0
17645,2024-05-05 15:48:35.548332,7935.68,522,refund,SURAT,0
40451,2024-05-09 08:46:35.690740,345198.98,596,purchase,PUNE,0
1625,2024-10-12 07:33:35.470859,392816.32,561,transfer,AHMEDABAD,0
53298,2024-02-17 20:50:35.787503,222166.72,520,purchase,KOLKATA,0
53962,2024-05-24 08:10:35.791875,20953.35,701,refund,KOLKATA,0
79032,2024-05-07 13:46:35.933798,375655.5,101,transfer,AHMEDABAD,0
10141,2024-02-20 04:43:35.516332,173516.48,844,purchase,KOLKATA,0
33134,2023-11-01 16:21:35.628024,403579.28,914,transfer,MUMBAI,1
46172,2024-02-24 02:17:35.725401,34520.48,332,refund,JAIPUR,0
66059,2024-05-11 09:40:35.855583,195610.8,560,purchase,JAIPUR,0
50906,2024-01-24 00:12:35.755477,98291.33,960,refund,AHMEDABAD,0
75705,2024-07-20 14:34:35.917971,250437.0,180,purchase,BENGALURU,0
24926,2024-02-13 17:21:35.587984,33079.2,271,refund,HYDERABAD,0
22282,2024-09-18 20:08:35.568101,192807.45,291,purchase,BENGALURU,0
82175,2024-10-02 03:59:35.946898,48515.78,687,refund,KOLKATA,0
43463,2024-01-06 00:52:35.708513,89061.22,814,refund,CHENNAI,0
23996,2024-02-04 17:32:35.584091,236929.28,208,purchase,SURAT,0
65473,2024-06-30 07:09:35.852591,94787.55,873,refund,PUNE,0
35094,2024-01-19 11:21:35.647680,213684.08,52,purchase,KOLKATA,0
30554,2024-02-11 23:01:35.611433,75201.22,304,refund,JAIPUR,0
76744,2024-02-12 15:47:35.922376,299834.7,820,purchase,BENGALURU,0
42293,2023-12-27 20:35:35.701145,199141.8,473,purchase,MUMBAI,0
6292,2024-05-03 23:00:35.499893,122021.62,852,purchase,PUNE,0
93912,2024-07-15 18:22:36.001484,109021.28,473,purchase,HYDERABAD,0
32642,2024-09-18 07:52:35.624921,181376.25,595,purchase,SURAT,0
18899,2024-05-04 19:30:35.553535,242399.85,361,purchase,AHMEDABAD,0
10207,2024-02-06 13:56:35.516588,110085.52,505,purchase,CHENNAI,0
18327,2024-09-21 11:59:35.551074,232611.22,390,purchase,CHENNAI,0
56415,2024-09-05 15:19:35.808314,292901.4,721,purchase,CHENNAI,0
89443,2023-10-28 01:55:35.983489,220611.6,850,purchase,MUMBAI,0
89115,2024-09-22 23:38:35.973399,20217.45,655,refund,HYDERABAD,0
58006,2023-12-30 15:15:35.820080,317827.12,374,purchase,PUNE,0
51335,2024-07-16 01:53:35.758466,302616.6,16,purchase,MUMBAI,1
6514,2024-02-24 07:38:35.500855,149312.62,578,purchase,MUMBAI,0
81448,2024-09-06 11:06:35.944363,179468.02,342,purchase,SURAT,0
41326,2023-12-14 21:58:35.695517,305972.7,375,purchase,DELHI,0
35614,2024-06-20 05:06:35.651304,73448.1,545,refund,AHMEDABAD,0
45654,2024-06-29 17:30:35.721983,297438.9,284,purchase,PUNE,0
72215,2024-01-01 06:25:35.899855,243577.95,418,purchase,JAIPUR,0
34942,2024-08-11 23:41:35.646680,303555.45,971,purchase,SURAT,0
53650,2024-03-08 15:56:35.789866,106934.85,950,purchase,AHMEDABAD,0
22467,2023-12-26 15:29:35.569328,136604.32,742,purchase,KOLKATA,0
69009,2024-08-01 01:44:35.882097,17721.82,853,refund,CHENNAI,0
87012,2024-02-20 16:40:35.965004,69421.28,930,refund,AHMEDABAD,0
22739,2024-04-04 00:14:35.571114,317143.2,474,cash_out,PUNE,0
82812,2023-11-15 03:38:35.949260,40405.2,267,refund,HYDERABAD,0
39131,2024-07-27 19:09:35.683621,407245.58,357,transfer,MUMBAI,1
83744,2024-03-26 00:04:35.952942,86601.08,100,refund,JAIPUR,0
79047,2024-04-28 21:58:35.933851,312633.75,527,purchase,AHMEDABAD,0
20756,2023-12-31 08:12:35.561627,99405.9,779,refund,SURAT,0
85236,2024-09-11 16:59:35.958551,271382.1,884,purchase,KOLKATA,0
61403,2023-10-24 05:23:35.835882,70248.75,991,refund,AHMEDABAD,0
26650,2024-08-22 12:12:35.596066,358210.05,885,purchase,PUNE,0
12143,2024-06-26 08:13:35.524697,314701.2,695,purchase,DELHI,1
89537,2024-01-05 09:40:35.983849,241397.48,791,purchase,JAIPUR,0
2494,2023-10-30 10:41:35.482755,108150.08,772,purchase,HYDERABAD,0
37517,2024-07-21 17:39:35.664651,6448.2,715,refund,SURAT,0
96782,2024-02-23 13:22:36.013814,365687.02,511,purchase,AHMEDABAD,0
7394,2024-10-11 03:18:35.504663,235876.58,335,purchase,BENGALURU,0
68628,2024-02-08 09:10:35.870001,205821.0,102,purchase,BENGALURU,0
38674,2024-04-10 00:37:35.672472,161927.7,95,purchase,AHMEDABAD,0
35315,2024-01-31 07:55:35.649149,121307.18,812,purchase,KOLKATA,0
49887,2023-12-12 20:07:35.749436,198207.9,673,purchase,BENGALURU,0
85031,2023-12-30 08:14:35.957700,317992.12,547,purchase,JAIPUR,0
37919,2024-09-22 10:47:35.667417,203968.05,658,purchase,HYDERABAD,0
64847,2024-09-20 04:14:35.849769,258583.88,887,purchase,SURAT,0
28508,2023-11-21 21:01:35.603563,45260.32,194,refund,HYDERABAD,0
6840,2023-12-05 07:29:35.502396,66707.85,913,refund,KOLKATA,0
44487,2024-03-30 17:16:35.714860,90410.92,672,refund,HYDERABAD,0
40237,2024-07-25 04:41:35.689441,146383.05,488,purchase,AHMEDABAD,0
38944,2024-06-22 22:10:35.682282,257503.95,520,purchase,KOLKATA,0
48941,2023-12-11 03:30:35.743156,353547.98,1000,cash_out,BENGALURU,1
18661,2024-10-09 05:57:35.552492,76286.92,935,refund,SURAT,0
58428,2024-09-25 21:14:35.822263,300404.78,342,purchase,KOLKATA,0
93568,2024-10-11 09:18:36.000023,356345.55,248,purchase,SURAT,1
67302,2024-04-16 09:00:35.861051,91067.62,210,refund,KOLKATA,0
24371,2024-08-14 11:04:35.585665,12736.35,597,refund,CHENNAI,0
46812,2024-02-24 14:51:35.729447,352784.85,205,purchase,JAIPUR,0
56625,2023-12-20 04:18:35.809749,282072.45,554,purchase,HYDERABAD,0
61734,2024-10-11 01:48:35.837575,189809.4,705,purchase,CHENNAI,0
32293,2024-02-03 21:35:35.622934,401408.7,428,transfer,HYDERABAD,1
43018,2024-02-20 21:23:35.705698,98180.78,466,refund,HYDERABAD,0
87583,2024-06-12 02:12:35.967120,357267.08,495,cash_out,AHMEDABAD,0
30721,2024-05-11 12:04:35.612092,247029.75,930,purchase,AHMEDABAD,0
20513,2024-10-02 03:29:35.560746,204477.9,135,purchase,AHMEDABAD,0
8582,2023-10-22 01:28:35.509644,185876.63,471,purchase,AHMEDABAD,0
20082,2023-12-04 04:03:35.559250,300892.35,404,purchase,PUNE,0
90805,2024-07-31 09:18:35.988406,313174.95,138,purchase,CHENNAI,0
77642,2024-04-28 19:25:35.926878,347316.75,851,purchase,JAIPUR,0
48292,2024-08-14 15:19:35.738908,216681.3,452,purchase,CHENNAI,0
80215,2024-04-09 01:11:35.939641,46482.15,791,refund,HYDERABAD,0
51901,2024-02-11 13:53:35.762236,277243.73,213,purchase,CHENNAI,0
23442,2023-11-22 03:58:35.581730,261762.6,826,purchase,MUMBAI,0
75049,2024-05-21 18:37:35.914716,195791.48,966,purchase,BENGALURU,0
92014,2024-05-11 14:56:35.993142,320324.4,750,purchase,PUNE,0
60100,2024-06-30 04:26:35.828612,400113.45,724,transfer,KOLKATA,0
73653,2024-07-17 18:12:35.907592,129924.3,118,purchase,DELHI,0
13876,2024-10-20 09:50:35.531688,34153.35,864,refund,PUNE,0
32994,2024-09-16 20:52:35.627093,364453.65,317,purchase,CHENNAI,0
30628,2024-04-26 14:04:35.611731,44922.9,256,refund,MUMBAI,0
55124,2024-02-05 13:39:35.799488,41426.55,444,refund,CHENNAI,0
11260,2024-10-10 22:37:35.520911,80623.12,434,refund,SURAT,0
26786,2024-03-14 16:52:35.596741,261163.65,780,purchase,AHMEDABAD,0
69571,2024-04-30 10:54:35.885418,261653.7,841,purchase,DELHI,0
67992,2023-12-06 22:12:35.865977,43291.05,641,refund,CHENNAI,0
29385,2024-01-19 08:37:35.607000,193637.4,724,purchase,BENGALURU,0
78076,2024-09-27 14:21:35.929139,280123.8,448,purchase,DELHI,0
44485,2024-07-12 20:58:35.714847,286821.98,62,purchase,HYDERABAD,0
37476,2023-12-22 01:19:35.664376,102028.58,88,refund,CHENNAI,0
71298,2023-11-18 18:08:35.894851,247219.5,223,purchase,BENGALURU,0
87143,2024-02-22 19:18:35.965440,315527.85,350,purchase,JAIPUR,0
6989,2023-11-17 09:39:35.502941,369256.8,492,purchase,DELHI,1
7712,2024-07-28 05:33:35.506063,303241.12,351,purchase,DELHI,0
90603,2024-02-08 00:04:35.987693,395672.48,17,transfer,MUMBAI,1
28666,2024-04-09 02:48:35.604215,229760.85,848,purchase,MUMBAI,0
41108,2023-11-24 19:48:35.694362,205537.2,654,purchase,MUMBAI,0
45088,2024-02-03 10:15:35.718727,95072.18,740,refund,DELHI,0
86755,2024-04-24 02:01:35.964085,220635.52,579,purchase,DELHI,0
28984,2024-08-08 23:32:35.605396,255364.72,285,purchase,AHMEDABAD,0
3649,2024-03-26 02:44:35.488099,49743.38,193,refund,DELHI,0
38461,2024-06-26 07:43:35.671044,162097.65,388,purchase,CHENNAI,0
25281,2024-02-01 05:52:35.589519,407122.65,186,transfer,KOLKATA,0
42546,2023-12-10 22:53:35.702749,286529.1,578,purchase,KOLKATA,0
42189,2024-03-06 19:09:35.700476,343566.3,54,purchase,HYDERABAD,1
6332,2023-12-02 18:25:35.500081,146655.3,675,purchase,KOLKATA,0
41355,2024-07-18 10:26:35.695674,265557.6,279,purchase,DELHI,0
96159,2024-09-28 22:56:36.011145,397400.02,106,transfer,MUMBAI,1
22103,2023-11-17 12:57:35.567159,400345.28,780,transfer,AHMEDABAD,0
76543,2024-08-10 03:10:35.921451,310347.68,983,cash_out,MUMBAI,0
65052,2024-01-16 12:55:35.850636,318596.03,724,purchase,SURAT,0
93396,2024-03-31 02:03:35.999315,129655.35,572,purchase,JAIPUR,0
85016,2024-10-14 18:06:35.957617,78068.1,901,refund,CHENNAI,0
15474,2024-08-23 01:50:35.538667,77089.65,836,refund,BENGALURU,0
97961,2024-01-02 12:18:36.018928,244280.02,266,purchase,KOLKATA,0
60718,2023-12-04 10:49:35.831565,202503.68,50,purchase,CHENNAI,0
5740,2024-02-13 06:31:35.497233,353099.18,957,purchase,SURAT,0
5287,2023-12-16 12:39:35.495365,86495.48,737,refund,DELHI,0
31448,2024-07-21 04:59:35.617381,84651.6,637,refund,MUMBAI,0
7035,2024-09-21 12:26:35.503118,133436.33,576,purchase,BENGALURU,0
68159,2024-08-17 05:50:35.867084,61341.22,199,refund,MUMBAI,0
87928,2024-09-02 11:40:35.968584,333776.03,649,purchase,CHENNAI,0
52837,2024-05-28 03:11:35.770065,205317.75,648,purchase,AHMEDABAD,0
49195,2024-05-02 23:09:35.744821,212477.1,518,purchase,PUNE,0
23553,2024-03-30 14:10:35.582126,289356.38,27,purchase,JAIPUR,0
95638,2024-03-18 23:17:36.008927,68658.98,745,refund,DELHI,0
19544,2024-03-30 23:16:35.556827,112317.98,900,purchase,JAIPUR,0
14131,2024-09-02 14:30:35.532709,79897.95,736,refund,JAIPUR,0
87958,2024-09-10 01:10:35.968683,57707.1,801,refund,HYDERABAD,0
68575,2024-04-20 06:09:35.869685,242130.08,636,purchase,BENGALURU,0
61094,2024-09-14 17:32:35.833951,152100.3,971,purchase,KOLKATA,0
8243,2024-06-28 23:36:35.508293,201151.5,902,purchase,AHMEDABAD,0
58192,2024-09-03 07:10:35.821326,232128.6,987,purchase,HYDERABAD,0
9305,2024-03-27 10:03:35.512646,326869.95,856,purchase,BENGALURU,1
36521,2024-08-15 08:33:35.658386,333227.4,106,purchase,HYDERABAD,1
58604,2023-11-13 08:10:35.822850,331107.97,505,purchase,KOLKATA,0
45573,2024-05-22 22:11:35.721482,124292.02,616,purchase,SURAT,0
91396,2024-09-18 20:21:35.990634,28502.92,76,refund,JAIPUR,0
95993,2024-07-30 09:26:36.010399,288635.32,209,purchase,JAIPUR,0
24973,2024-09-11 03:12:35.588177,198697.12,7,purchase,MUMBAI,0
5860,2024-03-20 14:25:35.497846,380109.68,977,transfer,DELHI,1
54232,2023-12-23 08:54:35.793722,91084.12,599,refund,AHMEDABAD,0
74757,2024-03-19 17:32:35.913181,359459.1,589,purchase,SURAT,0
62360,2024-02-12 14:04:35.839730,120789.08,141,purchase,DELHI,0
92366,2024-04-27 22:31:35.994961,296988.45,29,purchase,MUMBAI,1
15050,2024-05-19 15:55:35.536569,44995.5,983,refund,MUMBAI,0
56639,2024-03-14 11:03:35.809835,211491.22,191,purchase,BENGALURU,0
26067,2024-09-12 00:17:35.593693,392751.15,646,transfer,HYDERABAD,1
25183,2024-02-06 07:55:35.589018,235974.75,864,purchase,KOLKATA,0
57201,2024-01-01 23:09:35.813480,359045.78,532,cash_out,BENGALURU,1
65076,2024-01-10 14:24:35.850743,118213.42,696,purchase,KOLKATA,0
64599,2024-01-22 12:55:35.848732,133043.62,59,purchase,KOLKATA,0
38542,2024-04-11 21:33:35.671593,285371.62,311,purchase,CHENNAI,0
85403,2024-06-06 14:24:35.959119,54754.42,719,refund,AHMEDABAD,0
47962,2023-12-25 21:49:35.737032,77967.45,426,refund,HYDERABAD,0
38716,2024-02-25 15:58:35.672751,74490.08,247,refund,HYDERABAD,0
84943,2024-06-26 16:22:35.957309,152369.25,62,purchase,MUMBAI,1
35417,2024-03-13 23:05:35.649997,90590.78,623,refund,JAIPUR,0
43461,2023-12-29 19:05:35.708496,95511.08,764,refund,DELHI,0
2598,2024-06-24 10:43:35.483381,386087.63,126,transfer,HYDERABAD,1
3586,2024-04-18 16:31:35.487838,207632.7,485,purchase,BENGALURU,0
81042,2024-04-29 00:09:35.942838,258747.22,380,purchase,SURAT,0
42245,2024-07-28 11:46:35.700836,321713.7,794,purchase,JAIPUR,0
58390,2024-08-08 15:05:35.822137,401583.6,414,transfer,CHENNAI,0
89886,2024-10-04 18:07:35.985132,136314.75,740,purchase,DELHI,0
66720,2024-05-17 01:33:35.858799,27806.62,854,refund,MUMBAI,0
46465,2024-03-06 14:47:35.727233,127294.2,926,purchase,KOLKATA,0
82608,2024-05-27 21:02:35.948401,385653.68,326,transfer,HYDERABAD,1
11544,2024-08-11 13:01:35.522110,211970.55,498,purchase,HYDERABAD,0
18926,2024-07-20 01:25:35.553675,58627.8,583,refund,PUNE,0
78794,2024-01-16 07:00:35.932641,258734.02,516,purchase,JAIPUR,0
32692,2024-05-10 17:57:35.625224,149975.1,536,purchase,PUNE,0
79535,2024-04-27 22:34:35.936468,136832.02,61,purchase,DELHI,0
14661,2023-12-10 10:28:35.534905,79557.23,461,refund,AHMEDABAD,0
44428,2024-01-08 11:29:35.714474,291358.65,99,purchase,AHMEDABAD,0
59053,2024-04-19 15:59:35.824355,196528.2,914,purchase,KOLKATA,0
20592,2023-11-10 08:51:35.561012,198810.15,640,purchase,BENGALURU,0
28934,2024-03-29 09:53:35.605208,32036.4,852,refund,BENGALURU,0
60683,2024-10-11 05:12:35.831345,242837.1,974,purchase,MUMBAI,0
56428,2024-08-10 09:12:35.808397,108577.42,299,purchase,KOLKATA,0
44135,2024-10-01 14:40:35.712811,9341.48,29,refund,PUNE,0
34920,2023-12-17 23:03:35.646535,71186.77,247,refund,DELHI,0
94616,2024-01-06 11:17:36.004603,27165.6,955,refund,KOLKATA,0
73395,2024-04-07 16:36:35.906321,351731.32,548,purchase,MUMBAI,1
33316,2024-02-11 19:08:35.629222,351895.5,213,purchase,AHMEDABAD,0
37570,2024-01-28 13:34:35.665003,178142.25,493,purchase,PUNE,0
34966,2024-03-31 10:28:35.646843,408121.72,441,transfer,KOLKATA,0
35281,2023-12-24 11:07:35.648922,104135.62,20,purchase,HYDERABAD,0
92223,2024-10-09 07:34:35.994174,177564.75,796,purchase,AHMEDABAD,0
62665,2024-05-22 09:25:35.840769,280837.42,169,purchase,JAIPUR,0
95074,2024-08-09 16:00:36.006565,262396.2,174,purchase,DELHI,0
26363,2024-09-11 04:33:35.594891,411620.55,280,transfer,PUNE,0
67812,2024-01-24 07:40:35.864723,407497.2,952,transfer,MUMBAI,1
27310,2023-11-19 17:52:35.598731,358242.22,464,purchase,BENGALURU,1
2192,2024-01-10 14:41:35.473111,338552.78,742,purchase,DELHI,1
78810,2024-05-06 05:01:35.932694,133206.98,251,purchase,AHMEDABAD,0
83143,2024-07-15 16:43:35.950556,74990.03,719,refund,AHMEDABAD,0
82414,2023-11-30 21:15:35.947716,245379.75,179,purchase,SURAT,0
83445,2024-09-22 08:59:35.951869,244035.0,539,purchase,PUNE,0
27578,2024-04-20 21:15:35.599746,108783.67,659,purchase,KOLKATA,0
47158,2024-05-12 09:31:35.731753,283133.4,346,purchase,PUNE,0
30947,2024-09-22 23:28:35.613853,121049.78,366,purchase,DELHI,0
60037,2023-12-18 05:06:35.828391,219334.5,921,purchase,SURAT,0
16937,2024-02-11 03:00:35.545311,344393.78,300,cash_out,PUNE,0
76070,2024-05-11 04:18:35.919503,262016.7,903,purchase,CHENNAI,0
8135,2024-07-10 12:53:35.507854,258111.98,285,purchase,PUNE,0
22938,2024-09-30 18:52:35.571899,39135.52,590,refund,DELHI,0
69383,2024-04-15 17:03:35.884370,333932.78,56,purchase,MUMBAI,0
43560,2024-10-16 04:16:35.709144,203222.25,670,purchase,KOLKATA,0
35004,2024-03-05 22:07:35.647093,82238.48,562,refund,PUNE,0
86584,2024-09-14 19:11:35.963440,335822.85,574,purchase,HYDERABAD,1
90659,2024-08-23 15:09:35.987916,134346.3,239,purchase,HYDERABAD,0
15393,2024-08-08 22:54:35.538332,15522.38,307,refund,MUMBAI,0
5197,2024-04-23 02:50:35.494999,331205.32,803,cash_out,BENGALURU,1
4602,2023-12-23 14:13:35.492376,24653.48,481,refund,BENGALURU,0
26648,2023-12-06 06:00:35.596055,402457.28,453,transfer,AHMEDABAD,0
9432,2024-06-11 07:33:35.513188,10422.22,656,refund,BENGALURU,0
43088,2023-12-04 08:30:35.706139,199249.05,680,purchase,PUNE,0
90768,2024-04-12 04:33:35.988278,20177.02,863,refund,MUMBAI,0
77474,2024-06-12 11:50:35.926103,339345.6,576,purchase,MUMBAI,0
34112,2023-11-24 05:43:35.634566,137738.7,333,purchase,SURAT,0
48822,2024-08-09 14:42:35.742358,147223.72,904,purchase,SURAT,0
88922,2024-01-02 04:57:35.972741,361359.07,511,cash_out,MUMBAI,1
88550,2024-01-17 23:29:35.971300,119049.98,826,purchase,KOLKATA,0
91445,2024-09-17 08:40:35.990798,411463.8,405,transfer,MUMBAI,1
64522,2024-04-24 20:25:35.848476,175784.4,879,purchase,CHENNAI,0
23665,2023-11-29 15:18:35.582534,314068.42,538,purchase,JAIPUR,0
4857,2024-05-21 06:52:35.493583,307131.0,604,purchase,HYDERABAD,1
75275,2024-03-08 03:32:35.915851,346132.88,176,cash_out,KOLKATA,0
20659,2023-12-19 14:16:35.561245,254183.32,477,purchase,CHENNAI,0
76287,2024-07-31 13:25:35.920439,207086.55,203,purchase,AHMEDABAD,0
33777,2024-02-01 13:49:35.632285,306737.48,369,purchase,JAIPUR,0
15464,2023-10-26 11:56:35.538605,74207.1,548,refund,KOLKATA,0
66217,2024-05-01 18:41:35.856375,261660.3,654,purchase,SURAT,0
46241,2024-06-04 12:14:35.725868,222077.62,688,purchase,MUMBAI,0
67766,2024-07-13 07:37:35.864419,266993.92,149,purchase,HYDERABAD,0
76283,2023-11-23 09:35:35.920426,180456.38,589,purchase,DELHI,0
51343,2024-08-10 10:43:35.758518,12583.72,591,refund,KOLKATA,0
25807,2024-07-23 09:55:35.592144,63576.15,116,refund,HYDERABAD,0
80999,2023-10-31 08:48:35.942685,390111.98,307,transfer,KOLKATA,0
52276,2023-11-18 21:10:35.764705,135353.62,615,purchase,BENGALURU,0
96894,2024-05-18 23:52:36.014311,179585.18,230,purchase,CHENNAI,0
52775,2024-02-05 00:38:35.769823,365392.5,224,cash_out,HYDERABAD,1
43735,2024-08-31 12:13:35.710287,188202.3,370,purchase,AHMEDABAD,0
78179,2024-08-16 03:06:35.929844,72019.2,131,refund,KOLKATA,0
77382,2024-04-03 21:07:35.925736,319438.35,820,purchase,MUMBAI,0
82005,2024-07-04 23:47:35.946304,307931.25,952,purchase,KOLKATA,0
17079,2024-03-29 02:14:35.545966,9394.28,42,refund,BENGALURU,0
84374,2023-10-26 06:33:35.955251,393712.28,810,transfer,PUNE,0
27435,2024-08-16 13:05:35.599214,318320.47,402,purchase,HYDERABAD,1
59076,2024-10-16 22:05:35.824432,332475.0,440,cash_out,JAIPUR,0
7557,2024-08-24 04:49:35.505442,217508.78,488,purchase,BENGALURU,0
39225,2024-07-25 10:12:35.684093,151373.48,438,purchase,PUNE,0
29727,2024-10-20 22:11:35.608395,84767.1,753,refund,PUNE,0
32446,2024-04-16 21:15:35.623799,275841.23,689,purchase,PUNE,0
90200,2024-07-13 17:17:35.986304,145062.22,646,purchase,PUNE,0
62073,2024-06-20 06:55:35.838744,275738.92,824,purchase,HYDERABAD,0
53235,2024-04-07 09:07:35.787086,17151.75,546,refund,AHMEDABAD,1
86162,2023-12-13 01:44:35.961967,30778.28,465,refund,JAIPUR,0
51648,2024-05-01 01:57:35.760535,343457.4,70,cash_out,CHENNAI,0
93484,2023-11-05 18:07:35.999615,49542.08,617,refund,MUMBAI,0
81656,2024-02-11 06:25:35.945090,13987.88,934,refund,DELHI,0
94768,2024-02-23 03:25:36.005202,162001.12,219,purchase,CHENNAI,0
33032,2024-02-06 02:56:35.627343,68528.62,54,refund,CHENNAI,0
9498,2024-07-03 12:57:35.513505,391220.78,756,transfer,DELHI,1
73444,2024-03-15 05:11:35.906556,137033.33,707,purchase,DELHI,0
15717,2024-03-06 21:54:35.539896,40828.42,838,refund,PUNE,0
69973,2023-11-13 11:56:35.887675,347567.55,118,purchase,AHMEDABAD,0
25539,2024-02-13 14:27:35.590596,294999.38,667,purchase,KOLKATA,0
41141,2024-04-05 17:21:35.694530,247974.38,766,purchase,AHMEDABAD,0
1063,2023-11-12 01:21:35.467665,128931.0,893,purchase,SURAT,0
16369,2024-01-08 07:29:35.542404,255423.3,973,purchase,KOLKATA,0
16609,2024-03-07 23:33:35.543974,344732.85,36,cash_out,BENGALURU,0
11103,2024-02-22 02:17:35.520314,157002.45,772,purchase,AHMEDABAD,1
78267,2024-09-09 01:22:35.930228,131822.62,283,purchase,HYDERABAD,0
90111,2024-05-31 03:55:35.985990,218191.05,480,purchase,DELHI,0
72380,2024-04-20 08:50:35.900728,393030.82,628,transfer,PUNE,0
1608,2023-12-06 06:48:35.470768,285163.73,395,purchase,AHMEDABAD,0
82294,2024-06-18 19:27:35.947315,139139.55,633,purchase,MUMBAI,0
79830,2024-04-23 10:31:35.937996,384070.5,889,transfer,PUNE,0
8378,2023-10-27 19:57:35.508848,350623.35,32,purchase,PUNE,0
49401,2024-07-20 22:43:35.746213,102995.48,200,purchase,SURAT,0
16771,2024-07-19 20:26:35.544670,179304.68,824,purchase,PUNE,0
29586,2024-10-13 07:54:35.607906,373831.42,608,transfer,HYDERABAD,1
7442,2024-01-02 07:48:35.504846,341213.4,183,purchase,HYDERABAD,1
48574,2024-09-12 12:05:35.740635,164523.15,181,purchase,KOLKATA,0
77342,2024-02-13 15:11:35.925498,100431.37,527,refund,CHENNAI,1
99064,2023-11-16 01:59:36.023566,70898.85,675,refund,PUNE,0
79022,2023-11-27 02:52:35.933765,81734.4,725,refund,CHENNAI,0
60174,2024-09-06 01:42:35.828860,82699.65,587,refund,MUMBAI,0
10545,2024-09-05 00:50:35.518040,112848.45,397,purchase,HYDERABAD,0
38063,2024-08-13 01:57:35.668371,310409.55,847,cash_out,SURAT,0
50393,2024-08-11 20:37:35.752309,285878.18,340,purchase,SURAT,0
82190,2024-06-30 06:51:35.946947,346071.82,695,purchase,KOLKATA,0
30729,2024-04-22 06:13:35.612119,126824.78,761,purchase,SURAT,0
95739,2024-02-29 05:46:36.009305,356491.57,378,cash_out,JAIPUR,0
50176,2024-01-19 04:37:35.751035,397796.02,196,transfer,MUMBAI,1
17698,2024-05-09 08:44:35.548531,180382.12,163,purchase,JAIPUR,0
5714,2024-01-08 11:43:35.497136,194532.52,301,purchase,JAIPUR,0
90426,2024-02-25 03:17:35.987104,19295.1,344,refund,PUNE,0
2916,2024-10-03 07:40:35.484790,10447.8,769,refund,MUMBAI,0
78149,2024-09-06 12:37:35.929675,132964.43,890,purchase,PUNE,0
33449,2024-02-02 21:15:35.630110,195676.8,192,purchase,JAIPUR,0
22682,2023-12-22 06:44:35.570735,22040.7,705,refund,MUMBAI,0
24907,2024-07-03 10:41:35.587909,49777.2,452,refund,PUNE,0
61906,2024-07-16 21:29:35.838188,60102.08,493,refund,CHENNAI,0
92134,2023-11-24 21:09:35.993808,396296.18,380,transfer,KOLKATA,0
40537,2024-04-04 13:49:35.691184,294869.03,192,purchase,KOLKATA,0
21244,2024-02-03 08:55:35.563479,209510.4,168,purchase,MUMBAI,0
11704,2023-10-23 09:29:35.522773,325662.97,12,purchase,KOLKATA,0
974,2023-11-11 05:17:35.467313,59823.22,353,refund,CHENNAI,0
9568,2024-09-10 07:42:35.513876,314809.27,987,purchase,DELHI,0
58563,2024-07-04 12:24:35.822714,356846.32,501,purchase,DELHI,1
75593,2024-03-09 14:23:35.917431,215061.0,777,purchase,HYDERABAD,0
17947,2024-02-04 12:25:35.549506,385873.95,307,transfer,DELHI,1
63593,2024-05-25 23:52:35.844696,198495.0,981,purchase,HYDERABAD,0
92093,2023-12-03 16:31:35.993580,260205.82,899,purchase,HYDERABAD,0
57573,2024-10-03 23:40:35.815923,292155.6,449,purchase,BENGALURU,1
54805,2024-02-10 20:43:35.797385,249630.15,591,purchase,HYDERABAD,0
24135,2024-04-19 09:14:35.584583,52771.12,163,refund,DELHI,0
17384,2024-09-09 04:12:35.547338,239845.65,614,purchase,AHMEDABAD,0
51688,2023-11-12 13:05:35.760805,87115.05,204,refund,MUMBAI,0
27645,2024-04-10 15:41:35.600099,247270.65,705,purchase,CHENNAI,0
96413,2023-12-21 05:37:36.012205,284247.15,788,purchase,BENGALURU,0
29672,2024-05-10 22:04:35.608207,391592.85,404,transfer,AHMEDABAD,0
78924,2024-03-14 20:21:35.933201,184908.9,543,purchase,DELHI,0
31713,2024-03-29 00:49:35.619141,180547.12,754,purchase,BENGALURU,0
47939,2024-03-19 16:29:35.736894,310813.8,73,purchase,BENGALURU,0
42264,2024-05-06 08:29:35.700958,226300.8,835,purchase,CHENNAI,0
60058,2024-07-06 01:39:35.828468,294230.47,652,purchase,SURAT,0
53842,2024-05-23 14:17:35.791082,257233.35,623,purchase,AHMEDABAD,0
98723,2024-09-13 00:30:36.022130,174028.8,256,purchase,CHENNAI,0
69503,2024-03-07 14:46:35.885034,55215.6,449,refund,CHENNAI,0
57845,2024-04-28 07:40:35.819051,255596.55,696,purchase,SURAT,0
7471,2023-11-21 18:01:35.505065,93003.9,774,refund,AHMEDABAD,0
95533,2024-03-13 04:00:36.008462,299640.82,729,purchase,BENGALURU,0
26529,2024-01-14 02:52:35.595646,225275.32,552,purchase,SURAT,0
25528,2024-02-24 22:00:35.590559,399316.5,533,transfer,SURAT,0
52221,2023-11-28 17:57:35.764342,236869.05,715,purchase,SURAT,0
7097,2024-03-26 18:58:35.503458,15415.12,886,refund,SURAT,0
40970,2023-12-10 11:39:35.693521,382328.92,654,transfer,DELHI,1
36177,2023-12-28 03:09:35.656229,86528.48,221,refund,BENGALURU,0
26725,2023-12-16 00:43:35.596486,206546.18,706,purchase,HYDERABAD,0
68821,2024-07-09 20:26:35.871262,308319.0,429,purchase,KOLKATA,0
30474,2024-09-16 13:21:35.611154,211401.3,307,purchase,HYDERABAD,0
52690,2023-11-08 12:12:35.767431,401199.15,157,transfer,KOLKATA,0
85371,2024-06-08 10:21:35.959014,205170.9,733,purchase,CHENNAI,0
57758,2023-10-31 19:48:35.817108,222461.25,908,purchase,PUNE,0
13901,2024-08-05 23:12:35.531781,305998.28,218,purchase,PUNE,0
33385,2024-06-06 23:48:35.629688,36515.33,461,refund,PUNE,0
86927,2024-04-20 00:20:35.964678,101797.58,676,refund,CHENNAI,0
52529,2024-05-22 09:15:35.766367,79826.18,89,refund,DELHI,0
4352,2024-06-16 09:20:35.491355,244056.45,488,purchase,BENGALURU,0
62355,2024-07-18 18:57:35.839714,121150.42,569,purchase,SURAT,0
64491,2024-10-03 11:59:35.848306,339868.65,335,purchase,KOLKATA,0
16749,2024-03-11 19:16:35.544594,325526.03,870,purchase,HYDERABAD,1
16864,2024-02-16 14:37:35.545009,364812.52,575,purchase,PUNE,0
8968,2024-04-04 18:02:35.511248,409511.85,142,transfer,SURAT,0
9966,2023-11-23 04:44:35.515568,150937.05,444,purchase,DELHI,0
41316,2024-02-08 06:27:35.695448,231453.75,594,purchase,AHMEDABAD,0
65477,2024-02-19 14:31:35.852615,51455.25,646,refund,MUMBAI,0
51510,2024-10-02 13:03:35.759612,340689.52,392,purchase,DELHI,1
31104,2024-02-18 07:51:35.614903,70564.73,768,refund,KOLKATA,0
50637,2023-10-22 08:34:35.753847,178563.82,518,purchase,CHENNAI,0
72845,2024-09-28 00:29:35.903432,308006.32,368,purchase,JAIPUR,0
51766,2024-05-18 12:26:35.761326,40380.45,378,refund,KOLKATA,0
83190,2023-10-30 13:55:35.950782,318814.65,551,purchase,DELHI,1
64574,2024-04-08 07:23:35.848650,113069.55,292,purchase,PUNE,0
36009,2024-09-21 13:03:35.655119,47068.72,428,refund,HYDERABAD,0
83819,2024-04-12 15:21:35.953209,228655.35,43,purchase,JAIPUR,0
60923,2024-01-28 10:12:35.832867,153022.65,158,purchase,MUMBAI,0
19015,2024-08-08 11:05:35.554210,89392.88,860,refund,KOLKATA,0
15015,2024-06-05 18:19:35.536381,39604.12,773,refund,CHENNAI,0
40658,2024-08-24 08:01:35.691849,190720.2,761,purchase,AHMEDABAD,0
30836,2023-11-25 23:49:35.613061,357185.4,531,cash_out,HYDERABAD,0
64508,2024-07-21 15:24:35.848403,339250.72,273,purchase,KOLKATA,0
34462,2024-05-06 16:08:35.636798,8322.6,764,refund,DELHI,0
34483,2024-01-11 23:11:35.636940,141621.98,992,purchase,KOLKATA,0
53655,2024-02-05 04:45:35.789898,94733.1,706,refund,JAIPUR,0
81766,2023-11-11 01:37:35.945455,230159.32,797,purchase,KOLKATA,0
35923,2024-08-27 12:56:35.654543,193917.08,689,purchase,JAIPUR,0
54223,2024-04-09 21:37:35.793556,204996.0,616,purchase,BENGALURU,0
57835,2023-11-08 21:48:35.818984,57247.58,615,refund,CHENNAI,0
77573,2024-02-21 15:37:35.926574,250524.45,976,purchase,PUNE,0
53452,2024-05-27 02:23:35.788530,329540.47,394,cash_out,AHMEDABAD,0
37848,2024-06-10 00:36:35.666938,103128.3,946,purchase,CHENNAI,0
44764,2024-06-29 01:51:35.716666,282556.72,764,purchase,DELHI,0
28093,2023-11-24 23:28:35.601908,58181.48,932,refund,PUNE,1
89060,2023-12-14 14:25:35.973205,263879.55,971,purchase,MUMBAI,0
71177,2024-06-20 09:39:35.894182,232119.53,140,purchase,KOLKATA,0
73816,2024-04-27 04:57:35.908364,19264.58,769,refund,KOLKATA,0
7466,2024-09-11 03:37:35.505048,105331.88,237,purchase,HYDERABAD,0
43055,2024-10-04 10:33:35.705929,325230.68,121,purchase,KOLKATA,0
75031,2024-04-01 13:32:35.914601,252648.0,157,purchase,PUNE,0
27483,2023-10-27 03:21:35.599374,276785.85,201,purchase,CHENNAI,0
67307,2024-04-24 09:06:35.861067,103929.38,740,purchase,BENGALURU,0
83688,2023-12-13 08:53:35.952755,185039.25,129,purchase,JAIPUR,0
34339,2023-12-02 13:26:35.635991,190032.97,949,purchase,JAIPUR,0
4755,2024-03-07 12:37:35.493055,309895.58,441,purchase,DELHI,1
32014,2024-06-22 01:24:35.621137,356317.5,221,cash_out,PUNE,0
20080,2024-02-25 06:09:35.559243,50010.68,326,refund,KOLKATA,1
27133,2024-04-25 17:34:35.598058,384918.6,780,transfer,SURAT,0
45568,2024-05-29 21:42:35.721453,165874.5,721,purchase,MUMBAI,0
66248,2024-04-02 04:51:35.856522,191352.97,792,purchase,MUMBAI,0
15412,2023-12-18 06:20:35.538394,230950.5,411,purchase,AHMEDABAD,0
67976,2024-08-25 14:02:35.865869,93914.7,118,refund,SURAT,0
18055,2024-02-03 13:30:35.550020,181594.88,831,purchase,HYDERABAD,0
4017,2024-09-30 20:26:35.489782,73312.8,452,refund,BENGALURU,0
49065,2024-02-20 09:55:35.743992,67627.73,104,refund,SURAT,0
43367,2024-05-12 10:54:35.707887,361979.48,765,purchase,JAIPUR,0
34195,2024-03-26 01:59:35.635124,329145.3,543,cash_out,KOLKATA,0
61933,2023-12-17 07:51:35.838277,151514.55,806,purchase,JAIPUR,0
12336,2024-03-08 22:40:35.525473,887.7,633,refund,AHMEDABAD,0
48874,2024-09-29 02:07:35.742707,108357.15,565,purchase,MUMBAI,0
39347,2024-09-24 05:16:35.684719,106291.35,774,purchase,SURAT,0
78882,2024-06-01 00:23:35.932981,380940.45,505,transfer,PUNE,0
27931,2023-10-30 08:35:35.601231,83660.78,302,refund,DELHI,0
6043,2024-06-05 16:49:35.498752,213649.42,142,purchase,JAIPUR,0
70062,2024-01-07 03:41:35.888129,331403.32,419,cash_out,SURAT,0
57442,2024-01-23 03:34:35.815077,247931.48,718,purchase,HYDERABAD,0
60151,2023-11-10 10:45:35.828783,94875.82,62,refund,JAIPUR,0
45880,2024-05-10 19:44:35.723448,381192.08,287,transfer,KOLKATA,0
48805,2024-07-27 22:08:35.742247,134488.2,651,purchase,KOLKATA,0
9880,2024-02-02 20:07:35.515204,343511.02,505,purchase,AHMEDABAD,0
78346,2024-07-19 12:55:35.930613,396931.42,967,transfer,CHENNAI,0
27761,2024-04-20 08:18:35.600596,94548.3,484,refund,BENGALURU,0
834,2023-10-24 16:54:35.466717,120591.08,911,purchase,AHMEDABAD,0
22359,2023-12-16 03:06:35.568613,99787.05,43,refund,KOLKATA,0
22660,2024-05-05 08:13:35.570587,403608.98,542,transfer,MUMBAI,1
72150,2024-10-16 19:31:35.899513,200132.62,314,purchase,CHENNAI,0
41557,2024-01-13 10:59:35.696803,13348.5,310,refund,BENGALURU,0
89987,2024-10-07 02:27:35.985470,199527.08,871,purchase,BENGALURU,0
9517,2024-07-17 13:09:35.513624,128634.82,395,purchase,MUMBAI,0
646,2024-02-26 10:15:35.465971,300310.73,352,purchase,JAIPUR,0
96720,2024-09-16 10:55:36.013459,178207.42,499,purchase,CHENNAI,0
59337,2024-05-04 05:25:35.825307,23414.32,3,refund,PUNE,0
99451,2023-10-31 06:07:36.025193,364320.82,395,purchase,MUMBAI,1
63808,2024-01-15 01:34:35.845726,95566.35,107,refund,CHENNAI,0
21481,2024-05-08 14:56:35.564573,260865.0,735,purchase,DELHI,0
63765,2024-03-17 18:37:35.845468,3852.75,556,refund,PUNE,0
10076,2023-10-31 04:47:35.516052,83371.2,593,refund,JAIPUR,0
62664,2024-07-02 23:37:35.840765,326100.22,235,cash_out,DELHI,0
55795,2023-11-24 07:45:35.804355,43140.08,971,refund,PUNE,0
74197,2024-10-17 19:06:35.910487,254727.82,819,purchase,BENGALURU,0
65622,2023-11-22 02:43:35.853329,301294.95,720,purchase,CHENNAI,0
12876,2023-12-04 19:07:35.527731,28210.88,450,refund,DELHI,0
13792,2024-02-18 16:09:35.531387,162010.2,990,purchase,SURAT,0
72092,2024-08-08 20:27:35.899174,330469.42,918,purchase,BENGALURU,1
64038,2024-06-14 01:53:35.846635,3290.1,781,refund,SURAT,0
6038,2024-01-20 00:34:35.498735,275526.08,726,purchase,HYDERABAD,0
58364,2024-10-02 23:17:35.822049,329420.02,829,cash_out,KOLKATA,0
29509,2024-02-18 15:37:35.607631,44793.38,929,refund,CHENNAI,0
86911,2024-10-03 16:57:35.964625,39228.75,374,refund,SURAT,0
2813,2024-09-05 04:04:35.484356,73546.28,736,refund,PUNE,0
62382,2024-10-14 08:10:35.839805,255824.25,282,purchase,DELHI,0
4828,2023-12-09 21:50:35.493428,53304.08,153,refund,DELHI,0
30669,2023-12-23 23:03:35.611919,346489.28,741,cash_out,CHENNAI,0
11925,2024-04-11 23:14:35.523701,90786.3,469,refund,AHMEDABAD,0
39414,2024-04-12 13:01:35.685075,254019.15,174,purchase,SURAT,0
21189,2024-01-05 15:17:35.563211,351212.4,256,purchase,MUMBAI,1
22053,2023-10-31 16:36:35.566993,400003.72,446,transfer,MUMBAI,1
39143,2024-01-25 18:53:35.683680,272829.98,860,purchase,MUMBAI,0
71827,2023-11-20 10:19:35.897748,362873.78,125,purchase,AHMEDABAD,0
43400,2024-08-21 09:42:35.708105,383690.18,213,transfer,HYDERABAD,1
61530,2024-10-21 05:09:35.836692,289857.97,169,purchase,JAIPUR,0
74077,2024-05-23 04:58:35.909816,311566.2,243,cash_out,DELHI,0
7895,2023-11-05 03:28:35.506809,130189.95,542,purchase,BENGALURU,0
73713,2024-10-08 19:00:35.907801,323147.55,828,purchase,KOLKATA,0
41635,2024-06-21 01:54:35.697237,375771.0,709,transfer,KOLKATA,0
64133,2024-07-23 05:31:35.846990,231169.13,745,purchase,CHENNAI,0
38851,2023-10-27 11:52:35.681774,271628.77,53,purchase,CHENNAI,0
14612,2024-10-19 12:49:35.534694,342283.43,395,purchase,DELHI,1
24226,2024-07-06 04:23:35.584918,224507.25,339,purchase,AHMEDABAD,0
3752,2024-08-28 15:00:35.488619,202664.55,208,purchase,DELHI,0
77413,2024-01-05 20:33:35.925841,60425.48,346,refund,JAIPUR,0
62308,2024-07-29 20:29:35.839537,229670.92,240,purchase,AHMEDABAD,0
20675,2024-03-26 01:42:35.561300,187788.98,706,purchase,PUNE,0
28581,2024-03-13 21:47:35.603831,259236.45,788,purchase,SURAT,0
23270,2024-07-07 17:49:35.573053,396404.25,288,transfer,JAIPUR,0
95801,2024-07-18 05:41:36.009609,346835.78,907,cash_out,KOLKATA,0
85526,2024-09-06 08:41:35.959551,279477.0,42,purchase,BENGALURU,0
61126,2024-09-04 11:28:35.834146,52817.32,803,refund,MUMBAI,0
19627,2024-07-11 05:27:35.557242,313255.8,353,cash_out,SURAT,0
3560,2024-05-02 20:50:35.487713,33356.4,707,refund,CHENNAI,0
73260,2024-10-08 23:13:35.905676,21289.12,871,refund,SURAT,0
21825,2023-12-18 18:48:35.565779,178937.55,963,purchase,DELHI,0
91985,2024-04-06 08:04:35.993025,29759.4,857,refund,BENGALURU,0
51699,2024-02-27 16:44:35.760877,194645.55,244,purchase,MUMBAI,0
48668,2024-05-28 05:20:35.741263,406497.3,488,transfer,BENGALURU,1
20021,2024-03-17 23:24:35.559046,385093.5,861,transfer,SURAT,0
83309,2024-03-02 18:41:35.951201,120044.1,662,purchase,HYDERABAD,0
52089,2024-08-06 01:27:35.763483,144955.8,749,purchase,CHENNAI,0
99120,2024-05-21 21:33:36.023838,328009.27,859,purchase,AHMEDABAD,0
81177,2024-06-09 20:30:35.943289,346733.48,992,purchase,SURAT,0
18797,2024-07-20 05:05:35.553013,327944.92,871,cash_out,BENGALURU,1
95378,2023-12-16 08:41:36.007844,240964.35,557,purchase,JAIPUR,0
26336,2024-02-23 13:20:35.594801,23224.58,801,refund,PUNE,0
80985,2024-06-24 15:52:35.942625,288956.25,851,purchase,PUNE,0
6660,2024-02-12 19:15:35.501521,374929.5,595,transfer,AHMEDABAD,0
52477,2024-07-13 10:16:35.766026,371210.4,894,transfer,AHMEDABAD,0
86468,2023-11-16 23:38:35.963052,144814.72,952,purchase,CHENNAI,0
16999,2024-05-14 07:14:35.545592,222560.25,851,purchase,BENGALURU,0
54940,2024-07-12 16:58:35.798289,189640.28,436,purchase,JAIPUR,0
65632,2024-09-19 13:03:35.853379,384039.98,504,transfer,JAIPUR,0
16050,2024-09-09 00:49:35.541179,357698.55,634,cash_out,JAIPUR,0
77939,2024-06-21 19:23:35.928514,116532.9,39,purchase,PUNE,0
53787,2024-06-19 17:05:35.790733,167201.1,39,purchase,PUNE,0
9004,2024-06-17 10:50:35.511405,237658.58,338,purchase,MUMBAI,0
5440,2023-12-04 01:50:35.495993,367244.62,576,cash_out,HYDERABAD,1
13153,2023-12-04 13:47:35.528814,403656.82,153,transfer,AHMEDABAD,0
2769,2024-08-05 21:11:35.484173,398067.45,412,transfer,JAIPUR,0
71665,2024-03-10 20:02:35.896786,363512.32,192,purchase,BENGALURU,1
8411,2024-03-25 19:55:35.508967,157959.45,241,purchase,KOLKATA,0
41834,2024-02-06 18:48:35.698388,395707.95,262,transfer,MUMBAI,1
16741,2024-01-11 18:04:35.544567,313159.27,247,purchase,KOLKATA,0
48165,2024-05-09 21:41:35.738186,26187.98,702,refund,CHENNAI,0
17508,2024-06-27 23:24:35.547848,41339.1,678,refund,AHMEDABAD,0
78369,2024-05-24 09:24:35.930794,181410.9,477,purchase,KOLKATA,0
50212,2024-09-16 09:52:35.751258,123751.65,412,purchase,JAIPUR,0
87376,2024-07-25 12:35:35.966351,280859.7,279,purchase,MUMBAI,0
32863,2024-03-25 01:24:35.626281,168808.2,666,purchase,DELHI,0
56187,2024-05-25 04:47:35.806853,79562.18,914,refund,KOLKATA,0
90230,2024-04-20 16:11:35.986402,88817.85,264,refund,AHMEDABAD,0
10488,2024-07-08 06:27:35.517804,289358.85,376,purchase,PUNE,0
57653,2023-11-20 09:31:35.816438,307397.48,990,purchase,JAIPUR,0
8346,2024-04-23 15:32:35.508721,309838.65,963,purchase,JAIPUR,0
38036,2023-11-08 18:55:35.668190,246830.92,709,purchase,BENGALURU,0
96704,2024-03-29 11:12:36.013384,306684.68,815,purchase,PUNE,0
33452,2024-03-13 15:24:35.630129,315011.4,207,purchase,JAIPUR,0
7003,2024-09-30 19:40:35.502988,296455.5,628,purchase,KOLKATA,0
2570,2024-06-27 19:47:35.483227,63385.58,520,refund,CHENNAI,0
57028,2024-02-25 22:30:35.812334,309326.32,346,cash_out,SURAT,0
24606,2024-04-02 14:04:35.586557,307260.52,577,purchase,MUMBAI,0
94270,2024-09-17 00:07:36.003093,155305.42,88,purchase,JAIPUR,0
63372,2024-02-16 05:19:35.843876,19741.42,88,refund,DELHI,0
98532,2024-10-02 21:00:36.021322,319284.9,178,purchase,KOLKATA,0
1272,2024-07-04 23:51:35.469065,225312.45,387,purchase,HYDERABAD,0
59753,2024-03-24 06:43:35.827412,19530.22,545,refund,HYDERABAD,0
16854,2023-11-13 22:45:35.544967,170279.18,74,purchase,PUNE,0
47948,2023-12-01 11:10:35.736948,81545.47,40,refund,PUNE,0
28399,2024-02-18 17:50:35.603122,217776.9,608,purchase,MUMBAI,0
1756,2024-08-12 08:33:35.471399,298428.9,496,purchase,BENGALURU,1
85475,2024-04-06 22:55:35.959358,149066.78,733,purchase,KOLKATA,0
26544,2024-09-27 05:22:35.595696,366349.5,510,cash_out,CHENNAI,0
70748,2024-10-04 03:35:35.891720,77711.7,677,refund,MUMBAI,0
93409,2024-05-09 01:35:35.999359,150207.75,698,purchase,MUMBAI,0
42056,2024-09-11 00:35:35.699663,111134.92,437,purchase,AHMEDABAD,0
22514,2023-10-27 19:43:35.569637,191458.58,261,purchase,CHENNAI,0
11995,2024-05-31 03:05:35.524066,96102.6,281,refund,DELHI,0
70387,2023-11-11 11:42:35.889833,119637.38,82,purchase,KOLKATA,0
95231,2023-12-06 06:23:36.007171,81596.62,258,refund,PUNE,0
42677,2024-04-03 13:12:35.703537,98618.85,488,refund,HYDERABAD,0
65931,2024-06-21 17:59:35.854922,269480.47,858,purchase,KOLKATA,0
89529,2024-10-02 14:42:35.983822,60005.55,710,refund,CHENNAI,0
93574,2024-01-05 17:43:36.000049,299258.85,898,purchase,DELHI,0
43205,2023-12-26 12:50:35.706876,289829.1,28,purchase,AHMEDABAD,0
21555,2024-04-22 12:38:35.564836,311036.55,666,purchase,JAIPUR,0
24983,2024-02-12 08:02:35.588211,168510.38,720,purchase,AHMEDABAD,0
50628,2024-04-03 02:34:35.753792,28705.88,415,refund,PUNE,0
39544,2024-01-16 23:32:35.685766,220095.98,308,purchase,SURAT,0
15917,2024-03-07 06:10:35.540633,259406.4,362,purchase,CHENNAI,0
92212,2024-02-12 07:19:35.994121,65919.15,422,refund,HYDERABAD,0
40031,2024-07-30 07:07:35.688359,159400.72,556,purchase,HYDERABAD,0
41884,2024-07-02 18:22:35.698675,167401.57,941,purchase,MUMBAI,0
85412,2024-08-14 11:05:35.959149,223768.05,861,purchase,JAIPUR,0
61938,2023-11-25 01:30:35.838294,137941.65,189,purchase,DELHI,0
27187,2024-04-07 17:14:35.598238,215221.88,574,purchase,AHMEDABAD,0
70646,2024-03-02 15:53:35.891184,237800.47,785,purchase,PUNE,0
59332,2024-05-12 13:53:35.825291,43084.8,867,refund,DELHI,0
75117,2024-05-18 03:24:35.915054,313953.75,285,cash_out,SURAT,0
76820,2024-09-18 06:31:35.922777,346295.4,243,purchase,BENGALURU,0
67699,2024-01-24 01:22:35.863954,290471.77,987,purchase,CHENNAI,0
17174,2024-03-03 18:25:35.546436,404179.05,91,transfer,KOLKATA,0
75379,2024-04-02 04:46:35.916475,167719.2,970,purchase,PUNE,0
66738,2024-07-11 05:17:35.858869,325172.1,990,cash_out,DELHI,1
32433,2024-02-16 21:03:35.623731,227786.63,421,purchase,AHMEDABAD,0
48834,2023-12-29 02:12:35.742438,167581.42,762,purchase,JAIPUR,0
65344,2024-01-16 01:59:35.851903,138021.67,645,purchase,PUNE,0
18704,2024-06-12 22:34:35.552636,263043.0,822,purchase,HYDERABAD,0
49707,2024-01-06 21:17:35.748261,143081.4,285,purchase,MUMBAI,0
49682,2024-06-19 07:37:35.748095,52239.82,883,refund,BENGALURU,0
50003,2024-07-20 01:58:35.750074,99544.5,310,refund,KOLKATA,0
41472,2024-04-07 20:58:35.696332,81504.22,907,refund,PUNE,0
57077,2024-07-01 20:24:35.812658,111004.58,931,purchase,CHENNAI,0
73769,2024-10-09 22:05:35.908101,281291.18,632,purchase,HYDERABAD,0
33473,2024-04-22 19:07:35.630270,25589.85,514,refund,AHMEDABAD,0
33884,2024-06-28 16:02:35.632991,403652.7,320,transfer,SURAT,0
15203,2024-09-21 01:03:35.537378,212971.28,71,purchase,JAIPUR,0
82959,2023-11-04 10:58:35.949786,96354.22,603,refund,KOLKATA,0
48025,2024-03-03 00:39:35.737391,154586.85,139,purchase,PUNE,0
82884,2024-04-24 03:14:35.949503,83971.8,771,refund,PUNE,0
13235,2024-02-26 06:34:35.529150,277981.27,989,purchase,JAIPUR,0
54722,2024-04-13 03:29:35.796853,69540.9,83,refund,MUMBAI,0
77146,2024-03-27 10:58:35.924318,291802.5,642,purchase,KOLKATA,0
32890,2023-10-21 20:37:35.626456,152675.32,76,purchase,DELHI,0
66869,2024-03-13 03:35:35.859512,8084.17,954,refund,DELHI,0
46288,2024-06-19 00:24:35.726187,42768.82,84,refund,DELHI,0
33226,2024-06-13 13:06:35.628629,176873.4,427,purchase,DELHI,0
35894,2024-05-11 12:29:35.654352,283337.18,863,purchase,CHENNAI,0
21310,2024-07-09 21:24:35.563717,10215.15,123,refund,DELHI,0
44939,2024-03-29 19:08:35.717803,336054.68,349,purchase,KOLKATA,0
55771,2024-02-17 09:06:35.804200,253547.25,908,purchase,BENGALURU,0
52342,2024-07-08 03:40:35.765131,35834.7,713,refund,AHMEDABAD,1
5608,2024-02-13 11:35:35.496676,342847.72,827,purchase,PUNE,0
15042,2023-11-06 08:22:35.536518,201606.9,439,purchase,BENGALURU,0
49356,2024-08-08 23:27:35.745914,94784.25,464,refund,DELHI,0
63202,2023-12-12 18:15:35.843253,287474.55,483,purchase,DELHI,0
67037,2024-07-30 22:08:35.860092,335996.92,550,cash_out,DELHI,1
64308,2024-08-29 02:15:35.847608,111640.65,633,purchase,JAIPUR,0
31728,2023-12-07 21:48:35.619241,152183.62,563,purchase,MUMBAI,0
88985,2024-09-15 15:21:35.972952,31065.38,315,refund,CHENNAI,0
51526,2024-01-26 12:26:35.759718,186864.15,856,purchase,BENGALURU,0
50177,2024-01-22 13:31:35.751040,64745.18,370,refund,KOLKATA,0
31087,2024-07-27 21:16:35.614780,266408.18,111,purchase,PUNE,0
76337,2024-04-25 22:19:35.920608,327553.05,111,cash_out,MUMBAI,1
79227,2024-08-22 19:58:35.935179,24534.68,326,refund,JAIPUR,0
49981,2023-12-02 03:15:35.749957,147575.17,424,purchase,HYDERABAD,0
79295,2024-02-14 05:04:35.935477,130511.7,743,purchase,BENGALURU,0
19271,2024-09-28 11:27:35.555739,125655.75,376,purchase,MUMBAI,0
57068,2024-07-20 01:25:35.812599,67830.68,988,refund,PUNE,0
27681,2024-09-04 03:37:35.600301,30091.88,943,refund,SURAT,0
54838,2024-09-07 20:16:35.797626,95824.58,856,refund,PUNE,0
74733,2024-07-04 06:13:35.913064,143166.38,213,purchase,BENGALURU,0
94138,2024-02-09 14:44:36.002522,72313.72,682,refund,CHENNAI,0
30931,2024-05-30 00:26:35.613749,308822.25,996,purchase,JAIPUR,0
36118,2024-10-07 05:52:35.655830,373159.05,727,transfer,KOLKATA,0
52802,2024-05-12 18:54:35.769913,11772.75,898,refund,MUMBAI,0
93844,2023-11-05 10:52:36.001172,40180.8,609,refund,AHMEDABAD,0
72176,2024-07-08 03:57:35.899657,289148.47,963,purchase,SURAT,0
97178,2024-09-03 03:46:36.015495,391005.45,629,transfer,JAIPUR,0
18099,2024-05-01 04:36:35.550180,277694.18,965,purchase,JAIPUR,0
65419,2024-04-14 13:42:35.852311,59719.28,33,refund,JAIPUR,0
82419,2024-09-27 11:37:35.947732,283089.68,863,purchase,AHMEDABAD,0
91831,2024-02-20 19:25:35.992209,274234.12,212,purchase,SURAT,0
97739,2023-11-16 11:00:36.017961,8530.5,682,refund,PUNE,0
62680,2024-09-14 05:51:35.840819,306925.58,867,purchase,CHENNAI,0
49147,2024-02-06 00:09:35.744504,155508.38,426,purchase,CHENNAI,0
43233,2024-08-24 07:02:35.707054,315727.5,182,purchase,SURAT,0
58940,2023-12-16 19:42:35.823978,68012.18,937,refund,HYDERABAD,0
74513,2024-10-13 19:42:35.912207,5760.98,44,refund,SURAT,0
89565,2024-06-07 22:52:35.983992,81607.35,183,refund,KOLKATA,0
29630,2024-01-28 01:03:35.608053,112071.3,854,purchase,SURAT,0
37691,2024-09-16 08:04:35.665887,13427.7,637,refund,CHENNAI,0
8576,2023-10-21 12:17:35.509623,191766.3,413,purchase,KOLKATA,0
56965,2024-08-03 00:53:35.811931,77234.02,693,refund,SURAT,0
22942,2024-04-07 12:23:35.571912,154621.5,35,purchase,HYDERABAD,0
53014,2024-08-25 15:00:35.785598,248823.3,534,purchase,PUNE,0
28970,2024-06-28 22:46:35.605349,110684.48,942,purchase,CHENNAI,0
65289,2024-09-16 12:49:35.851617,368230.5,295,purchase,DELHI,1
18471,2024-09-02 02:29:35.551625,96859.12,474,refund,HYDERABAD,0
80665,2023-12-29 08:30:35.941312,313952.1,461,purchase,MUMBAI,0
55012,2024-01-13 04:30:35.798745,134142.52,551,purchase,DELHI,0
18093,2024-06-11 03:09:35.550160,103425.3,388,purchase,KOLKATA,0
29107,2024-09-23 23:54:35.605919,365970.82,10,cash_out,KOLKATA,0
4108,2023-11-12 00:35:35.490188,267523.58,66,purchase,PUNE,0
20766,2024-03-28 11:09:35.561661,368408.7,497,purchase,HYDERABAD,1
3656,2024-03-30 09:19:35.488131,309552.38,696,purchase,CHENNAI,0
43602,2024-02-19 02:41:35.709415,97576.88,278,refund,CHENNAI,0
59957,2024-01-06 02:03:35.828098,254111.55,852,purchase,MUMBAI,0
11462,2024-03-10 20:51:35.521782,120885.6,569,purchase,DELHI,0
34735,2024-05-27 03:54:35.645304,250697.7,443,purchase,HYDERABAD,0
67901,2024-06-06 23:24:35.865313,281675.62,632,purchase,SURAT,0
88877,2024-01-30 23:06:35.972580,260977.2,325,purchase,BENGALURU,0
75106,2024-02-09 17:01:35.915018,40632.9,901,refund,MUMBAI,0
32208,2024-01-12 23:17:35.622472,310879.8,532,cash_out,JAIPUR,0
25177,2024-03-20 05:13:35.588981,214765.65,322,purchase,PUNE,0
22492,2024-01-30 05:26:35.569492,37728.07,85,refund,BENGALURU,0
77952,2024-09-09 06:01:35.928589,334700.85,266,purchase,KOLKATA,0
11224,2024-04-21 15:19:35.520790,164746.72,831,purchase,CHENNAI,0
82373,2024-08-19 03:31:35.947580,217289.32,528,purchase,MUMBAI,0
56380,2023-12-17 06:55:35.808096,196548.0,519,purchase,SURAT,0
16058,2024-02-02 19:10:35.541206,333318.97,504,purchase,HYDERABAD,0
22138,2024-01-07 10:07:35.567287,377708.92,395,transfer,DELHI,1
68730,2024-07-02 04:01:35.870652,248562.6,406,purchase,MUMBAI,0
77447,2024-10-10 04:13:35.925983,77146.58,439,refund,HYDERABAD,0
70050,2024-04-12 17:49:35.888069,354899.32,750,purchase,HYDERABAD,1
99180,2024-05-07 16:33:36.024069,105747.68,418,purchase,AHMEDABAD,0
13345,2024-09-16 11:53:35.529550,105605.78,374,purchase,SURAT,0
6851,2024-04-04 07:48:35.502432,22826.1,586,refund,MUMBAI,0
247,2024-02-05 00:23:35.464002,55327.8,248,refund,CHENNAI,0
20552,2024-02-19 16:21:35.560876,397239.98,208,transfer,JAIPUR,0
17686,2024-07-14 05:58:35.548489,346525.58,751,cash_out,DELHI,1
28816,2024-07-11 08:04:35.604755,74475.23,288,refund,CHENNAI,0
9231,2024-10-08 10:57:35.512317,393581.1,464,transfer,DELHI,1
1995,2023-11-20 14:51:35.472436,45677.77,19,refund,HYDERABAD,0
92623,2024-06-24 15:22:35.996053,203753.55,865,purchase,MUMBAI,0
47563,2024-10-20 11:56:35.734474,340702.72,461,purchase,AHMEDABAD,0
22128,2023-11-16 07:30:35.567254,81321.08,509,refund,JAIPUR,0
4692,2024-04-20 22:12:35.492794,33767.25,170,refund,JAIPUR,0
89750,2024-09-21 20:54:35.984609,369152.85,546,purchase,AHMEDABAD,0
35185,2024-10-14 21:23:35.648287,38628.98,574,refund,PUNE,0
92454,2024-02-25 18:25:35.995264,75458.62,982,refund,PUNE,0
7105,2024-04-07 03:35:35.503484,60875.92,509,refund,BENGALURU,0
42913,2023-12-22 22:33:35.704989,89943.98,773,refund,DELHI,0
64388,2023-11-30 17:10:35.847877,44724.9,795,refund,AHMEDABAD,0
53282,2024-07-25 05:28:35.787396,130507.58,577,purchase,KOLKATA,0
16816,2023-12-27 10:21:35.544820,159998.02,656,purchase,AHMEDABAD,0
78246,2024-02-02 10:54:35.930155,409706.55,2,transfer,JAIPUR,0
11615,2024-08-07 07:45:35.522378,196224.6,318,purchase,DELHI,0
81028,2024-05-25 10:01:35.942792,223311.82,34,purchase,PUNE,0
11701,2024-07-01 21:55:35.522760,24759.08,287,refund,DELHI,0
98883,2023-11-22 16:01:36.022832,155867.25,651,purchase,PUNE,0
78208,2024-02-10 07:08:35.929995,259516.95,11,purchase,PUNE,0
68067,2023-12-25 02:28:35.866475,214673.25,807,purchase,MUMBAI,0
45499,2024-04-04 16:01:35.721041,127577.18,547,purchase,AHMEDABAD,0
96663,2024-01-24 19:05:36.013247,104025.9,629,purchase,CHENNAI,0
274,2024-06-02 21:54:35.464120,151331.4,63,purchase,DELHI,0
32447,2024-03-17 17:24:35.623804,258718.35,250,purchase,KOLKATA,0
81475,2024-07-24 22:32:35.944453,300113.55,500,purchase,PUNE,0
1078,2023-12-29 20:55:35.467756,375978.9,255,transfer,HYDERABAD,1
84084,2024-10-03 21:29:35.954215,256583.25,751,purchase,SURAT,0
24909,2023-12-22 17:43:35.587916,45236.4,113,refund,PUNE,0
26106,2024-09-23 13:59:35.593942,347140.2,965,purchase,MUMBAI,1
29819,2024-10-11 03:43:35.608744,125936.25,905,purchase,HYDERABAD,0
80042,2024-09-20 20:30:35.938941,405241.65,453,transfer,KOLKATA,0
51780,2024-09-18 02:56:35.761417,239921.55,690,purchase,CHENNAI,0
74671,2024-02-01 21:49:35.912852,174790.28,818,purchase,AHMEDABAD,0
39685,2024-10-14 01:42:35.686515,32280.6,929,refund,SURAT,0
42809,2024-03-23 10:34:35.704315,54398.85,774,refund,SURAT,0
81680,2024-04-02 14:43:35.945169,157946.25,137,purchase,HYDERABAD,0
54569,2024-01-18 18:42:35.795877,376774.2,116,transfer,AHMEDABAD,0
57736,2024-08-12 01:57:35.816975,322897.58,59,cash_out,SURAT,0
33822,2023-12-07 21:04:35.632584,264917.4,166,purchase,SURAT,0
7242,2024-04-07 15:17:35.503997,270353.32,936,purchase,CHENNAI,0
2905,2024-03-30 22:59:35.484741,210945.9,575,purchase,CHENNAI,0
69216,2024-05-31 08:49:35.883415,39661.88,19,refund,PUNE,0
95473,2024-06-02 17:54:36.008196,297876.98,595,purchase,BENGALURU,0
70175,2023-11-26 23:57:35.888728,261453.22,774,purchase,SURAT,0
78383,2024-07-29 01:22:35.930869,412197.22,591,transfer,AHMEDABAD,0
53990,2024-10-06 03:07:35.792060,184507.12,695,purchase,CHENNAI,0
23539,2024-02-10 01:54:35.582079,188005.12,815,purchase,BENGALURU,0
70547,2024-03-30 01:47:35.890670,322105.58,818,cash_out,AHMEDABAD,0
91400,2024-06-23 10:52:35.990647,113607.45,416,purchase,AHMEDABAD,0
60637,2024-06-28 17:40:35.831052,68475.82,186,refund,AHMEDABAD,0
88586,2024-07-25 18:38:35.971490,145789.88,464,purchase,DELHI,0
19624,2024-07-24 01:47:35.557232,253452.38,869,purchase,CHENNAI,0
21650,2024-04-10 09:24:35.565155,98696.4,336,refund,JAIPUR,0
24274,2024-09-09 13:19:35.585084,409634.78,53,transfer,BENGALURU,1
24278,2023-12-13 16:15:35.585098,77003.85,809,refund,CHENNAI,0
12610,2024-05-21 05:08:35.526620,390291.0,324,transfer,PUNE,0
25746,2024-06-29 03:28:35.591735,211704.9,279,purchase,CHENNAI,0
34658,2024-04-13 11:21:35.644790,194052.38,149,purchase,MUMBAI,0
27876,2024-03-13 14:41:35.601016,362538.82,589,purchase,MUMBAI,1
72371,2024-08-15 14:34:35.900681,305068.5,490,purchase,CHENNAI,0
77638,2024-07-24 22:47:35.926854,209174.62,413,purchase,KOLKATA,0
1269,2024-06-19 03:45:35.469046,344095.13,508,cash_out,CHENNAI,0
8197,2024-02-13 22:22:35.508087,385831.88,480,transfer,KOLKATA,0
69268,2024-09-12 16:52:35.883702,58498.28,224,refund,AHMEDABAD,0
37547,2024-06-03 19:48:35.664848,254723.7,809,purchase,AHMEDABAD,0
15839,2024-08-28 00:38:35.540372,137382.3,946,purchase,PUNE,0
81594,2023-10-29 15:21:35.944883,15773.18,385,refund,HYDERABAD,0
49916,2024-06-19 03:30:35.749602,29595.22,275,refund,KOLKATA,0
70395,2024-01-06 09:09:35.889874,5456.55,477,refund,BENGALURU,0
50707,2024-02-28 13:13:35.754262,51833.1,31,refund,MUMBAI,0
58784,2024-02-27 12:48:35.823459,359944.2,945,purchase,BENGALURU,1
59224,2024-04-04 16:52:35.824930,364296.08,150,purchase,DELHI,1
36096,2024-04-04 17:57:35.655689,346250.02,481,purchase,SURAT,0
57699,2024-03-31 06:28:35.816737,202439.32,539,purchase,KOLKATA,0
50909,2024-05-11 12:15:35.755496,384214.05,447,transfer,AHMEDABAD,0
71234,2024-05-14 21:49:35.894507,357766.2,137,purchase,HYDERABAD,1
80690,2024-08-08 21:05:35.941456,228435.9,121,purchase,CHENNAI,0
43935,2024-08-15 02:08:35.711592,368070.45,173,cash_out,MUMBAI,1
27792,2024-03-19 05:17:35.600701,17879.4,124,refund,BENGALURU,1
79331,2024-05-20 14:46:35.935678,83840.62,959,refund,KOLKATA,0
8012,2024-02-13 22:24:35.507281,241656.52,346,purchase,PUNE,0
54947,2023-12-30 17:25:35.798332,218648.1,32,purchase,KOLKATA,0
9978,2024-01-04 11:21:35.515613,323378.55,181,purchase,SURAT,0
69261,2024-05-21 19:23:35.883659,251117.62,999,purchase,SURAT,0
5038,2024-05-19 01:27:35.494341,171418.5,535,purchase,CHENNAI,0
76717,2024-08-31 07:18:35.922222,252560.55,755,purchase,CHENNAI,0
56504,2024-01-09 11:06:35.808881,52836.3,554,refund,PUNE,0
3548,2024-03-21 23:17:35.487673,284322.22,832,purchase,KOLKATA,0
27959,2024-06-12 16:10:35.601324,244812.97,454,purchase,CHENNAI,0
12346,2024-03-20 10:43:35.525513,130514.18,969,purchase,CHENNAI,0
287,2024-08-19 20:29:35.464163,143635.8,914,purchase,MUMBAI,0
25687,2023-12-12 15:11:35.591383,89613.98,971,refund,JAIPUR,0
1137,2024-01-09 17:15:35.468142,120723.08,284,purchase,KOLKATA,0
57587,2024-07-08 00:51:35.816013,389761.35,115,transfer,CHENNAI,0
64977,2024-09-02 18:38:35.850299,189180.75,489,purchase,KOLKATA,0
57347,2024-10-12 18:18:35.814488,200925.45,85,purchase,KOLKATA,0
34778,2024-10-01 23:17:35.645602,168128.4,128,purchase,SURAT,0
59575,2023-11-23 19:15:35.826523,321785.47,727,purchase,MUMBAI,0
53290,2024-09-25 01:01:35.787449,19022.02,740,refund,AHMEDABAD,0
9029,2023-12-16 05:26:35.511517,249675.52,600,purchase,MUMBAI,0
69794,2024-10-09 11:07:35.886711,90946.35,252,refund,PUNE,0
84215,2024-05-27 03:05:35.954706,240080.78,124,purchase,KOLKATA,0
76501,2024-09-10 13:48:35.921296,115340.78,983,purchase,SURAT,0
11359,2024-03-26 12:36:35.521318,7893.6,646,refund,MUMBAI,0
35539,2024-01-19 17:33:35.650810,233025.38,286,purchase,PUNE,0
4274,2023-11-03 19:36:35.490999,292441.05,348,purchase,MUMBAI,0
51472,2024-08-01 04:26:35.759363,201750.45,777,purchase,DELHI,0
92989,2023-12-12 21:00:35.997544,32073.52,704,refund,DELHI,0
554,2023-11-10 01:02:35.465479,173335.8,378,purchase,MUMBAI,0
58971,2024-05-14 11:55:35.824083,162199.12,308,purchase,CHENNAI,0
58712,2023-11-06 01:22:35.823217,27286.05,523,refund,AHMEDABAD,0
49975,2024-05-24 19:29:35.749924,9218.55,353,refund,HYDERABAD,0
14125,2024-10-04 19:37:35.532689,297377.85,203,purchase,BENGALURU,1
52074,2024-07-20 23:05:35.763379,30265.13,967,refund,JAIPUR,0
80845,2024-09-20 12:22:35.942098,181067.7,476,purchase,PUNE,0
88407,2024-09-04 03:43:35.970777,97092.6,451,refund,KOLKATA,0
11968,2024-06-03 11:27:35.523889,70159.65,231,refund,HYDERABAD,0
67238,2024-02-15 01:48:35.860833,284682.75,613,purchase,PUNE,0
55976,2024-07-23 18:56:35.805507,280155.97,118,purchase,JAIPUR,0
94063,2024-04-15 22:07:36.002133,48132.98,673,refund,HYDERABAD,0
5248,2024-07-01 03:50:35.495211,220519.2,543,purchase,JAIPUR,0
95154,2024-02-11 18:34:36.006883,154585.2,478,purchase,AHMEDABAD,1
5126,2024-10-03 06:43:35.494733,152483.1,446,purchase,HYDERABAD,0
25197,2024-04-10 02:12:35.589077,243504.53,519,purchase,KOLKATA,0
36130,2024-01-08 00:13:35.655912,281240.85,760,purchase,AHMEDABAD,0
8633,2024-03-31 00:02:35.509865,342441.0,157,cash_out,PUNE,0
63150,2024-10-14 10:34:35.843074,179531.55,354,purchase,CHENNAI,0
12881,2023-11-08 03:55:35.527748,118614.38,360,purchase,KOLKATA,0
99695,2023-10-28 10:43:36.026346,277671.9,45,purchase,AHMEDABAD,0
15340,2024-10-05 19:50:35.538051,398081.48,881,transfer,BENGALURU,1
5078,2023-11-10 08:11:35.494505,323526.23,269,purchase,BENGALURU,1
22093,2024-02-25 20:00:35.567126,357157.35,232,purchase,MUMBAI,1
61638,2024-04-23 23:04:35.837240,377548.05,217,transfer,SURAT,0
66646,2024-08-27 22:06:35.858513,309921.15,633,cash_out,KOLKATA,0
52905,2024-03-21 04:09:35.770313,302713.12,46,purchase,KOLKATA,0
91457,2024-08-29 07:39:35.990837,246534.75,545,purchase,HYDERABAD,0
73065,2024-09-23 06:48:35.904603,377028.3,581,transfer,DELHI,1
31063,2023-12-08 16:22:35.614625,19023.68,216,refund,CHENNAI,0
80640,2024-01-28 13:54:35.941214,96538.2,419,refund,SURAT,0
5927,2024-09-12 00:23:35.498245,382159.8,636,transfer,AHMEDABAD,0
12213,2024-02-16 15:08:35.524996,216310.87,685,purchase,KOLKATA,0
12505,2023-12-09 05:48:35.526204,289619.55,45,purchase,MUMBAI,0
22249,2024-02-02 21:53:35.567889,72749.32,188,refund,HYDERABAD,0
13649,2024-04-30 11:10:35.530788,321310.28,229,purchase,BENGALURU,1
50754,2024-04-13 20:38:35.754546,390467.55,833,transfer,CHENNAI,0
69141,2024-06-28 13:20:35.882979,395584.2,95,transfer,MUMBAI,1
37376,2024-10-17 08:17:35.663707,178361.7,822,purchase,AHMEDABAD,0
29164,2024-01-07 04:59:35.606115,334601.85,325,cash_out,HYDERABAD,1
34034,2023-11-03 16:15:35.634055,14726.25,393,refund,PUNE,0
33382,2024-05-31 01:13:35.629668,197493.45,854,purchase,BENGALURU,0
459,2023-12-06 06:20:35.464897,294913.58,64,purchase,BENGALURU,1
33484,2024-05-04 16:31:35.630343,64101.68,794,refund,JAIPUR,0
77299,2024-08-23 08:29:35.925269,26701.95,301,refund,MUMBAI,0
16117,2024-02-26 23:58:35.541416,56710.5,297,refund,HYDERABAD,0
94532,2024-04-01 08:24:36.004221,192908.1,796,purchase,JAIPUR,0
30702,2024-10-19 00:40:35.612029,40910.1,222,refund,KOLKATA,0
27576,2024-05-22 04:20:35.599732,72263.4,515,refund,CHENNAI,0
65356,2023-11-16 00:39:35.851955,12896.4,522,refund,JAIPUR,0
54066,2024-09-04 05:04:35.792549,323735.78,641,cash_out,JAIPUR,0
42825,2024-03-04 02:16:35.704415,377360.78,379,transfer,JAIPUR,0
43010,2024-01-02 14:45:35.705648,316929.53,580,purchase,PUNE,0
80455,2024-07-24 15:25:35.940568,358781.78,144,purchase,BENGALURU,1
42482,2023-10-23 15:07:35.702341,148485.98,719,purchase,MUMBAI,0
47762,2024-02-10 23:14:35.735779,359566.35,6,cash_out,HYDERABAD,1
81919,2024-10-20 10:56:35.946019,255.75,481,refund,CHENNAI,0
70480,2024-03-09 06:50:35.890327,7962.9,396,refund,CHENNAI,0
17370,2024-06-13 17:42:35.547280,401686.72,739,transfer,HYDERABAD,1
835,2024-06-08 06:07:35.466723,49949.63,767,refund,PUNE,0
79568,2024-02-11 09:50:35.936578,168953.4,270,purchase,KOLKATA,0
65615,2024-05-28 07:58:35.853301,244149.68,856,purchase,PUNE,0
48987,2024-06-20 05:51:35.743460,237233.7,647,purchase,KOLKATA,0
97875,2024-02-28 01:15:36.018584,350587.88,332,cash_out,MUMBAI,1
60537,2023-12-22 13:15:35.830463,283433.7,397,purchase,SURAT,0
68473,2023-12-23 16:02:35.869052,16974.38,431,refund,PUNE,0
82347,2023-11-18 12:27:35.947492,195192.52,465,purchase,MUMBAI,0
2521,2024-06-09 01:27:35.482921,261049.8,748,purchase,DELHI,0
80362,2024-02-13 00:43:35.940173,168473.25,256,purchase,KOLKATA,0
2022,2024-04-28 22:13:35.472529,188798.78,655,purchase,SURAT,0
11418,2024-02-20 22:08:35.521584,82190.62,644,refund,KOLKATA,0
25291,2024-09-23 11:21:35.589552,116612.92,100,purchase,MUMBAI,0
98486,2024-07-22 21:35:36.021113,290762.18,235,purchase,CHENNAI,0
84351,2024-10-06 20:45:35.955172,186722.25,766,purchase,JAIPUR,0
99471,2024-05-02 12:39:36.025262,128531.7,765,purchase,AHMEDABAD,0
63219,2024-02-29 11:52:35.843309,370953.82,865,purchase,PUNE,0
77499,2024-05-07 12:03:35.926232,149687.18,85,purchase,DELHI,0
16045,2024-03-09 22:25:35.541163,372232.58,284,transfer,JAIPUR,0
1418,2023-11-22 07:27:35.470075,25193.02,302,refund,KOLKATA,0
91001,2023-12-22 13:42:35.989215,302063.02,212,purchase,HYDERABAD,1
54155,2024-09-08 15:25:35.793111,294179.32,343,purchase,SURAT,0
13717,2024-09-26 15:40:35.531072,249351.3,97,purchase,JAIPUR,0
22934,2023-11-25 20:27:35.571886,168170.48,627,purchase,PUNE,0
71776,2024-07-01 12:42:35.897419,303879.68,552,purchase,CHENNAI,0
98186,2024-09-11 19:34:36.019873,402713.85,299,transfer,HYDERABAD,1
48457,2023-10-22 13:12:35.739891,114752.55,465,purchase,MUMBAI,0
83088,2024-01-05 06:53:35.950355,212975.4,589,purchase,SURAT,0
24961,2023-12-02 10:32:35.588122,328779.82,575,purchase,MUMBAI,0
45334,2023-11-02 11:28:35.720088,143799.15,444,purchase,BENGALURU,0
3446,2024-06-13 21:59:35.487202,24641.1,839,refund,JAIPUR,0
50413,2024-02-18 02:51:35.752412,250342.12,502,purchase,BENGALURU,0
32465,2024-02-10 13:16:35.623901,161531.7,639,purchase,CHENNAI,0
65360,2024-07-12 19:21:35.851975,52524.45,238,refund,SURAT,0
20187,2024-09-19 14:14:35.559619,80489.48,699,refund,AHMEDABAD,0
51084,2024-01-30 00:33:35.756645,379914.98,281,transfer,DELHI,1
72055,2023-10-26 02:13:35.898977,175098.0,29,purchase,JAIPUR,0
351,2024-09-18 00:05:35.464426,295732.8,96,purchase,BENGALURU,0
10704,2024-07-05 07:09:35.518694,103147.28,725,purchase,PUNE,1
54676,2024-03-16 22:58:35.796562,359381.55,539,cash_out,HYDERABAD,1
95376,2024-07-06 10:39:36.007833,236001.98,445,purchase,KOLKATA,0
76593,2024-05-25 15:48:35.921644,226881.6,661,purchase,MUMBAI,0
19531,2023-12-03 21:31:35.556772,288105.68,471,purchase,KOLKATA,0
64865,2023-11-20 08:19:35.849873,67503.98,751,refund,AHMEDABAD,0
67635,2023-11-28 10:14:35.863511,285389.78,338,purchase,PUNE,0
34582,2024-01-28 08:44:35.644257,124287.9,917,purchase,PUNE,0
1510,2024-08-25 20:58:35.470400,31163.55,18,refund,PUNE,0
36093,2024-10-05 02:19:35.655669,354792.9,912,cash_out,KOLKATA,0
55589,2024-04-29 21:56:35.803047,331277.1,562,purchase,CHENNAI,0
69930,2024-08-06 22:54:35.887451,368210.7,16,cash_out,CHENNAI,0
41885,2023-12-05 16:12:35.698681,138460.57,249,purchase,CHENNAI,0
5580,2024-05-10 00:19:35.496558,348080.7,713,cash_out,AHMEDABAD,0
78722,2024-03-24 17:27:35.932326,325450.95,200,purchase,BENGALURU,0
68543,2024-01-13 09:03:35.869463,367809.75,420,purchase,SURAT,0
69147,2024-02-12 09:50:35.883018,105155.32,570,purchase,PUNE,0
52812,2024-05-31 10:48:35.769965,377877.22,444,transfer,BENGALURU,1
96094,2024-07-20 00:07:36.010862,319084.42,564,cash_out,JAIPUR,0
25315,2023-12-22 20:08:35.589662,314814.22,828,purchase,JAIPUR,0
19377,2024-01-02 14:09:35.556139,118208.48,839,purchase,MUMBAI,0
91647,2024-09-25 22:03:35.991515,101390.02,430,refund,KOLKATA,0
87248,2023-12-16 22:17:35.965877,45683.55,686,refund,PUNE,0
18219,2024-05-10 16:27:35.550646,256604.7,454,purchase,AHMEDABAD,0
73096,2024-10-11 10:00:35.904769,156676.57,940,purchase,PUNE,0
72080,2024-07-18 12:55:35.899112,16051.2,121,refund,AHMEDABAD,0
9108,2023-10-30 06:56:35.511831,78942.6,610,refund,AHMEDABAD,0
12017,2024-07-26 23:12:35.524140,81203.92,123,refund,CHENNAI,0
13089,2024-03-31 11:10:35.528559,407376.75,918,transfer,KOLKATA,0
76952,2024-01-14 22:18:35.923359,53596.95,168,refund,BENGALURU,0
66111,2024-08-05 19:29:35.855820,22587.68,86,refund,MUMBAI,0
73117,2024-03-03 06:14:35.904876,153770.93,750,purchase,CHENNAI,0
64687,2024-07-06 06:26:35.849037,22051.43,779,refund,DELHI,0
62262,2023-11-05 18:25:35.839384,161374.12,630,purchase,MUMBAI,0
52501,2024-06-09 07:08:35.766180,310845.15,693,purchase,PUNE,0
89502,2024-04-02 08:31:35.983731,82486.8,576,refund,AHMEDABAD,0
35412,2024-10-03 06:35:35.649965,315506.4,412,purchase,AHMEDABAD,0
7416,2024-05-03 10:12:35.504746,171170.18,435,purchase,SURAT,0
45948,2023-12-27 23:02:35.723908,334555.65,306,cash_out,AHMEDABAD,0
28424,2024-04-23 13:36:35.603223,56128.88,161,refund,BENGALURU,0
31619,2023-11-09 09:00:35.618514,138807.08,600,purchase,HYDERABAD,0
32909,2024-01-21 06:50:35.626556,98877.9,343,refund,SURAT,0
26225,2023-10-26 09:09:35.594392,251303.25,684,purchase,BENGALURU,0
58093,2024-02-17 12:12:35.820667,155374.72,818,purchase,KOLKATA,0
97967,2024-05-31 06:09:36.018950,163274.92,18,purchase,KOLKATA,0
78258,2024-07-05 21:53:35.930195,90280.58,511,refund,CHENNAI,0
17479,2024-07-31 23:09:35.547721,141866.17,634,purchase,KOLKATA,0
20521,2023-11-28 13:10:35.560773,339782.02,875,purchase,KOLKATA,0
89054,2024-06-01 07:43:35.973185,160681.12,996,purchase,HYDERABAD,0
95640,2024-01-11 12:04:36.008934,400928.55,465,transfer,KOLKATA,0
45159,2024-01-29 21:20:35.719113,155340.9,858,purchase,SURAT,0
36341,2024-05-10 20:50:35.657304,73915.05,633,refund,CHENNAI,0
14236,2024-02-05 16:25:35.533115,120774.22,970,purchase,SURAT,0
50243,2024-01-27 14:26:35.751446,212333.55,896,purchase,PUNE,0
59565,2023-12-03 10:18:35.826490,109885.05,991,purchase,CHENNAI,0
3618,2023-12-28 17:47:35.487971,384941.7,722,transfer,DELHI,1
61628,2024-09-20 22:12:35.837206,303460.58,104,purchase,DELHI,1
47821,2024-06-30 07:26:35.736170,281303.55,66,purchase,BENGALURU,0
2442,2024-04-05 13:51:35.482437,388784.55,329,transfer,PUNE,0
30750,2024-03-19 09:45:35.612208,147750.08,405,purchase,AHMEDABAD,0
65429,2024-05-11 09:42:35.852345,325903.88,617,purchase,AHMEDABAD,0
44238,2024-10-08 05:08:35.713408,264485.1,511,purchase,KOLKATA,0
29023,2024-08-30 05:47:35.605584,141256.5,357,purchase,PUNE,0
95270,2024-08-26 23:01:36.007351,242069.02,356,purchase,KOLKATA,0
22883,2023-11-26 20:14:35.571697,81373.05,801,refund,BENGALURU,0
1271,2023-12-11 14:25:35.469059,211091.1,311,purchase,AHMEDABAD,0
35733,2024-03-03 13:09:35.652095,127123.42,663,purchase,KOLKATA,0
12775,2024-04-18 09:38:35.527286,385797.22,736,transfer,KOLKATA,0
39056,2024-08-31 09:16:35.683220,296008.35,920,purchase,KOLKATA,0
70859,2023-12-21 12:51:35.892298,248749.88,24,purchase,CHENNAI,0
6340,2024-02-20 15:43:35.500121,253387.2,124,purchase,MUMBAI,0
50450,2024-05-24 13:11:35.752617,285263.55,479,purchase,KOLKATA,0
23616,2024-05-31 05:43:35.582340,216776.18,338,purchase,KOLKATA,0
93655,2024-09-10 15:51:36.000406,337205.55,984,purchase,HYDERABAD,1
41409,2024-06-21 07:56:35.695981,224600.47,234,purchase,MUMBAI,0
61335,2023-11-18 04:57:35.835428,102284.32,291,refund,CHENNAI,0
59763,2024-05-27 04:58:35.827449,400677.75,740,transfer,JAIPUR,0
25678,2024-03-05 10:48:35.591338,321061.95,554,purchase,AHMEDABAD,0
5574,2024-06-18 10:35:35.496529,56464.65,113,refund,MUMBAI,0
22746,2024-10-04 10:03:35.571158,286524.98,211,purchase,CHENNAI,0
89641,2024-03-02 12:39:35.984245,64167.68,509,refund,DELHI,0
65280,2024-09-03 22:20:35.851566,163746.82,344,purchase,HYDERABAD,0
165,2023-11-26 07:21:35.463636,346131.22,789,purchase,JAIPUR,0
38737,2024-06-14 22:35:35.672894,167290.2,980,purchase,HYDERABAD,0
6748,2023-11-29 07:19:35.501964,211254.45,175,purchase,CHENNAI,0
72046,2024-08-16 22:57:35.898926,300282.68,593,purchase,BENGALURU,0
14537,2024-08-12 13:51:35.534365,14531.55,306,refund,SURAT,0
89273,2024-06-11 22:42:35.982458,158077.42,284,purchase,MUMBAI,0
88551,2024-09-28 10:37:35.971306,67871.1,471,refund,CHENNAI,0
75831,2024-08-21 14:56:35.918461,20203.42,497,refund,KOLKATA,0
50712,2024-01-17 17:33:35.754292,106761.6,208,purchase,SURAT,0
51082,2024-09-23 01:03:35.756632,372174.82,331,transfer,JAIPUR,0
53350,2024-03-30 06:57:35.787844,95680.2,360,refund,AHMEDABAD,0
93138,2024-03-30 14:26:35.998253,72788.1,381,refund,KOLKATA,0
38770,2024-03-02 10:13:35.673118,384815.48,478,transfer,HYDERABAD,1
67671,2024-02-22 10:55:35.863754,152705.02,20,purchase,BENGALURU,0
58625,2024-09-19 12:32:35.822921,36139.12,44,refund,JAIPUR,0
46115,2024-02-09 13:32:35.725025,331225.12,493,purchase,PUNE,0
76770,2024-07-13 20:57:35.922510,20538.38,249,refund,CHENNAI,0
73163,2024-02-29 15:56:35.905117,245691.6,108,purchase,SURAT,0
23129,2024-02-08 03:12:35.572554,7594.12,451,refund,DELHI,0
77628,2024-06-16 10:49:35.926791,10675.5,121,refund,DELHI,0
51353,2024-08-22 18:03:35.758582,330119.62,855,purchase,DELHI,0
40874,2023-12-16 22:39:35.692996,14363.25,507,refund,JAIPUR,0
66408,2023-11-02 17:53:35.857213,377575.28,51,transfer,BENGALURU,1
77292,2024-07-23 05:56:35.925227,150779.48,229,purchase,PUNE,0
29646,2024-01-02 15:36:35.608120,305881.95,367,purchase,PUNE,0
63553,2024-01-24 14:20:35.844510,189978.52,473,purchase,KOLKATA,0
28961,2024-01-31 13:29:35.605319,411208.88,336,transfer,PUNE,0
17935,2024-10-10 05:07:35.549466,64336.8,849,refund,DELHI,0
36544,2024-03-12 02:02:35.658511,211943.32,264,purchase,AHMEDABAD,0
91377,2024-06-28 14:31:35.990572,77832.97,980,refund,AHMEDABAD,0
2392,2024-01-30 08:36:35.482109,114791.33,932,purchase,DELHI,0
73311,2024-09-19 10:11:35.905965,270117.38,135,purchase,SURAT,0
29288,2024-02-12 23:15:35.606652,10618.58,223,refund,HYDERABAD,0
8350,2023-12-27 11:41:35.508737,205024.88,783,purchase,AHMEDABAD,0
37908,2024-01-22 09:30:35.667339,162169.43,64,purchase,DELHI,0
29512,2024-09-17 03:46:35.607641,192295.12,762,purchase,HYDERABAD,0
79812,2024-06-07 21:45:35.937886,373089.75,64,transfer,BENGALURU,1
23978,2023-10-21 18:21:35.584016,250928.7,634,purchase,KOLKATA,0
2409,2024-03-20 05:03:35.482225,79996.12,392,refund,PUNE,0
59064,2023-11-01 01:12:35.824392,351296.55,92,cash_out,AHMEDABAD,0
14211,2024-07-26 12:04:35.533014,329757.45,469,purchase,JAIPUR,0
89890,2024-02-23 05:46:35.985145,232584.82,116,purchase,HYDERABAD,0
18518,2024-10-06 19:11:35.551807,111533.4,364,purchase,MUMBAI,0
37226,2024-08-04 08:45:35.662700,300568.95,718,purchase,PUNE,0
5910,2024-10-07 19:35:35.498156,144560.62,168,purchase,DELHI,0
68002,2024-10-08 19:37:35.866043,115969.42,269,purchase,AHMEDABAD,0
53876,2024-01-02 19:12:35.791316,109118.63,309,purchase,KOLKATA,0
21695,2024-09-14 07:50:35.565307,32763.22,996,refund,SURAT,0
90726,2024-05-11 09:47:35.988138,184281.08,122,purchase,MUMBAI,0
91019,2024-04-01 08:31:35.989274,394901.1,633,transfer,SURAT,0
10000,2023-12-30 23:31:35.515726,200835.52,292,purchase,BENGALURU,0
58157,2024-01-27 15:44:35.821085,307048.5,479,purchase,AHMEDABAD,0
85538,2024-06-11 08:51:35.959607,69515.32,234,refund,KOLKATA,0
24817,2024-09-14 01:32:35.587406,304482.75,116,purchase,KOLKATA,0
59710,2024-03-17 23:27:35.827179,170778.3,457,purchase,JAIPUR,0
45331,2024-03-23 22:15:35.720073,205460.47,566,purchase,HYDERABAD,0
78852,2024-06-01 07:17:35.932843,32066.92,67,refund,AHMEDABAD,0
31479,2023-10-22 11:06:35.617594,83752.35,799,refund,JAIPUR,0
27154,2024-03-20 20:26:35.598128,222065.25,224,purchase,AHMEDABAD,0
60891,2024-10-18 17:54:35.832663,319967.18,524,purchase,SURAT,0
59352,2024-03-14 10:12:35.825357,218673.68,273,purchase,SURAT,0
50975,2024-08-23 06:33:35.755928,43122.75,319,refund,CHENNAI,0
46402,2024-10-15 23:56:35.726823,280863.82,922,purchase,MUMBAI,0
10779,2024-04-30 17:36:35.519022,349050.08,472,purchase,DELHI,1
66585,2024-09-30 09:55:35.858235,380475.15,129,transfer,MUMBAI,1
38214,2024-08-06 07:11:35.669384,168314.02,406,purchase,SURAT,1
85793,2024-01-12 02:56:35.960479,35333.93,295,refund,SURAT,0
66997,2024-02-23 22:54:35.859954,151724.1,642,purchase,JAIPUR,0
2315,2023-11-14 01:51:35.473544,181108.12,948,purchase,BENGALURU,0
66687,2024-01-13 06:22:35.858679,112567.12,93,purchase,JAIPUR,0
46098,2024-07-22 09:29:35.724907,100433.02,256,refund,AHMEDABAD,1
52278,2024-07-27 01:04:35.764718,392346.9,722,transfer,KOLKATA,0
7555,2024-09-25 15:26:35.505431,316804.12,673,purchase,MUMBAI,0
96239,2024-10-01 15:01:36.011444,260984.62,53,purchase,CHENNAI,0
22082,2024-10-02 14:52:35.567089,167211.0,96,purchase,BENGALURU,0
53357,2024-08-17 10:40:35.787892,177146.48,551,purchase,AHMEDABAD,0
64234,2024-07-18 15:37:35.847355,379522.28,781,transfer,MUMBAI,1
91944,2023-12-01 06:41:35.992861,315067.5,967,purchase,BENGALURU,1
26183,2024-07-01 11:08:35.594253,244462.35,163,purchase,MUMBAI,0
52688,2024-01-10 04:57:35.767417,400060.65,316,transfer,AHMEDABAD,0
71561,2024-03-23 16:13:35.896242,248875.28,585,purchase,JAIPUR,0
13320,2024-10-16 19:03:35.529467,272202.15,90,purchase,CHENNAI,0
16069,2024-02-26 08:40:35.541256,103705.8,612,purchase,HYDERABAD,0
44575,2024-06-21 17:04:35.715437,278709.75,593,purchase,AHMEDABAD,0
32707,2024-06-12 14:52:35.625310,96385.58,853,refund,AHMEDABAD,0
6862,2024-05-12 17:14:35.502469,196142.1,829,purchase,HYDERABAD,0
35263,2023-10-29 02:44:35.648806,269464.8,662,purchase,CHENNAI,0
34567,2024-03-22 19:45:35.637495,365421.38,220,purchase,DELHI,1
56898,2024-10-02 05:49:35.811509,299664.75,948,purchase,MUMBAI,0
4551,2024-03-11 00:21:35.492156,144986.33,251,purchase,PUNE,0
62705,2024-10-10 15:32:35.840902,392388.15,132,transfer,DELHI,1
58201,2024-04-17 20:21:35.821381,102038.48,521,refund,DELHI,0
3693,2024-04-05 20:55:35.488366,8712.0,862,refund,BENGALURU,0
45221,2024-08-03 16:10:35.719461,229744.35,159,purchase,MUMBAI,0
62434,2023-12-19 04:39:35.839991,402134.7,12,transfer,CHENNAI,0
57443,2024-01-28 07:21:35.815083,330610.5,735,purchase,HYDERABAD,0
20450,2023-10-28 08:18:35.560534,259945.95,718,purchase,KOLKATA,0
67223,2024-08-25 17:44:35.860783,368924.32,965,purchase,HYDERABAD,1
48781,2024-03-12 05:02:35.742089,233258.02,646,purchase,KOLKATA,0
60281,2024-09-06 21:31:35.829225,290923.88,853,purchase,CHENNAI,0
69846,2024-05-17 14:11:35.887001,27780.22,413,refund,HYDERABAD,0
85644,2024-07-15 00:47:35.959975,18222.6,1000,refund,AHMEDABAD,0
36733,2024-04-09 08:31:35.659568,290729.18,525,purchase,HYDERABAD,1
55778,2024-07-07 01:46:35.804245,43281.98,165,refund,KOLKATA,0
5578,2024-07-27 18:41:35.496551,158632.65,598,purchase,DELHI,0
99627,2024-07-02 18:32:36.026088,13572.08,49,refund,MUMBAI,0
72221,2024-08-15 17:37:35.899891,286216.42,637,purchase,HYDERABAD,0
77685,2023-11-21 14:54:35.927161,112083.67,71,purchase,DELHI,0
44683,2024-01-16 17:18:35.716143,354083.4,383,purchase,AHMEDABAD,0
75054,2024-10-18 02:10:35.914743,380226.0,401,transfer,HYDERABAD,1
95594,2024-06-21 15:35:36.008735,211891.35,537,purchase,MUMBAI,0
11000,2024-08-19 15:26:35.519911,137874.0,799,purchase,AHMEDABAD,0
55372,2024-10-09 13:30:35.801106,93381.75,689,refund,PUNE,0
45416,2024-01-14 08:08:35.720555,318085.35,266,purchase,JAIPUR,0
46079,2023-12-12 11:42:35.724782,34085.7,131,refund,KOLKATA,0
44889,2024-06-22 06:39:35.717465,333757.88,998,purchase,HYDERABAD,0
72933,2024-06-16 01:21:35.903904,278338.5,812,purchase,KOLKATA,0
66294,2024-06-12 23:01:35.856703,30590.18,340,refund,HYDERABAD,0
44326,2024-08-24 11:56:35.713803,392715.68,602,transfer,SURAT,0
18861,2024-08-30 15:35:35.553369,34563.38,273,refund,PUNE,0
2558,2024-06-21 19:39:35.483126,253902.0,59,purchase,CHENNAI,0
22536,2024-09-28 11:36:35.569779,261625.65,706,purchase,CHENNAI,0
6037,2024-05-22 15:09:35.498731,366352.8,137,purchase,SURAT,0
6825,2023-11-06 23:34:35.502340,329057.03,60,cash_out,HYDERABAD,0
94222,2024-08-28 07:19:36.002865,296036.4,741,purchase,KOLKATA,0
82876,2024-02-11 16:51:35.949476,311699.03,674,purchase,HYDERABAD,0
58401,2023-12-01 16:04:35.822173,375620.02,986,transfer,KOLKATA,0
75165,2024-10-18 18:34:35.915334,81134.62,273,refund,PUNE,0
77224,2024-02-24 17:21:35.924812,296144.48,871,purchase,DELHI,1
81369,2024-05-31 05:20:35.944099,153829.5,840,purchase,BENGALURU,0
74816,2024-06-13 03:06:35.913439,65121.38,140,refund,DELHI,0
68431,2024-06-22 16:52:35.868801,252065.55,656,purchase,CHENNAI,0
47344,2023-11-15 14:55:35.732990,242072.32,657,purchase,BENGALURU,0
23178,2024-07-07 17:09:35.572722,111515.25,951,purchase,MUMBAI,0
47058,2024-09-13 19:31:35.731089,380719.35,60,transfer,AHMEDABAD,0
51003,2024-09-21 22:23:35.756108,170959.8,288,purchase,HYDERABAD,0
19472,2024-06-16 14:57:35.556576,195419.4,173,purchase,KOLKATA,0
96853,2024-10-10 02:00:36.014124,277516.8,53,purchase,SURAT,0
85054,2024-03-24 10:26:35.957833,78646.42,60,refund,AHMEDABAD,0
87167,2024-05-14 00:01:35.965521,314420.7,344,cash_out,SURAT,0
97864,2023-11-26 03:14:36.018536,82127.92,138,refund,BENGALURU,0
16829,2024-01-04 17:20:35.544863,315016.35,605,purchase,JAIPUR,0
9074,2024-03-13 02:48:35.511693,18112.05,359,refund,JAIPUR,0
75059,2024-06-15 07:23:35.914769,220666.05,994,purchase,CHENNAI,0
52182,2024-03-12 15:02:35.764088,28997.1,354,refund,HYDERABAD,0
8815,2024-09-13 18:58:35.510607,36989.7,481,refund,SURAT,0
86405,2024-08-23 10:02:35.962841,23753.4,197,refund,JAIPUR,0
28260,2024-03-27 16:40:35.602521,165042.08,624,purchase,AHMEDABAD,0
32190,2024-06-26 00:40:35.622370,208403.25,559,purchase,JAIPUR,0
80462,2023-11-09 06:46:35.940591,377753.48,598,transfer,JAIPUR,0
69405,2024-02-01 17:22:35.884506,248618.7,431,purchase,SURAT,0
10597,2024-02-09 08:38:35.518249,213164.32,520,purchase,AHMEDABAD,0
63211,2023-11-29 09:28:35.843283,153430.2,397,purchase,AHMEDABAD,0
30607,2024-04-26 19:44:35.611652,45289.2,936,refund,DELHI,0
35656,2024-05-18 18:17:35.651589,357889.95,807,purchase,CHENNAI,0
71134,2024-05-08 05:28:35.893938,35567.4,350,refund,CHENNAI,0
87440,2024-09-15 09:48:35.966565,260731.35,605,purchase,BENGALURU,0
38978,2024-09-07 03:13:35.682461,150274.58,493,purchase,CHENNAI,0
66755,2024-04-29 10:59:35.859038,322463.62,999,purchase,JAIPUR,0
76830,2024-08-07 11:52:35.922815,387611.4,227,transfer,AHMEDABAD,0
10782,2024-03-13 02:53:35.519032,138326.93,626,purchase,JAIPUR,0
63312,2024-02-13 20:30:35.843673,407985.6,379,transfer,AHMEDABAD,0
38081,2023-11-04 17:25:35.668488,104802.22,156,purchase,BENGALURU,0
80139,2024-01-20 02:44:35.939374,355406.7,255,cash_out,HYDERABAD,1
21490,2024-01-07 19:53:35.564603,264444.68,113,purchase,PUNE,0
19713,2024-01-09 10:17:35.557573,293533.35,200,purchase,AHMEDABAD,0
70531,2023-11-16 13:01:35.890589,2003.92,568,refund,KOLKATA,0
17281,2024-08-05 19:30:35.546953,1235.85,912,refund,AHMEDABAD,0
48504,2024-05-29 21:52:35.740181,48669.22,506,refund,MUMBAI,0
89126,2024-10-16 23:23:35.973447,299159.85,830,purchase,KOLKATA,0
79793,2024-07-07 16:05:35.937769,246960.45,180,purchase,HYDERABAD,0
55751,2024-06-19 04:16:35.804069,272552.78,463,purchase,JAIPUR,0
90259,2024-04-03 15:46:35.986498,79176.08,801,refund,MUMBAI,0
67469,2024-02-05 13:43:35.861694,169765.2,328,purchase,JAIPUR,0
28558,2024-07-04 06:35:35.603752,370161.0,755,purchase,KOLKATA,0
23068,2024-09-24 04:10:35.572347,275746.35,18,purchase,SURAT,0
95250,2023-11-10 02:16:36.007270,157130.32,887,purchase,HYDERABAD,0
10011,2024-09-20 13:22:35.515773,331472.62,581,purchase,HYDERABAD,1
48673,2024-07-28 06:03:35.741300,103490.48,92,purchase,JAIPUR,0
6276,2023-11-17 09:06:35.499815,148933.12,538,purchase,SURAT,0
70999,2024-09-18 00:22:35.893164,208921.35,116,purchase,MUMBAI,0
29340,2024-07-13 01:44:35.606843,93864.38,733,refund,KOLKATA,0
19086,2024-05-05 07:45:35.554680,387117.22,687,transfer,HYDERABAD,1
28451,2024-09-14 14:31:35.603322,367683.52,452,purchase,JAIPUR,0
25714,2024-07-19 01:39:35.591532,138583.5,412,purchase,AHMEDABAD,0
30800,2023-11-10 17:25:35.612375,186157.12,889,purchase,JAIPUR,0
23272,2023-12-07 23:53:35.573059,80960.55,529,refund,BENGALURU,0
78621,2023-11-01 18:34:35.931950,131848.2,67,purchase,AHMEDABAD,0
35665,2024-03-31 12:07:35.651649,265388.47,271,purchase,KOLKATA,0
30466,2024-08-07 06:41:35.611128,291774.45,18,purchase,HYDERABAD,0
41899,2024-02-11 04:39:35.698762,382148.25,764,transfer,HYDERABAD,1
29369,2024-08-12 09:45:35.606942,151785.15,922,purchase,JAIPUR,0
7610,2024-07-23 04:20:35.505678,95586.98,153,refund,CHENNAI,0
85894,2024-04-25 23:33:35.960859,257227.58,9,purchase,KOLKATA,0
74433,2024-09-24 08:07:35.911741,352542.3,409,purchase,HYDERABAD,1
52533,2024-03-30 10:53:35.766393,11012.92,557,refund,AHMEDABAD,0
25601,2024-04-23 04:18:35.590889,216250.65,652,purchase,JAIPUR,0
68324,2024-02-17 16:58:35.868044,110459.25,963,purchase,HYDERABAD,0
15114,2023-11-18 15:43:35.536823,409014.38,619,transfer,DELHI,1
61500,2024-01-24 18:20:35.836512,271809.45,681,purchase,MUMBAI,0
2314,2023-11-05 10:15:35.473541,368071.28,262,purchase,AHMEDABAD,0
18248,2024-06-28 13:51:35.550772,281682.22,327,purchase,SURAT,0
13759,2024-05-03 01:51:35.531232,100293.6,375,refund,MUMBAI,0
13129,2024-01-10 14:00:35.528709,23538.9,726,refund,KOLKATA,0
73538,2024-01-09 23:53:35.906966,352968.82,137,cash_out,DELHI,1
29771,2024-10-05 01:47:35.608563,218766.08,655,purchase,MUMBAI,0
28539,2024-04-15 05:42:35.603688,237499.35,860,purchase,AHMEDABAD,0
16100,2023-11-13 15:41:35.541359,150649.12,673,purchase,JAIPUR,0
54238,2023-11-25 08:58:35.793760,97958.85,7,refund,DELHI,0
85725,2024-09-09 19:07:35.960251,209488.12,433,purchase,JAIPUR,0
28667,2023-11-21 19:32:35.604219,35389.2,284,refund,MUMBAI,0
94356,2024-04-20 20:47:36.003490,388155.08,932,transfer,DELHI,1
65536,2023-12-16 12:50:35.852949,385428.45,413,transfer,MUMBAI,1
38458,2024-09-23 22:33:35.671025,336764.18,45,cash_out,MUMBAI,0
12527,2024-04-05 07:45:35.526288,257946.15,138,purchase,PUNE,0
35692,2024-09-29 03:53:35.651826,16735.12,921,refund,MUMBAI,0
98279,2024-04-29 19:10:36.020280,67376.1,791,refund,DELHI,0
78219,2023-11-21 00:50:35.930058,410057.18,147,transfer,KOLKATA,0
12293,2023-12-10 03:35:35.525290,269190.08,306,purchase,KOLKATA,0
81449,2024-06-12 21:23:35.944366,154463.92,976,purchase,HYDERABAD,0
37938,2024-03-21 18:43:35.667543,45707.48,2,refund,AHMEDABAD,0
14295,2023-12-31 16:53:35.533370,49295.4,314,refund,MUMBAI,0
64611,2024-06-11 14:38:35.848772,134070.75,812,purchase,CHENNAI,0
30755,2024-04-10 08:02:35.612225,271953.82,316,purchase,JAIPUR,0
91382,2024-05-15 05:46:35.990588,312180.82,909,cash_out,PUNE,0
99811,2024-08-08 01:32:36.026829,379841.55,73,transfer,PUNE,0
40427,2024-07-04 09:08:35.690616,270205.65,70,purchase,KOLKATA,0
1424,2024-04-10 03:34:35.470095,329226.15,427,cash_out,CHENNAI,0
14119,2024-04-02 18:27:35.532669,92464.35,688,refund,MUMBAI,0
36095,2024-08-31 17:52:35.655682,270812.85,707,purchase,DELHI,0
86351,2024-07-15 05:49:35.962619,388964.4,358,transfer,HYDERABAD,1
54528,2024-02-08 18:01:35.795612,255296.25,68,purchase,PUNE,0
75651,2024-06-27 10:40:35.917717,356229.22,499,purchase,CHENNAI,0
51996,2024-10-03 10:06:35.762864,137688.38,346,purchase,SURAT,0
35640,2024-04-29 13:37:35.651475,278733.68,714,purchase,CHENNAI,0
52609,2024-07-13 21:29:35.766894,274024.58,346,purchase,SURAT,0
22877,2024-03-01 22:28:35.571677,215551.88,633,purchase,BENGALURU,0
13435,2024-02-22 08:51:35.529948,125859.52,544,purchase,CHENNAI,0
14933,2024-05-21 15:51:35.536044,18866.92,90,refund,BENGALURU,0
47531,2024-05-18 00:26:35.734259,309768.53,908,cash_out,AHMEDABAD,0
36862,2023-11-14 07:42:35.660333,371347.35,217,transfer,HYDERABAD,1
21007,2024-02-03 10:20:35.562511,245543.92,272,purchase,BENGALURU,0
44873,2023-11-04 17:49:35.717362,47372.32,308,refund,JAIPUR,0
9236,2024-10-08 12:45:35.512334,101022.08,660,refund,BENGALURU,0
60427,2024-05-07 21:32:35.829839,404574.22,723,transfer,BENGALURU,1
90354,2024-07-11 10:47:35.986864,107374.58,37,purchase,CHENNAI,0
21466,2024-08-28 05:13:35.564522,74207.1,175,refund,CHENNAI,0
87577,2023-12-02 13:12:35.967090,335923.5,395,purchase,SURAT,0
59210,2024-08-31 18:23:35.824882,261662.78,494,purchase,BENGALURU,0
82955,2024-01-04 00:12:35.949773,57712.87,90,refund,BENGALURU,0
82788,2024-08-21 20:08:35.949122,7942.28,280,refund,DELHI,0
19978,2023-12-22 11:57:35.558826,368949.07,50,purchase,HYDERABAD,1
27829,2024-06-15 18:47:35.600828,391798.28,736,transfer,HYDERABAD,1
2326,2024-06-18 10:13:35.481696,322143.53,818,purchase,CHENNAI,0
48808,2024-02-13 18:23:35.742266,264288.75,254,purchase,JAIPUR,0
7124,2024-04-01 13:05:35.503553,74290.42,840,refund,SURAT,0
68286,2024-08-18 05:51:35.867813,369773.25,915,cash_out,BENGALURU,1
71636,2024-10-19 15:47:35.896638,303823.58,535,purchase,PUNE,0
91229,2024-10-11 09:13:35.990059,372277.95,861,transfer,KOLKATA,0
62129,2024-03-29 12:24:35.838938,147903.52,557,purchase,BENGALURU,0
39623,2024-04-24 21:25:35.686180,105779.85,637,purchase,KOLKATA,0
48631,2024-03-22 10:03:35.741017,206277.22,317,purchase,AHMEDABAD,0
90667,2024-08-30 01:34:35.987943,228831.9,175,purchase,SURAT,0
40927,2024-04-08 23:37:35.693286,164205.52,169,purchase,MUMBAI,0
60821,2024-02-16 09:38:35.832215,182122.88,422,purchase,AHMEDABAD,0
53706,2023-12-08 09:32:35.790239,195288.22,11,purchase,AHMEDABAD,0
78079,2024-09-07 10:12:35.929149,279541.35,975,purchase,HYDERABAD,0
57943,2023-12-16 18:44:35.819673,86742.98,146,refund,BENGALURU,0
58692,2023-12-02 04:42:35.823150,351120.0,563,cash_out,AHMEDABAD,0
64880,2024-05-07 12:42:35.849924,361762.5,913,purchase,SURAT,0
39384,2024-04-26 15:44:35.684919,161111.78,916,purchase,HYDERABAD,0
26215,2024-09-13 01:35:35.594359,232982.48,519,purchase,BENGALURU,0
68475,2024-07-29 21:42:35.869063,81396.98,835,refund,JAIPUR,0
52794,2024-05-13 18:28:35.769886,343003.65,567,purchase,HYDERABAD,1
79771,2024-05-19 10:18:35.937635,358887.37,766,purchase,HYDERABAD,1
35199,2024-10-13 07:55:35.648378,247231.88,374,purchase,JAIPUR,0
11833,2024-06-22 17:50:35.523312,286448.25,64,purchase,SURAT,0
5590,2024-07-07 01:10:35.496590,294062.18,645,purchase,PUNE,0
93163,2024-06-26 15:36:35.998337,230339.18,272,purchase,KOLKATA,0
97315,2024-04-23 06:28:36.016106,233853.68,786,purchase,JAIPUR,0
22077,2023-11-07 07:33:35.567073,20460.0,203,refund,SURAT,0
43559,2024-06-04 20:30:35.709138,254173.42,677,purchase,MUMBAI,0
92222,2024-07-13 22:07:35.994169,139938.15,426,purchase,BENGALURU,0
64049,2024-07-30 05:14:35.846672,216641.7,486,purchase,SURAT,0
64688,2024-02-16 04:43:35.849041,57711.22,584,refund,AHMEDABAD,0
94591,2024-07-13 05:27:36.004476,368107.58,713,cash_out,CHENNAI,0
48654,2024-06-23 16:07:35.741170,20276.03,4,refund,MUMBAI,0
23577,2024-07-13 14:14:35.582206,386079.38,931,transfer,KOLKATA,0
48871,2024-01-24 00:50:35.742686,145001.17,471,purchase,HYDERABAD,0
90816,2023-12-10 00:53:35.988443,116838.98,809,purchase,AHMEDABAD,0
50137,2024-08-18 02:34:35.750822,396139.42,650,transfer,HYDERABAD,1
68752,2024-03-20 10:04:35.870796,133203.67,324,purchase,JAIPUR,0
8956,2024-08-17 09:49:35.511208,238897.72,70,purchase,SURAT,0
50037,2024-04-12 14:13:35.750267,378103.28,605,transfer,PUNE,0
83209,2024-03-02 03:45:35.950846,174113.78,956,purchase,AHMEDABAD,0
24995,2024-04-23 05:03:35.588251,265981.65,109,purchase,HYDERABAD,0
98861,2023-11-04 02:25:36.022744,199055.18,421,purchase,KOLKATA,0
7956,2024-05-09 16:42:35.507058,198084.98,208,purchase,DELHI,0
83189,2024-03-31 11:10:35.950779,65511.6,305,refund,MUMBAI,0
7878,2024-07-17 08:59:35.506744,48425.02,533,refund,AHMEDABAD,0
25660,2023-10-27 19:28:35.591231,126576.45,814,purchase,JAIPUR,0
85379,2023-11-10 15:06:35.959040,98231.92,578,refund,DELHI,0
14422,2024-01-01 03:58:35.533897,67249.88,528,refund,KOLKATA,0
17325,2024-02-09 17:36:35.547116,334502.85,875,purchase,AHMEDABAD,0
4643,2023-11-11 08:35:35.492562,385425.15,910,transfer,PUNE,0
41020,2024-06-21 20:44:35.693896,398054.25,547,transfer,AHMEDABAD,0
41674,2024-01-14 22:03:35.697457,263557.8,895,purchase,JAIPUR,0
96008,2023-11-25 19:25:36.010484,15457.2,628,refund,AHMEDABAD,0
77096,2024-06-18 12:56:35.924021,138462.22,632,purchase,DELHI,0
97569,2023-12-10 00:29:36.017177,172.42,147,refund,MUMBAI,0
61081,2024-09-04 19:30:35.833873,147983.55,552,purchase,CHENNAI,0
55505,2023-12-25 10:11:35.801969,19133.4,351,refund,BENGALURU,0
71844,2023-12-04 05:07:35.897843,77183.7,402,refund,DELHI,0
49239,2024-10-02 18:41:35.745113,21991.2,170,refund,DELHI,0
3732,2024-04-19 20:57:35.488507,79158.75,817,refund,CHENNAI,0
3040,2024-05-23 13:48:35.485325,178992.0,981,purchase,PUNE,0
73417,2024-08-08 07:38:35.906457,336824.4,414,purchase,JAIPUR,0
59117,2024-02-04 15:52:35.824570,181106.48,209,purchase,CHENNAI,0
55563,2024-04-22 03:52:35.802872,178196.7,639,purchase,MUMBAI,0
31037,2024-02-20 12:44:35.614450,249133.5,984,purchase,SURAT,0
38454,2023-12-25 03:51:35.670999,165704.55,569,purchase,MUMBAI,0
60134,2023-12-27 12:27:35.828725,13644.68,664,refund,SURAT,0
78995,2024-06-27 21:22:35.933675,129984.52,226,purchase,KOLKATA,0
17736,2024-07-21 00:23:35.548709,104570.4,425,purchase,AHMEDABAD,0
59430,2024-03-10 15:24:35.825762,243067.28,547,purchase,KOLKATA,0
45998,2023-12-30 23:54:35.724240,202547.4,440,purchase,KOLKATA,1
73815,2024-08-12 22:53:35.908359,352069.58,946,cash_out,DELHI,0
90433,2023-11-02 06:18:35.987127,105288.15,590,purchase,HYDERABAD,0
9809,2024-09-23 13:09:35.514841,399727.35,339,transfer,MUMBAI,1
75024,2024-04-20 06:17:35.914560,296086.72,170,purchase,AHMEDABAD,0
18950,2024-07-05 06:32:35.553787,78150.6,931,refund,AHMEDABAD,0
41845,2024-03-01 13:36:35.698450,281273.85,68,purchase,BENGALURU,0
6027,2024-08-01 07:22:35.498689,113677.58,506,purchase,MUMBAI,0
38453,2024-04-11 10:59:35.670992,358221.6,297,purchase,CHENNAI,0
12524,2024-04-07 17:49:35.526278,292713.3,803,purchase,DELHI,0
76814,2024-05-01 12:23:35.922747,354025.65,683,purchase,DELHI,1
89959,2024-07-28 13:58:35.985375,67739.1,885,refund,KOLKATA,0
25380,2024-08-31 13:05:35.589996,144233.1,377,purchase,HYDERABAD,0
63022,2024-05-28 10:30:35.842543,90497.55,304,refund,DELHI,0
41810,2023-12-21 09:45:35.698245,278666.85,878,purchase,HYDERABAD,0
24316,2024-03-28 03:02:35.585238,115712.02,293,purchase,MUMBAI,0
49405,2024-10-19 10:06:35.746240,58063.5,767,refund,JAIPUR,0
91605,2024-09-08 04:04:35.991375,259611.82,853,purchase,HYDERABAD,0
64071,2024-06-25 11:22:35.846746,136778.4,934,purchase,AHMEDABAD,0
68392,2023-10-22 06:36:35.868431,242398.2,361,purchase,CHENNAI,0
65221,2024-03-11 21:05:35.851285,320166.0,582,purchase,JAIPUR,0
38084,2023-12-19 09:39:35.668508,266437.88,218,purchase,HYDERABAD,0
74624,2024-07-21 11:56:35.912682,109343.85,674,purchase,JAIPUR,0
10467,2024-07-30 04:47:35.517701,313800.3,929,cash_out,AHMEDABAD,0
17471,2024-06-30 15:42:35.547688,175310.02,848,purchase,HYDERABAD,0
81348,2024-09-02 19:24:35.944029,200457.68,446,purchase,MUMBAI,0
66300,2024-08-09 20:28:35.856736,285115.88,617,purchase,KOLKATA,0
80980,2023-11-17 12:59:35.942608,156906.75,53,purchase,KOLKATA,0
30518,2024-08-04 17:01:35.611304,250639.95,804,purchase,HYDERABAD,0
81142,2024-08-27 16:32:35.943173,348618.6,123,purchase,SURAT,0
80269,2024-03-29 15:44:35.939824,237594.22,173,purchase,HYDERABAD,0
4373,2024-08-02 02:10:35.491467,184743.08,123,purchase,DELHI,0
66952,2024-01-11 18:44:35.859791,309329.62,719,purchase,CHENNAI,0
62630,2023-10-27 06:46:35.840651,334052.4,91,purchase,MUMBAI,1
42047,2024-01-24 01:59:35.699612,340215.15,648,cash_out,SURAT,0
85653,2023-12-30 01:53:35.960005,174106.35,395,purchase,KOLKATA,0
19191,2024-04-12 03:42:35.555214,157666.57,36,purchase,PUNE,0
94765,2024-09-12 14:12:36.005184,236812.12,35,purchase,SURAT,0
53343,2023-11-14 22:05:35.787799,214132.88,246,purchase,BENGALURU,0
49954,2024-07-22 16:46:35.749809,31816.95,312,refund,SURAT,0
46594,2024-07-26 10:20:35.727984,103770.15,376,purchase,PUNE,0
10581,2023-11-15 02:43:35.518189,35083.95,860,refund,KOLKATA,0
11417,2024-03-15 02:34:35.521578,179093.48,258,purchase,DELHI,0
20864,2024-03-22 11:07:35.562006,360703.2,865,purchase,MUMBAI,1
14862,2024-07-05 13:12:35.535746,104447.48,500,purchase,AHMEDABAD,0
34132,2024-03-16 18:15:35.634706,240618.68,473,purchase,AHMEDABAD,0
24433,2024-07-30 14:12:35.585871,392720.62,210,transfer,MUMBAI,1
95867,2024-07-20 22:38:36.009905,237208.95,342,purchase,JAIPUR,0
19652,2024-05-08 05:52:35.557351,219355.12,89,purchase,MUMBAI,0
70475,2024-09-17 16:04:35.890302,351833.62,200,purchase,AHMEDABAD,0
83662,2023-10-24 05:47:35.952658,297499.12,168,purchase,AHMEDABAD,0
83271,2024-10-01 02:09:35.951073,375062.32,322,transfer,PUNE,0
15657,2024-03-14 03:09:35.539518,377748.52,639,transfer,KOLKATA,0
23615,2023-11-12 20:49:35.582337,167432.92,491,purchase,CHENNAI,0
5935,2024-08-02 16:15:35.498281,277709.85,294,purchase,MUMBAI,0
34354,2024-09-15 21:02:35.636088,191957.7,439,purchase,DELHI,0
17823,2024-07-31 00:53:35.549041,295302.97,975,purchase,AHMEDABAD,0
45050,2023-12-26 13:43:35.718523,116448.75,774,purchase,KOLKATA,0
23390,2023-11-16 12:54:35.573458,208157.4,496,purchase,PUNE,0
3429,2023-12-18 16:55:35.487105,356750.62,486,purchase,SURAT,0
19990,2024-10-03 22:23:35.558903,9755.62,977,refund,CHENNAI,0
97249,2024-08-23 20:38:36.015790,44387.48,438,refund,MUMBAI,0
20966,2024-02-11 09:13:35.562375,335298.97,307,purchase,JAIPUR,0
71465,2024-01-17 15:00:35.895742,240590.62,941,purchase,SURAT,0
90635,2024-05-09 02:04:35.987835,210211.65,410,purchase,JAIPUR,0
70288,2023-12-06 02:47:35.889320,335376.53,369,cash_out,KOLKATA,0
74872,2024-01-27 17:52:35.913768,192352.05,451,purchase,AHMEDABAD,0
14084,2024-02-22 05:10:35.532552,342836.18,262,cash_out,HYDERABAD,1
47579,2024-04-06 10:55:35.734578,333918.75,314,purchase,KOLKATA,0
58319,2024-09-26 04:08:35.821898,319549.72,184,cash_out,AHMEDABAD,0
69727,2023-12-27 13:33:35.886331,350073.08,158,purchase,SURAT,0
75233,2024-07-28 15:49:35.915649,247372.12,599,purchase,BENGALURU,0
40442,2024-09-13 08:05:35.690693,63442.5,272,refund,CHENNAI,0
36432,2024-09-22 15:31:35.657887,241115.32,671,purchase,PUNE,0
13356,2024-01-07 02:35:35.529613,204296.4,341,purchase,MUMBAI,0
85867,2024-03-29 09:59:35.960754,200067.45,601,purchase,KOLKATA,0
74528,2024-05-11 08:31:35.912273,51783.6,345,refund,SURAT,0
10200,2024-04-28 04:45:35.516564,231885.22,377,purchase,DELHI,0
61199,2024-04-22 00:01:35.834557,68385.9,393,refund,BENGALURU,0
64241,2023-11-21 06:59:35.847379,221968.72,466,purchase,PUNE,0
40222,2024-08-29 20:15:35.689357,223046.18,917,purchase,PUNE,0
34184,2024-10-12 01:35:35.635053,180322.72,684,purchase,DELHI,0
84040,2024-03-27 01:02:35.954051,103553.18,889,purchase,JAIPUR,0
29080,2024-05-17 07:29:35.605829,221066.18,599,purchase,AHMEDABAD,0
23268,2024-03-12 10:13:35.573046,6072.0,130,refund,PUNE,0
80480,2024-05-08 19:54:35.940652,316365.22,331,purchase,BENGALURU,1
28299,2023-11-15 20:46:35.602651,154701.52,436,purchase,MUMBAI,0
40321,2024-09-18 13:39:35.690039,17815.05,362,refund,MUMBAI,0
12650,2023-12-29 07:45:35.526786,293140.65,525,purchase,AHMEDABAD,0
89543,2024-03-09 18:35:35.983875,64245.22,889,refund,PUNE,0
26513,2024-02-01 03:24:35.595571,312392.03,130,cash_out,KOLKATA,0
72255,2024-04-03 05:46:35.900068,406918.88,214,transfer,CHENNAI,0
30641,2024-08-26 16:33:35.611814,174470.18,322,purchase,CHENNAI,0
19125,2024-07-05 09:14:35.554930,44944.35,739,refund,AHMEDABAD,0
96092,2024-07-05 14:58:36.010852,62828.7,583,refund,SURAT,0
29581,2023-11-16 07:00:35.607889,114567.75,20,purchase,KOLKATA,0
94861,2023-10-26 05:25:36.005675,138510.08,949,purchase,CHENNAI,0
50583,2023-12-09 04:57:35.753358,105303.0,625,purchase,DELHI,0
20810,2023-12-04 19:44:35.561817,193955.85,571,purchase,KOLKATA,0
81969,2024-08-20 12:07:35.946185,230109.82,817,purchase,JAIPUR,0
46212,2024-02-06 01:15:35.725677,350692.65,530,cash_out,KOLKATA,0
73706,2023-11-17 09:37:35.907777,11741.4,303,refund,MUMBAI,0
16427,2024-08-30 21:06:35.542754,19293.45,51,refund,DELHI,0
62020,2024-03-31 21:34:35.838566,48500.92,129,refund,MUMBAI,0
11167,2024-03-16 16:49:35.520578,292059.08,879,purchase,HYDERABAD,0
80533,2024-10-14 00:00:35.940828,277610.02,156,purchase,SURAT,0
9616,2024-05-09 21:55:35.514090,139543.8,234,purchase,BENGALURU,0
82367,2023-11-23 21:50:35.947560,124083.3,114,purchase,JAIPUR,0
71346,2023-10-27 05:29:35.895105,81579.3,524,refund,HYDERABAD,0
20805,2024-02-23 17:50:35.561790,401584.42,500,transfer,BENGALURU,1
7323,2024-01-07 08:21:35.504337,400198.43,414,transfer,CHENNAI,0
38825,2024-07-30 07:06:35.673483,128684.32,537,purchase,BENGALURU,0
5121,2024-01-25 03:17:35.494716,147159.38,499,purchase,SURAT,0
2265,2024-09-02 14:14:35.473371,367696.72,236,purchase,MUMBAI,1
16194,2024-10-02 05:40:35.541736,203895.45,286,purchase,PUNE,0
78166,2024-02-27 23:27:35.929772,367516.05,169,cash_out,MUMBAI,1
78452,2024-09-09 13:50:35.931287,381999.75,313,transfer,SURAT,0
33578,2024-03-11 04:40:35.630963,73147.8,443,refund,BENGALURU,0
27625,2024-02-04 04:33:35.599984,302419.42,104,purchase,HYDERABAD,0
51107,2024-07-21 10:52:35.756794,359650.5,873,purchase,BENGALURU,1
70569,2024-04-06 14:08:35.890783,393723.0,615,transfer,SURAT,0
99155,2024-01-15 07:48:36.023975,346958.7,548,purchase,KOLKATA,0
97904,2023-11-12 19:32:36.018706,228492.0,168,purchase,SURAT,0
72601,2024-07-14 01:06:35.902145,61928.62,392,refund,SURAT,0
57152,2024-09-14 07:31:35.813156,65771.48,294,refund,PUNE,0
73064,2023-12-14 00:34:35.904598,271365.6,500,purchase,KOLKATA,0
70315,2023-10-27 08:36:35.889456,8046.22,366,refund,MUMBAI,0
93560,2024-08-04 01:47:35.999972,398345.48,562,transfer,MUMBAI,1
13678,2024-03-14 02:52:35.530892,156663.38,179,purchase,KOLKATA,0
33108,2023-11-18 01:20:35.627854,338297.85,909,cash_out,MUMBAI,0
38513,2024-08-21 12:11:35.671398,101848.72,587,refund,KOLKATA,0
97966,2024-07-28 06:46:36.018947,177390.68,695,purchase,CHENNAI,0
82639,2024-08-26 04:18:35.948504,260895.52,961,purchase,DELHI,0
74454,2024-07-27 01:04:35.911871,297559.35,373,purchase,JAIPUR,0
66906,2024-05-27 19:15:35.859634,408181.12,958,transfer,DELHI,1
54810,2024-06-07 13:02:35.797418,353607.37,435,purchase,PUNE,0
19217,2023-11-11 19:16:35.555478,77472.45,279,refund,DELHI,0
26373,2024-04-03 12:51:35.594924,376327.88,320,transfer,MUMBAI,1
34343,2024-06-22 11:50:35.636017,83526.3,877,refund,DELHI,0
62209,2024-04-24 23:00:35.839204,116989.12,197,purchase,PUNE,0
93265,2024-05-08 15:55:35.998705,24161.78,804,refund,SURAT,0
30882,2024-02-17 13:31:35.613371,70431.08,487,refund,SURAT,0
91219,2024-06-06 01:29:35.990026,298514.7,347,purchase,HYDERABAD,1
99766,2024-09-27 03:44:36.026657,358761.15,284,cash_out,DELHI,1
59608,2024-05-10 03:58:35.826647,52597.87,517,refund,KOLKATA,0
49501,2024-08-16 09:38:35.746889,101091.37,989,refund,BENGALURU,0
79708,2023-10-26 05:03:35.937232,81972.82,421,refund,JAIPUR,0
8553,2024-03-23 07:25:35.509506,155227.05,670,purchase,HYDERABAD,0
87097,2024-01-04 00:28:35.965288,88594.28,139,refund,KOLKATA,0
40047,2024-09-12 22:57:35.688441,397061.78,322,transfer,KOLKATA,0
50467,2024-09-10 23:09:35.752709,27333.9,485,refund,HYDERABAD,0
76539,2024-03-23 05:19:35.921430,114748.42,523,purchase,MUMBAI,0
44879,2024-04-11 04:34:35.717400,116772.15,307,purchase,BENGALURU,0
94882,2024-01-16 21:39:36.005756,124500.75,365,purchase,SURAT,0
36987,2023-11-22 15:08:35.661090,196793.85,396,purchase,CHENNAI,1
40758,2024-07-30 13:45:35.692388,277566.3,651,purchase,HYDERABAD,0
15008,2024-01-07 16:10:35.536357,315923.02,426,purchase,PUNE,0
51822,2024-01-07 20:42:35.761709,76674.68,585,refund,MUMBAI,0
85452,2024-08-01 22:37:35.959282,20455.88,356,refund,MUMBAI,0
77128,2023-11-18 05:50:35.924212,36312.38,625,refund,KOLKATA,0
39182,2024-02-21 01:35:35.683876,344355.82,611,cash_out,SURAT,0
81936,2024-01-14 21:45:35.946075,116919.82,103,purchase,AHMEDABAD,0
7438,2024-05-22 06:28:35.504833,343149.68,954,purchase,BENGALURU,1
51611,2024-04-18 05:11:35.760292,97737.75,177,refund,PUNE,0
38264,2024-06-20 00:27:35.669731,175408.2,620,purchase,HYDERABAD,0
56654,2024-07-23 01:22:35.809931,726.0,451,refund,BENGALURU,0
72746,2024-04-01 11:34:35.902924,126765.38,699,purchase,BENGALURU,0
59452,2023-11-24 23:47:35.825884,349615.2,751,cash_out,CHENNAI,0
71866,2024-02-06 11:35:35.897961,107151.82,908,purchase,HYDERABAD,0
96740,2023-11-24 10:34:36.013539,302211.53,990,purchase,JAIPUR,0
59236,2024-04-02 07:22:35.824970,274720.05,685,purchase,MUMBAI,0
74403,2023-11-01 18:53:35.911568,266024.55,743,purchase,HYDERABAD,0
13041,2023-11-19 05:24:35.528376,208307.55,59,purchase,CHENNAI,0
35470,2024-01-08 06:59:35.650355,129792.3,987,purchase,SURAT,0
73824,2024-08-24 11:44:35.908407,267178.73,163,purchase,SURAT,0
68810,2024-06-29 02:34:35.871190,302559.68,774,purchase,KOLKATA,0
83461,2024-08-28 15:18:35.951922,369406.12,153,purchase,HYDERABAD,1
80946,2024-01-30 17:09:35.942486,77813.18,70,refund,BENGALURU,0
65987,2024-02-28 14:34:35.855196,362707.95,725,purchase,MUMBAI,1
74298,2024-07-16 19:48:35.910994,294021.75,53,purchase,SURAT,0
92419,2024-04-30 14:25:35.995147,159748.88,604,purchase,CHENNAI,0
1647,2023-11-18 10:57:35.470984,330980.1,953,purchase,HYDERABAD,1
73032,2023-12-15 17:29:35.904428,411375.52,201,transfer,CHENNAI,0
82444,2024-01-12 23:55:35.947834,201894.0,286,purchase,BENGALURU,0
432,2024-09-07 07:32:35.464740,310995.3,639,purchase,HYDERABAD,1
21197,2024-04-25 06:00:35.563262,377561.25,605,transfer,JAIPUR,0
43131,2024-08-02 05:47:35.706412,2614.43,61,refund,KOLKATA,0
88283,2023-12-29 20:17:35.970357,314740.8,538,purchase,CHENNAI,0
53762,2024-05-01 11:49:35.790580,125478.38,53,purchase,PUNE,0
29932,2024-03-29 09:27:35.609210,169066.42,807,purchase,KOLKATA,0
36898,2024-01-25 18:09:35.660551,11776.05,62,refund,JAIPUR,0
35811,2024-05-22 22:27:35.653800,201693.52,467,purchase,SURAT,0
74040,2024-05-09 18:58:35.909602,209900.62,327,purchase,DELHI,0
84501,2024-03-27 16:33:35.955736,308679.53,538,purchase,CHENNAI,0
11132,2024-07-06 01:54:35.520433,50811.75,897,refund,JAIPUR,0
48218,2024-02-28 16:45:35.738480,175298.48,739,purchase,SURAT,0
33419,2024-04-19 03:57:35.629911,382824.75,170,transfer,CHENNAI,0
28819,2024-01-08 11:04:35.604774,88118.25,773,refund,DELHI,0
42312,2024-05-03 21:24:35.701267,359596.88,799,purchase,JAIPUR,0
25015,2024-06-04 02:57:35.588330,264480.15,260,purchase,MUMBAI,0
58407,2024-03-01 10:07:35.822193,130151.17,637,purchase,JAIPUR,0
66060,2023-11-04 23:40:35.855589,127279.35,473,purchase,PUNE,0
73507,2024-03-17 01:43:35.906784,176697.68,169,purchase,JAIPUR,0
52933,2024-01-13 02:15:35.770432,394921.72,488,transfer,PUNE,0
22509,2023-12-05 04:31:35.569607,380664.07,114,transfer,PUNE,0
59671,2024-08-16 15:23:35.826930,349135.05,999,purchase,CHENNAI,0
965,2024-10-11 16:59:35.467282,404562.68,238,transfer,MUMBAI,1
87658,2024-09-01 01:40:35.967373,72649.5,31,refund,AHMEDABAD,0
53869,2024-05-24 04:48:35.791265,167831.4,922,purchase,SURAT,0
50131,2023-12-19 18:29:35.750789,328339.27,657,purchase,BENGALURU,1
42936,2023-12-14 06:27:35.705136,218643.98,284,purchase,DELHI,0
16910,2024-07-29 10:01:35.545190,191522.1,61,purchase,PUNE,0
22302,2024-03-05 17:13:35.568232,126408.15,316,purchase,SURAT,0
76931,2024-07-17 12:21:35.923277,205313.62,319,purchase,KOLKATA,0
1124,2024-05-23 10:00:35.468057,245775.75,151,purchase,MUMBAI,0
92049,2024-06-02 00:44:35.993334,274658.18,586,purchase,PUNE,0
71925,2024-10-08 17:14:35.898287,243162.97,348,purchase,CHENNAI,0
99243,2024-08-15 07:52:36.024321,203567.1,51,purchase,CHENNAI,0
29032,2024-04-24 01:19:35.605636,385579.42,364,transfer,AHMEDABAD,0
19725,2024-06-29 01:53:35.557725,229574.4,123,purchase,SURAT,0
56932,2024-07-06 12:11:35.811723,39399.52,402,refund,AHMEDABAD,0
51031,2024-10-09 07:38:35.756289,190887.68,533,purchase,MUMBAI,0
96590,2024-08-10 21:12:36.012935,380648.4,165,transfer,PUNE,0
57183,2024-07-06 12:04:35.813361,259342.88,88,purchase,PUNE,0
45354,2024-02-07 12:40:35.720207,82947.97,574,refund,MUMBAI,0
60087,2024-07-03 00:10:35.828567,213679.13,221,purchase,DELHI,0
86156,2024-01-08 12:11:35.961947,265815.0,859,purchase,SURAT,0
49021,2024-06-17 22:53:35.743697,306269.7,320,purchase,CHENNAI,0
57502,2024-01-09 12:19:35.815460,190490.02,88,purchase,CHENNAI,0
63923,2024-03-15 10:16:35.846249,93559.95,568,refund,HYDERABAD,0
61168,2023-12-28 10:08:35.834377,271389.53,495,purchase,KOLKATA,0
99000,2024-05-31 18:38:36.023283,129355.05,106,purchase,HYDERABAD,0
57983,2023-12-06 01:42:35.819929,184532.7,840,purchase,SURAT,0
23670,2024-09-23 17:46:35.582561,164237.7,137,purchase,AHMEDABAD,0
13218,2024-08-30 01:45:35.529083,187787.32,132,purchase,AHMEDABAD,0
35936,2024-06-18 06:50:35.654629,231148.5,308,purchase,MUMBAI,1
81777,2024-10-19 13:20:35.945492,303506.77,266,purchase,AHMEDABAD,0
36212,2024-05-15 07:54:35.656458,94683.6,187,refund,AHMEDABAD,0
89981,2024-07-31 05:25:35.985450,86337.08,587,refund,SURAT,0
11191,2024-08-17 21:52:35.520681,258267.9,320,purchase,KOLKATA,0
16139,2024-04-19 03:23:35.541489,108102.22,119,purchase,HYDERABAD,0
13035,2024-04-10 02:57:35.528356,374318.18,412,transfer,BENGALURU,1
11760,2024-07-08 16:53:35.522976,295251.0,439,purchase,KOLKATA,0
64102,2023-11-23 05:03:35.846849,360303.9,73,cash_out,SURAT,0
22461,2024-02-08 06:42:35.569283,119625.0,785,purchase,SURAT,0
21187,2024-05-11 14:26:35.563200,130295.55,406,purchase,SURAT,0
22259,2024-03-31 02:05:35.567953,160452.6,707,purchase,JAIPUR,0
55239,2024-03-27 08:07:35.800224,7958.78,501,refund,BENGALURU,0
72847,2024-08-12 04:27:35.903442,129063.83,804,purchase,MUMBAI,0
38280,2023-12-29 14:55:35.669839,147056.25,302,purchase,AHMEDABAD,0
43016,2024-09-30 17:57:35.705686,108185.55,233,purchase,PUNE,0
95611,2024-06-09 09:35:36.008802,290880.15,389,purchase,JAIPUR,0
18956,2024-03-31 07:55:35.553827,75030.45,696,refund,KOLKATA,0
18223,2023-12-22 01:18:35.550660,261049.8,780,purchase,DELHI,0
69344,2024-01-02 10:39:35.884141,589.88,694,refund,MUMBAI,0
40992,2024-02-16 16:37:35.693746,314138.55,504,purchase,PUNE,0
99826,2024-05-23 09:20:36.026895,45496.28,650,refund,HYDERABAD,0
43157,2024-03-10 22:16:35.706576,97413.52,744,refund,KOLKATA,0
48514,2024-08-22 10:10:35.740239,227819.62,656,purchase,AHMEDABAD,0
64218,2024-10-02 15:31:35.847302,395005.05,554,transfer,SURAT,0
53959,2024-08-27 14:56:35.791848,222676.58,504,purchase,BENGALURU,0
69895,2024-08-27 15:23:35.887254,408301.57,984,transfer,SURAT,0
76776,2024-08-04 10:29:35.922541,167483.25,204,purchase,CHENNAI,0
35424,2024-05-09 07:50:35.650044,280998.3,294,purchase,CHENNAI,0
26259,2024-04-26 20:15:35.594526,180358.2,36,purchase,HYDERABAD,0
15887,2024-07-01 02:23:35.540533,68827.27,296,refund,MUMBAI,0
7135,2024-07-14 13:31:35.503590,2875.95,580,refund,CHENNAI,0
2580,2024-02-13 17:53:35.483286,237280.72,680,purchase,JAIPUR,0
43626,2024-04-21 23:04:35.709581,60309.15,407,refund,JAIPUR,0
51371,2024-03-24 23:45:35.758702,230871.3,916,purchase,CHENNAI,0
40676,2024-07-10 13:16:35.691947,124947.9,688,purchase,HYDERABAD,0
56197,2024-02-26 00:22:35.806914,73879.58,957,refund,JAIPUR,0
76197,2024-01-20 21:26:35.920076,386189.92,582,transfer,MUMBAI,1
95111,2024-07-05 00:37:36.006719,175959.3,105,purchase,HYDERABAD,0
90352,2024-01-03 21:20:35.986857,385704.82,911,transfer,KOLKATA,0
15037,2024-10-20 19:19:35.536486,397557.6,447,transfer,MUMBAI,1
2396,2024-06-20 04:29:35.482133,95273.48,583,refund,HYDERABAD,0
59310,2024-07-09 04:11:35.825217,238968.68,310,purchase,DELHI,0
36044,2024-01-21 06:32:35.655349,372207.0,210,transfer,MUMBAI,1
25839,2023-11-03 21:14:35.592353,141859.58,963,purchase,AHMEDABAD,0
89009,2023-10-31 19:10:35.973036,342719.85,622,purchase,BENGALURU,1
62865,2024-01-01 16:22:35.841676,376482.15,837,transfer,MUMBAI,1
85956,2024-05-04 13:14:35.961124,192492.3,211,purchase,DELHI,0
72590,2024-07-23 09:42:35.902088,31823.55,702,refund,DELHI,0
69880,2023-11-15 01:14:35.887180,242299.2,337,purchase,BENGALURU,0
10329,2023-11-23 21:22:35.517104,29172.82,716,refund,DELHI,0
85812,2023-11-18 15:28:35.960553,101871.82,491,refund,CHENNAI,0
34345,2023-12-12 19:03:35.636029,227610.9,492,purchase,AHMEDABAD,0
10496,2024-04-24 10:40:35.517848,337918.35,956,purchase,KOLKATA,0
49194,2024-10-06 16:46:35.744815,75952.8,412,refund,MUMBAI,0
24778,2024-03-25 19:38:35.587266,295959.68,755,purchase,DELHI,0
35988,2024-08-10 13:02:35.654981,342003.75,76,purchase,PUNE,0
16645,2023-12-21 23:51:35.544139,3077.25,45,refund,MUMBAI,0
55340,2024-05-29 06:52:35.800900,357972.45,513,purchase,HYDERABAD,0
93041,2024-07-01 02:46:35.997812,121812.08,927,purchase,MUMBAI,0
18331,2024-06-25 18:59:35.551087,49294.58,728,refund,CHENNAI,0
41864,2024-09-23 21:43:35.698560,302927.62,807,purchase,BENGALURU,0
57246,2024-05-26 05:45:35.813828,214272.3,374,purchase,HYDERABAD,0
56503,2024-03-19 20:15:35.808875,197505.82,110,purchase,SURAT,0
18708,2024-07-28 13:17:35.552657,358240.58,520,purchase,HYDERABAD,1
54643,2024-02-09 10:34:35.796351,220185.9,387,purchase,BENGALURU,0
84415,2024-09-02 06:31:35.955404,189189.82,231,purchase,SURAT,0
11476,2024-01-24 00:23:35.521839,281682.22,561,purchase,CHENNAI,0
77238,2024-07-29 19:40:35.924895,247126.28,495,purchase,JAIPUR,0
57770,2023-11-26 10:06:35.817181,258796.72,999,purchase,AHMEDABAD,0
84580,2024-06-10 06:29:35.956025,262404.45,565,purchase,DELHI,0
60441,2024-09-01 07:44:35.829916,172231.95,356,purchase,KOLKATA,0
73161,2024-01-04 06:03:35.905106,303032.4,235,purchase,AHMEDABAD,0
81910,2024-10-06 13:22:35.945989,294091.05,696,purchase,HYDERABAD,0
15685,2024-09-21 18:03:35.539694,268410.45,455,purchase,BENGALURU,0
34185,2024-05-10 20:48:35.635060,165569.25,918,purchase,KOLKATA,0
15923,2023-12-30 05:32:35.540653,383484.75,28,transfer,BENGALURU,1
71026,2024-09-12 12:06:35.893309,398343.82,427,transfer,JAIPUR,0
79722,2023-11-15 03:40:35.937298,340356.22,420,cash_out,BENGALURU,0
6287,2024-08-11 06:59:35.499870,95668.65,459,refund,BENGALURU,0
5779,2024-10-09 03:22:35.497430,50418.22,11,refund,HYDERABAD,0
64186,2024-07-09 22:22:35.847194,140502.45,543,purchase,PUNE,0
34659,2024-01-09 03:52:35.644796,364037.85,850,cash_out,JAIPUR,1
63381,2024-03-27 22:30:35.843906,342483.9,988,cash_out,MUMBAI,1
62368,2024-02-09 20:36:35.839758,25469.4,155,refund,KOLKATA,0
27051,2023-11-30 06:15:35.597728,356230.05,181,purchase,MUMBAI,1
20395,2024-07-10 14:22:35.560322,278653.65,917,purchase,DELHI,0
60753,2024-05-24 16:18:35.831806,183203.62,309,purchase,CHENNAI,0
44995,2024-06-01 18:59:35.718168,33474.38,334,refund,JAIPUR,0
73647,2024-03-24 18:17:35.907558,143363.55,190,purchase,HYDERABAD,0
73630,2024-07-18 02:14:35.907460,378698.92,103,transfer,DELHI,1
21030,2024-04-26 07:16:35.562591,81717.08,694,refund,JAIPUR,0
64359,2024-04-19 09:19:35.847779,79047.38,548,refund,CHENNAI,0
21789,2024-04-29 20:19:35.565659,78725.62,690,refund,AHMEDABAD,0
30458,2024-06-04 12:18:35.611101,233556.68,16,purchase,PUNE,0
23852,2024-02-07 07:19:35.583394,105468.0,594,purchase,SURAT,0
26460,2024-03-19 04:48:35.595383,329956.27,405,cash_out,SURAT,0
57884,2024-03-17 23:16:35.819295,49910.02,460,refund,DELHI,0
16021,2024-09-12 04:35:35.541066,321902.62,825,cash_out,SURAT,0
5061,2024-01-29 07:27:35.494421,31495.2,496,refund,CHENNAI,0
5730,2024-09-26 11:21:35.497199,132703.72,342,purchase,PUNE,0
66233,2024-10-09 18:19:35.856467,124993.28,301,purchase,PUNE,0
15072,2024-03-04 02:13:35.536662,220216.42,632,purchase,MUMBAI,0
34804,2024-06-02 03:21:35.645774,335553.9,335,cash_out,CHENNAI,0
81991,2024-09-17 14:04:35.946257,375594.45,884,transfer,AHMEDABAD,0
23532,2024-05-08 08:10:35.582055,192049.28,230,purchase,HYDERABAD,0
8609,2024-06-06 21:10:35.509770,279198.15,836,purchase,CHENNAI,0
71899,2024-08-21 13:06:35.898150,231014.02,881,purchase,PUNE,0
55336,2023-11-30 07:40:35.800873,50828.25,555,refund,PUNE,0
8698,2024-06-18 09:03:35.510119,382540.13,820,transfer,SURAT,0
7011,2024-07-04 06:50:35.503015,248290.35,199,purchase,KOLKATA,0
37962,2023-11-30 07:34:35.667696,315673.88,423,purchase,BENGALURU,1
36470,2024-07-13 13:28:35.658107,320870.55,76,purchase,BENGALURU,1
3471,2023-12-25 07:42:35.487312,337625.48,521,purchase,AHMEDABAD,0
99776,2024-09-06 16:25:36.026691,255196.42,780,purchase,SURAT,0
65933,2024-04-17 23:10:35.854928,19064.1,385,refund,BENGALURU,0
70796,2024-05-01 11:12:35.891973,309776.77,617,purchase,KOLKATA,0
37358,2024-01-23 12:05:35.663589,25688.02,206,refund,HYDERABAD,0
75016,2024-03-28 04:27:35.914516,229828.5,869,purchase,PUNE,0
36289,2024-02-13 21:12:35.656961,173968.58,509,purchase,AHMEDABAD,0
91836,2024-08-16 09:48:35.992239,322337.4,64,purchase,JAIPUR,0
23410,2024-08-07 20:47:35.573532,32367.22,799,refund,PUNE,0
84407,2024-07-04 15:01:35.955378,202387.35,220,purchase,JAIPUR,0
39611,2024-07-06 17:03:35.686117,86924.48,209,refund,JAIPUR,0
19944,2024-06-22 14:57:35.558634,242506.28,714,purchase,AHMEDABAD,0
25723,2023-12-11 17:35:35.591587,201177.9,802,purchase,KOLKATA,0
15861,2023-11-06 22:13:35.540445,214071.82,661,purchase,AHMEDABAD,0
14031,2023-11-20 00:48:35.532329,84471.75,736,refund,KOLKATA,0
45225,2024-06-22 08:34:35.719486,23194.05,117,refund,KOLKATA,0
76716,2023-12-29 17:43:35.922217,320943.97,826,purchase,HYDERABAD,1
91303,2024-05-16 17:09:35.990315,310857.52,508,purchase,PUNE,0
4112,2024-01-22 07:51:35.490203,343321.28,562,purchase,CHENNAI,0
28379,2023-11-26 06:55:35.603007,77173.8,445,refund,BENGALURU,0
30973,2024-02-23 16:04:35.614024,159854.48,129,purchase,CHENNAI,0
56599,2023-11-11 15:46:35.809587,76790.18,515,refund,JAIPUR,0
84521,2024-06-27 06:18:35.955816,207794.4,470,purchase,HYDERABAD,0
61922,2024-05-14 15:18:35.838241,30156.22,68,refund,BENGALURU,0
13251,2024-05-05 21:53:35.529236,187830.22,166,purchase,JAIPUR,0
42569,2024-08-25 00:28:35.702888,385258.5,374,transfer,MUMBAI,1
63908,2024-01-16 19:01:35.846190,392017.72,142,transfer,DELHI,1
66288,2024-07-29 14:00:35.856675,176177.1,761,purchase,DELHI,0
79014,2023-11-13 04:33:35.933738,223814.25,352,purchase,MUMBAI,0
59211,2023-11-01 21:58:35.824886,175371.9,995,purchase,PUNE,0
49949,2023-11-30 03:24:35.749783,181797.0,595,purchase,MUMBAI,0
29296,2024-05-09 19:40:35.606679,231942.15,745,purchase,KOLKATA,0
95600,2024-08-30 09:53:36.008761,261501.08,900,purchase,MUMBAI,0
75008,2024-02-10 12:51:35.914469,389176.42,21,transfer,SURAT,0
92282,2023-11-05 08:00:35.994522,154949.85,259,purchase,HYDERABAD,0
91771,2024-04-11 10:27:35.991929,378311.18,113,transfer,SURAT,0
91917,2024-05-07 21:33:35.992706,331494.08,906,purchase,KOLKATA,0
42353,2024-06-15 18:31:35.701541,7198.12,804,refund,KOLKATA,1
4824,2024-03-05 16:51:35.493406,274516.27,410,purchase,CHENNAI,0
96935,2023-10-25 01:30:36.014457,35391.68,396,refund,KOLKATA,0
84377,2024-06-19 15:00:35.955268,301585.35,652,purchase,AHMEDABAD,0
65774,2024-07-08 11:05:35.854179,233592.15,476,purchase,JAIPUR,0
35748,2024-06-19 10:49:35.652194,144593.62,871,purchase,PUNE,0
9157,2024-09-17 22:11:35.512045,89454.75,758,refund,KOLKATA,0
14463,2023-11-06 07:31:35.534061,63293.18,10,refund,CHENNAI,0
48197,2024-05-01 14:44:35.738369,47683.35,531,refund,SURAT,0
99587,2024-09-17 17:26:36.025920,97325.25,156,refund,SURAT,0
19032,2024-05-15 20:31:35.554318,11445.22,135,refund,HYDERABAD,0
16428,2024-02-08 19:15:35.542759,378621.38,969,transfer,SURAT,0
28321,2024-09-27 05:06:35.602753,250460.92,721,purchase,SURAT,0
55611,2024-01-31 13:20:35.803189,47581.88,769,refund,SURAT,0
51591,2024-06-18 00:39:35.760160,208741.5,213,purchase,SURAT,0
40289,2023-10-24 09:17:35.689854,262046.4,574,purchase,BENGALURU,0
39077,2024-05-29 14:25:35.683332,303012.6,385,purchase,CHENNAI,0
17872,2023-10-31 00:38:35.549222,140118.0,402,purchase,BENGALURU,0
57542,2024-03-24 05:21:35.815719,378242.7,986,transfer,MUMBAI,1
64319,2024-06-26 11:18:35.847645,243097.8,650,purchase,CHENNAI,0
49652,2024-07-31 15:57:35.747895,49990.88,63,refund,HYDERABAD,0
63711,2024-08-21 21:48:35.845288,227815.5,823,purchase,HYDERABAD,0
52235,2024-05-31 04:39:35.764433,172725.3,85,purchase,JAIPUR,0
62632,2023-12-03 15:59:35.840657,406542.68,828,transfer,JAIPUR,0
34724,2023-12-29 07:25:35.645232,240742.42,726,purchase,CHENNAI,0
14532,2024-02-29 15:14:35.534339,147399.45,884,purchase,PUNE,0
83106,2024-10-13 04:21:35.950422,198674.85,510,purchase,AHMEDABAD,0
27818,2024-09-18 15:00:35.600792,205063.65,453,purchase,HYDERABAD,0
1542,2024-08-14 11:14:35.470511,137255.25,313,purchase,DELHI,0
32136,2024-05-25 05:33:35.622011,344353.35,142,cash_out,PUNE,0
68656,2024-07-25 06:39:35.870178,71803.05,310,refund,HYDERABAD,0
64911,2023-11-28 02:03:35.850027,11090.48,78,refund,SURAT,0
12850,2024-07-22 21:27:35.527620,109277.02,724,purchase,JAIPUR,0
42140,2024-08-13 01:18:35.700161,376475.55,584,transfer,MUMBAI,1
32785,2024-02-07 01:48:35.625787,19395.75,727,refund,SURAT,0
16513,2024-08-04 20:15:35.543450,152219.1,555,purchase,MUMBAI,0
4433,2024-07-09 15:37:35.491689,361470.45,155,purchase,PUNE,0
27052,2024-08-27 19:25:35.597735,130657.72,954,purchase,BENGALURU,0
42218,2024-02-09 22:11:35.700664,131881.2,687,purchase,MUMBAI,0
75784,2024-01-23 21:53:35.918283,240274.65,418,purchase,HYDERABAD,0
60123,2024-03-01 18:50:35.828689,84173.1,496,refund,HYDERABAD,0
38155,2024-01-19 07:57:35.668982,369128.1,636,purchase,BENGALURU,1
25952,2024-07-20 13:09:35.593084,285162.08,840,purchase,AHMEDABAD,0
81836,2024-03-19 12:47:35.945725,249974.18,663,purchase,SURAT,0
13842,2024-06-18 15:34:35.531559,210779.25,403,purchase,SURAT,0
39202,2024-10-05 21:09:35.683976,166155.0,969,purchase,JAIPUR,0
46360,2024-06-16 15:53:35.726659,351430.2,483,purchase,PUNE,0
73934,2024-06-11 01:47:35.909072,386027.4,24,transfer,SURAT,0
12646,2024-03-01 00:29:35.526773,2175.52,864,refund,JAIPUR,0
32725,2024-02-24 04:04:35.625417,142920.52,94,purchase,PUNE,0
2036,2024-07-14 18:14:35.472576,121072.05,480,purchase,BENGALURU,0
80626,2024-06-29 19:27:35.941162,341180.4,450,purchase,JAIPUR,0
27166,2024-08-05 18:17:35.598169,162511.8,412,purchase,AHMEDABAD,0
99074,2024-09-28 17:28:36.023607,288597.38,392,purchase,MUMBAI,0
28517,2023-11-02 03:03:35.603600,84640.05,25,refund,KOLKATA,0
61581,2024-01-16 19:40:35.836997,383040.9,986,transfer,MUMBAI,1
11375,2024-09-03 09:50:35.521396,348858.68,396,purchase,CHENNAI,0
26312,2024-02-05 13:06:35.594721,105471.3,796,purchase,BENGALURU,0
56381,2023-12-10 12:03:35.808102,7202.25,352,refund,KOLKATA,0
44013,2024-10-07 22:04:35.712095,262180.88,915,purchase,AHMEDABAD,0
83933,2024-05-20 03:08:35.953675,149053.58,975,purchase,BENGALURU,0
67821,2024-07-11 00:36:35.864784,330980.1,461,cash_out,AHMEDABAD,0
65675,2024-10-04 23:53:35.853681,164990.1,89,purchase,HYDERABAD,0
27259,2024-05-18 23:00:35.598546,157636.05,920,purchase,BENGALURU,0
6646,2024-07-20 10:55:35.501475,103462.42,793,purchase,AHMEDABAD,0
53117,2023-11-23 08:30:35.786303,15330.98,159,refund,KOLKATA,0
8969,2024-10-18 15:33:35.511252,148273.12,418,purchase,KOLKATA,0
66410,2024-08-19 01:35:35.857225,395000.1,749,transfer,CHENNAI,0
62974,2024-01-05 10:25:35.842275,411964.58,897,transfer,AHMEDABAD,0
6860,2024-01-13 18:49:35.502462,124325.02,836,purchase,MUMBAI,0
61053,2024-03-15 16:00:35.833688,273472.65,897,purchase,DELHI,0
75997,2024-02-24 04:50:35.919201,22996.05,81,refund,SURAT,0
88133,2024-09-03 04:37:35.969351,334205.02,530,cash_out,MUMBAI,1
82275,2023-11-03 13:57:35.947248,277557.22,923,purchase,KOLKATA,0
49368,2024-04-22 12:59:35.745996,20015.32,166,refund,JAIPUR,0
37531,2024-04-19 09:13:35.664744,162189.22,61,purchase,DELHI,0
22415,2024-04-01 12:15:35.568985,389783.62,568,transfer,AHMEDABAD,0
33272,2024-08-28 04:01:35.628933,17584.88,109,refund,JAIPUR,0
92435,2024-01-21 22:51:35.995201,44659.73,393,refund,CHENNAI,0
14908,2023-11-20 09:45:35.535950,26835.6,476,refund,JAIPUR,0
93067,2024-01-24 15:15:35.997938,26643.38,731,refund,CHENNAI,0
59685,2024-10-01 07:55:35.827017,319934.18,630,purchase,BENGALURU,0
83075,2024-06-05 03:30:35.950311,189255.82,611,purchase,AHMEDABAD,0
86210,2024-04-10 04:45:35.962139,211999.42,670,purchase,JAIPUR,0
16625,2024-01-15 06:42:35.544062,327994.42,576,purchase,PUNE,0
11392,2024-03-24 16:02:35.521461,370220.4,77,purchase,SURAT,0
31395,2024-03-10 17:04:35.617045,189152.7,395,purchase,PUNE,0
80539,2023-11-25 02:11:35.940848,89035.65,859,refund,PUNE,0
73012,2023-11-13 14:48:35.904324,256516.42,706,purchase,DELHI,0
13763,2024-03-08 02:11:35.531247,32316.07,79,refund,CHENNAI,0
97216,2023-11-21 06:28:36.015665,302163.68,420,purchase,SURAT,0
44408,2023-12-30 22:25:35.714345,182128.65,503,purchase,MUMBAI,0
52882,2024-10-05 12:18:35.770234,294958.12,880,purchase,DELHI,0
65817,2024-06-10 20:49:35.854385,74491.72,636,refund,SURAT,0
43419,2023-11-24 02:27:35.708228,83746.58,735,refund,CHENNAI,0
45526,2024-05-26 03:18:35.721202,341845.35,402,cash_out,CHENNAI,0
72085,2024-01-12 13:15:35.899137,142380.15,178,purchase,CHENNAI,0
70953,2024-03-06 15:15:35.892921,249112.05,143,purchase,SURAT,0
73334,2024-05-10 05:39:35.906070,121416.08,503,purchase,CHENNAI,0
77996,2023-12-30 04:55:35.928779,81108.23,284,refund,KOLKATA,0
15834,2024-01-02 06:40:35.540355,86869.2,722,refund,MUMBAI,0
4345,2024-02-17 01:56:35.491329,310329.53,390,cash_out,JAIPUR,0
89278,2024-07-10 00:13:35.982487,38145.52,18,refund,MUMBAI,0
21839,2024-07-25 05:26:35.565834,255750.0,370,purchase,PUNE,0
89316,2024-05-08 23:27:35.982714,250111.95,585,purchase,DELHI,0
94297,2023-12-09 03:46:36.003216,15840.0,558,refund,BENGALURU,0
9639,2024-05-06 10:07:35.514186,298716.82,875,purchase,DELHI,1
19054,2024-03-24 01:21:35.554466,292109.4,205,purchase,CHENNAI,0
99027,2024-04-04 19:45:36.023413,58839.82,690,refund,HYDERABAD,0
48192,2024-07-16 10:22:35.738343,189809.4,540,purchase,BENGALURU,0
48170,2024-04-30 16:54:35.738212,232008.98,559,purchase,BENGALURU,0
89751,2024-03-23 00:45:35.984612,410244.45,385,transfer,CHENNAI,0
55653,2024-10-06 11:37:35.803447,130140.45,488,purchase,JAIPUR,0
12158,2024-08-20 02:04:35.524760,215556.0,822,purchase,MUMBAI,0
87782,2024-07-13 18:16:35.968043,332308.35,903,purchase,JAIPUR,0
99083,2024-10-07 01:06:36.023654,126405.68,298,purchase,BENGALURU,0
50520,2024-07-12 19:29:35.753001,114695.62,129,purchase,HYDERABAD,0
31190,2024-04-14 22:38:35.615652,329238.53,333,cash_out,SURAT,0
58334,2024-05-02 00:17:35.821949,250877.55,598,purchase,MUMBAI,0
51000,2024-03-19 19:47:35.756088,202898.85,826,purchase,JAIPUR,0
21573,2024-06-09 12:01:35.564897,200734.88,475,purchase,PUNE,0
72275,2024-04-08 10:06:35.900175,207405.82,606,purchase,JAIPUR,0
45696,2024-09-01 06:44:35.722239,173985.08,557,purchase,CHENNAI,0
78167,2024-10-11 22:07:35.929777,401965.58,347,transfer,HYDERABAD,1
55522,2024-05-16 14:18:35.802081,324066.6,29,purchase,DELHI,0
41799,2024-02-18 15:42:35.698182,183693.68,128,purchase,JAIPUR,0
98748,2024-04-02 17:22:36.022214,103610.92,758,purchase,DELHI,0
17049,2024-07-16 19:49:35.545795,282843.0,299,purchase,PUNE,0
86552,2024-04-20 19:13:35.963333,210365.1,780,purchase,MUMBAI,0
69785,2023-11-24 05:51:35.886661,87629.02,560,refund,MUMBAI,0
79190,2024-07-12 14:49:35.935035,281584.05,159,purchase,BENGALURU,0
64709,2023-12-13 04:04:35.849111,233691.15,580,purchase,JAIPUR,0
86337,2024-09-06 19:04:35.962572,329426.62,803,purchase,CHENNAI,0
56574,2024-02-24 04:24:35.809413,262633.8,949,purchase,BENGALURU,0
29049,2024-09-13 17:34:35.605724,292202.62,1000,purchase,PUNE,0
96425,2023-10-22 13:56:36.012247,362176.65,215,purchase,HYDERABAD,1
61013,2023-12-20 18:16:35.833414,192279.45,566,purchase,JAIPUR,0
59698,2024-07-03 14:57:35.827105,390198.6,543,transfer,BENGALURU,1
2642,2024-05-24 09:41:35.483592,157835.7,639,purchase,KOLKATA,0
4590,2023-12-05 04:57:35.492329,86087.92,139,refund,BENGALURU,0
27604,2024-07-15 06:55:35.599867,401742.82,400,transfer,PUNE,0
49885,2024-09-04 01:33:35.749425,357237.37,710,cash_out,SURAT,0
27603,2023-11-20 12:28:35.599861,407686.95,704,transfer,KOLKATA,0
70329,2024-01-08 05:21:35.889525,270114.08,916,purchase,HYDERABAD,0
70657,2024-07-14 19:05:35.891244,61008.75,459,refund,HYDERABAD,0
45180,2024-10-01 15:13:35.719244,382166.4,408,transfer,MUMBAI,1
27141,2023-11-17 23:36:35.598085,138910.2,984,purchase,KOLKATA,0
57198,2024-10-02 19:14:35.813460,303259.27,629,purchase,MUMBAI,0
90909,2023-12-27 02:52:35.988755,101436.22,155,refund,CHENNAI,0
87072,2024-06-18 09:52:35.965205,215301.08,22,purchase,AHMEDABAD,0
29355,2024-05-02 10:44:35.606893,308625.9,956,purchase,HYDERABAD,0
15665,2024-02-06 23:24:35.539570,353223.75,455,cash_out,PUNE,0
21571,2024-07-22 13:26:35.564890,222410.1,551,purchase,BENGALURU,0
54930,2024-03-28 22:18:35.798226,96122.4,618,refund,PUNE,0
52245,2024-06-11 08:51:35.764498,363217.8,654,purchase,SURAT,0
95369,2024-04-05 07:01:36.007790,166178.92,49,purchase,DELHI,0
33869,2024-01-18 17:43:35.632892,49708.72,720,refund,CHENNAI,0
14080,2024-10-11 11:28:35.532535,380452.05,399,transfer,JAIPUR,0
59826,2024-05-10 00:54:35.827660,120321.3,986,purchase,CHENNAI,0
85714,2024-03-28 22:08:35.960214,59725.05,494,refund,PUNE,0
96776,2024-07-27 00:09:36.013780,267307.42,269,purchase,MUMBAI,0
65985,2024-03-09 11:02:35.855184,124862.1,630,purchase,JAIPUR,0
14950,2024-06-04 02:37:35.536128,303222.97,750,purchase,JAIPUR,0
47591,2024-07-26 09:34:35.734655,386996.78,340,transfer,CHENNAI,0
2885,2024-09-21 13:18:35.484658,57436.5,971,refund,KOLKATA,0
93473,2024-03-03 01:39:35.999579,309049.95,881,cash_out,JAIPUR,0
60263,2024-09-18 07:45:35.829166,64502.62,853,refund,SURAT,0
63142,2024-03-15 06:32:35.843048,390400.72,638,transfer,KOLKATA,0
34428,2024-05-18 08:21:35.636574,203813.78,866,purchase,SURAT,0
40861,2023-12-30 01:43:35.692924,173122.12,84,purchase,DELHI,0
6436,2024-01-06 01:25:35.500512,36262.88,541,refund,BENGALURU,0
75788,2024-04-26 04:48:35.918296,69333.82,209,refund,BENGALURU,0
97631,2024-09-26 16:34:36.017442,358579.65,190,purchase,DELHI,1
47082,2024-09-27 14:04:35.731246,70227.3,952,refund,BENGALURU,0
6912,2024-09-07 23:42:35.502638,316179.6,310,cash_out,AHMEDABAD,0
97349,2024-06-27 08:13:36.016244,234281.85,649,purchase,CHENNAI,0
48807,2024-10-11 17:11:35.742260,175916.4,248,purchase,DELHI,0
81741,2023-11-22 13:14:35.945371,405541.12,562,transfer,HYDERABAD,1
21275,2024-09-27 18:09:35.563583,25829.92,891,refund,DELHI,0
79591,2024-06-23 11:54:35.936655,265442.1,957,purchase,JAIPUR,0
74476,2024-01-27 20:58:35.912005,1883.48,605,refund,HYDERABAD,0
89579,2024-04-20 09:10:35.984039,291475.8,110,purchase,KOLKATA,0
28256,2024-05-15 16:02:35.602507,88160.32,308,refund,HYDERABAD,0
502,2024-05-19 08:00:35.465164,204241.95,829,purchase,SURAT,0
23748,2023-12-30 15:16:35.582861,321685.65,866,purchase,DELHI,1
10301,2024-10-03 11:40:35.516981,15800.4,73,refund,JAIPUR,0
43378,2024-08-09 01:39:35.707964,386566.95,205,transfer,JAIPUR,0
24639,2024-01-26 20:14:35.586696,292592.85,748,purchase,JAIPUR,0
56041,2024-07-23 01:03:35.805937,215938.8,374,purchase,KOLKATA,0
47131,2023-12-07 01:37:35.731572,158814.98,224,purchase,KOLKATA,0
1485,2024-01-21 04:16:35.470314,339443.78,479,cash_out,BENGALURU,1
89471,2024-06-18 15:51:35.983629,84576.52,260,refund,AHMEDABAD,0
91930,2024-03-14 02:17:35.992780,391160.55,948,transfer,MUMBAI,1
21836,2024-10-17 08:31:35.565817,133844.7,916,purchase,KOLKATA,0
16578,2024-02-02 10:13:35.543796,252647.18,678,purchase,CHENNAI,0
79734,2024-05-27 04:11:35.937366,200112.0,321,purchase,PUNE,0
27612,2024-02-12 10:58:35.599917,196180.05,745,purchase,KOLKATA,0
43529,2024-03-15 15:32:35.708942,350885.7,637,purchase,DELHI,1
87474,2024-03-24 08:08:35.966679,107355.6,226,purchase,AHMEDABAD,0
89511,2024-01-27 16:09:35.983762,38800.57,95,refund,BENGALURU,0
6485,2024-02-25 17:17:35.500740,157492.5,345,purchase,KOLKATA,0
88270,2024-08-23 11:13:35.970281,327324.53,945,purchase,AHMEDABAD,1
1236,2024-07-03 11:48:35.468806,167399.1,425,purchase,SURAT,0
53471,2024-06-07 21:29:35.788648,60339.68,541,refund,PUNE,0
92715,2024-10-17 15:16:35.996372,101102.92,870,refund,MUMBAI,0
31112,2024-06-05 12:50:35.614956,388745.78,418,transfer,BENGALURU,1
88325,2024-10-15 01:04:35.970502,102956.7,291,purchase,MUMBAI,0
1370,2023-12-27 07:35:35.469776,32490.98,367,refund,HYDERABAD,0
23208,2024-05-16 08:30:35.572833,191734.13,775,purchase,AHMEDABAD,0
50184,2023-11-17 19:08:35.751080,91194.68,32,refund,SURAT,0
18633,2023-11-10 00:37:35.552372,365251.42,856,cash_out,DELHI,1
73742,2024-01-09 02:12:35.907933,237529.05,996,purchase,KOLKATA,0
20179,2024-05-07 07:25:35.559592,35740.65,381,refund,DELHI,0
22963,2024-07-08 09:43:35.571984,391098.68,863,transfer,MUMBAI,1
83091,2024-01-14 08:01:35.950365,381720.08,153,transfer,DELHI,1
98579,2024-10-09 15:18:36.021510,165963.6,166,purchase,BENGALURU,0
32134,2024-10-01 16:40:35.621998,76862.77,778,refund,SURAT,0
92017,2023-12-08 18:03:35.993152,198426.52,773,purchase,PUNE,0
10296,2024-08-05 02:42:35.516963,226499.62,131,purchase,HYDERABAD,0
8131,2024-04-01 16:22:35.507840,354222.0,337,purchase,KOLKATA,0
21376,2024-02-27 17:30:35.564023,106645.28,54,purchase,HYDERABAD,0
5903,2024-03-20 02:23:35.498124,89208.9,340,refund,KOLKATA,0
30746,2023-12-21 11:53:35.612191,224583.98,393,purchase,CHENNAI,0
81887,2024-02-19 17:58:35.945897,220138.05,443,purchase,BENGALURU,0
22823,2024-07-24 19:28:35.571486,280341.6,817,purchase,BENGALURU,1
81710,2024-05-30 21:24:35.945268,364059.3,612,purchase,DELHI,1
7507,2024-08-07 13:31:35.505194,40761.6,66,refund,DELHI,0
57346,2024-01-23 15:18:35.814481,186823.72,434,purchase,BENGALURU,0
87501,2024-09-27 05:48:35.966805,99849.75,290,refund,MUMBAI,0
29684,2024-04-11 02:34:35.608248,45507.82,448,refund,CHENNAI,0
49084,2024-04-16 13:52:35.744116,253176.0,328,purchase,MUMBAI,0
92280,2024-01-19 15:40:35.994511,262086.82,171,purchase,KOLKATA,0
25444,2024-03-13 06:33:35.590229,288042.15,925,purchase,AHMEDABAD,0
80755,2023-11-24 11:11:35.941783,391380.0,452,transfer,MUMBAI,1
43040,2024-05-04 16:56:35.705838,356451.15,348,purchase,PUNE,0
13191,2024-05-04 22:53:35.528972,90364.72,34,refund,KOLKATA,0
73315,2024-07-27 02:53:35.905987,145355.1,327,purchase,SURAT,0
98240,2024-09-30 23:51:36.020094,160380.83,324,purchase,AHMEDABAD,0
72310,2023-11-25 15:13:35.900362,332236.58,51,purchase,DELHI,0
4209,2024-01-04 19:55:35.490673,353064.52,360,purchase,JAIPUR,0
76200,2024-01-20 13:11:35.920093,345560.32,167,purchase,HYDERABAD,1
23835,2024-10-11 10:14:35.583280,355831.57,758,purchase,CHENNAI,0
39355,2023-12-08 03:47:35.684761,112192.58,488,purchase,MUMBAI,0
12983,2024-01-12 10:21:35.528182,82912.5,521,refund,CHENNAI,0
24036,2024-10-04 03:43:35.584228,345830.1,21,cash_out,SURAT,0
42063,2024-05-02 02:24:35.699704,19580.55,570,refund,DELHI,0
54832,2024-09-04 08:27:35.797587,216477.52,772,purchase,PUNE,0
77647,2024-06-11 18:50:35.926909,387498.38,400,transfer,SURAT,0
34232,2024-10-07 12:16:35.635368,272747.48,461,purchase,JAIPUR,0
39925,2024-01-20 11:08:35.687811,115004.18,785,purchase,BENGALURU,0
99041,2024-08-16 09:21:36.023487,217260.45,499,purchase,MUMBAI,0
2415,2024-06-08 07:16:35.482260,180993.45,235,purchase,DELHI,0
48867,2024-07-21 09:32:35.742660,182306.85,161,purchase,HYDERABAD,0
81363,2024-06-19 02:51:35.944080,298833.97,917,purchase,DELHI,0
56289,2024-05-31 17:42:35.807515,269426.85,954,purchase,BENGALURU,0
19448,2024-08-13 23:18:35.556494,222789.6,151,purchase,SURAT,0
45001,2024-07-18 15:35:35.718206,134784.38,358,purchase,PUNE,0
67312,2023-10-26 23:33:35.861084,104377.35,267,purchase,BENGALURU,0
28599,2024-02-12 06:13:35.603891,194549.02,560,purchase,JAIPUR,0
97276,2024-01-03 23:41:36.015935,149842.28,663,purchase,MUMBAI,0
38601,2024-09-10 08:49:35.671990,222085.87,134,purchase,SURAT,0
35610,2023-12-24 09:01:35.651277,278136.38,668,purchase,KOLKATA,0
31350,2023-11-18 02:04:35.616743,350443.5,885,cash_out,KOLKATA,0
53220,2024-09-02 12:04:35.786986,314002.42,403,purchase,KOLKATA,0
98799,2023-11-18 20:38:36.022443,122731.95,963,purchase,CHENNAI,0
50302,2024-04-06 07:31:35.751808,292232.32,656,purchase,KOLKATA,0
75821,2024-03-11 07:13:35.918418,34965.98,930,refund,JAIPUR,0
11305,2024-07-31 05:46:35.521112,333461.7,491,cash_out,MUMBAI,1
32281,2024-07-21 19:52:35.622871,120198.38,476,purchase,CHENNAI,0
3597,2023-10-30 23:56:35.487875,47703.98,873,refund,BENGALURU,0
13583,2023-11-07 17:48:35.530538,380141.85,264,transfer,JAIPUR,0
50832,2023-11-15 09:45:35.755013,335044.88,959,purchase,BENGALURU,1
73882,2024-07-02 12:08:35.908760,37027.65,144,refund,BENGALURU,0
9347,2024-03-06 20:17:35.512837,17009.02,770,refund,HYDERABAD,0
17026,2024-04-24 22:52:35.545704,214440.6,617,purchase,MUMBAI,0
5656,2023-11-02 19:21:35.496898,340395.82,177,purchase,CHENNAI,0
55204,2024-03-09 10:39:35.800004,154965.52,149,purchase,HYDERABAD,0
72177,2023-10-22 22:50:35.899662,304561.12,226,purchase,AHMEDABAD,0
66673,2024-09-01 12:12:35.858620,236587.72,89,purchase,JAIPUR,0
24544,2024-03-10 16:40:35.586317,250480.72,427,purchase,KOLKATA,0
23209,2024-06-16 15:36:35.572837,276349.42,124,purchase,BENGALURU,0
75515,2023-12-25 02:05:35.917123,124939.65,724,purchase,HYDERABAD,0
79026,2024-03-22 05:26:35.933778,156382.88,794,purchase,DELHI,0
21161,2024-04-03 11:45:35.563049,165301.95,623,purchase,HYDERABAD,0
86058,2024-10-10 06:37:35.961464,262882.12,145,purchase,PUNE,0
41588,2024-09-30 03:47:35.696975,275575.58,215,purchase,MUMBAI,0
39548,2024-07-29 15:34:35.685787,13012.72,132,refund,HYDERABAD,0
56356,2024-01-06 19:51:35.807947,173158.42,379,purchase,MUMBAI,0
41227,2024-02-01 16:40:35.694980,73109.85,400,refund,CHENNAI,0
22926,2024-04-30 19:31:35.571846,20154.75,377,refund,AHMEDABAD,0
32870,2023-11-18 04:54:35.626327,211293.22,667,purchase,KOLKATA,0
86678,2024-08-31 12:44:35.963771,268011.15,437,purchase,JAIPUR,0
2707,2024-01-15 17:57:35.483854,143631.67,313,purchase,CHENNAI,0
40950,2023-11-03 06:40:35.693408,128850.15,481,purchase,BENGALURU,0
55143,2024-05-04 08:35:35.799612,267133.35,921,purchase,SURAT,0
43041,2024-03-12 08:41:35.705844,188150.32,346,purchase,JAIPUR,0
25143,2024-05-21 16:43:35.588773,248119.58,130,purchase,HYDERABAD,0
17495,2024-09-20 10:33:35.547794,191517.15,364,purchase,HYDERABAD,0
99475,2024-01-13 05:15:36.025275,34475.1,216,refund,PUNE,0
26907,2024-07-02 20:43:35.597209,287817.75,813,purchase,JAIPUR,0
41958,2024-10-08 07:51:35.699099,29979.68,426,refund,DELHI,0
43468,2024-10-21 05:08:35.708545,34838.1,34,refund,KOLKATA,0
53177,2023-11-12 16:05:35.786698,6079.42,470,refund,AHMEDABAD,0
12918,2024-08-14 22:15:35.527899,284926.95,139,purchase,JAIPUR,0
12044,2024-03-20 06:22:35.524244,13518.45,445,refund,JAIPUR,0
74405,2023-11-17 22:56:35.911579,14587.65,450,refund,BENGALURU,0
12759,2024-06-06 23:35:35.527226,333045.9,89,cash_out,HYDERABAD,0
60284,2023-12-11 05:46:35.829235,408935.18,746,transfer,BENGALURU,1
9294,2024-10-01 03:06:35.512608,99127.88,475,refund,JAIPUR,0
11301,2024-08-25 07:22:35.521099,121260.98,837,purchase,AHMEDABAD,0
76779,2023-12-23 11:49:35.922556,316578.9,741,purchase,BENGALURU,1
91878,2024-07-18 02:57:35.992481,232185.52,436,purchase,KOLKATA,0
8818,2024-10-06 20:05:35.510617,138675.08,571,purchase,DELHI,0
87941,2024-08-20 12:17:35.968627,102762.0,265,refund,BENGALURU,0
34250,2024-04-26 01:00:35.635486,219380.7,514,purchase,JAIPUR,0
63232,2024-05-30 11:04:35.843353,344452.35,495,purchase,JAIPUR,0
39558,2024-06-26 20:05:35.685840,393254.4,406,transfer,AHMEDABAD,0
7459,2024-01-11 07:06:35.504943,245905.28,988,purchase,SURAT,0
75929,2024-06-30 04:50:35.918885,172537.2,208,purchase,BENGALURU,0
25100,2024-08-19 22:54:35.588630,251907.97,801,purchase,JAIPUR,0
40904,2024-02-04 20:26:35.693157,233625.15,323,purchase,HYDERABAD,0
96089,2024-03-20 02:48:36.010842,24669.15,293,refund,BENGALURU,0
28905,2024-04-22 13:22:35.605112,287979.45,723,purchase,HYDERABAD,0
86114,2024-03-10 23:47:35.961789,266025.38,718,purchase,DELHI,0
30240,2024-05-16 21:20:35.610334,140705.4,631,purchase,CHENNAI,0
10632,2024-05-14 21:48:35.518407,311761.72,865,purchase,MUMBAI,1
79664,2024-03-21 14:37:35.937014,134437.88,803,purchase,AHMEDABAD,0
21656,2024-04-01 21:52:35.565174,403359.82,690,transfer,AHMEDABAD,0
19186,2024-06-11 04:09:35.555198,46782.45,484,refund,BENGALURU,0
47543,2024-08-24 11:33:35.734337,289692.97,434,purchase,HYDERABAD,0
41067,2023-12-25 12:31:35.694152,227742.9,905,purchase,PUNE,0
80360,2024-03-08 19:32:35.940167,272693.02,950,purchase,CHENNAI,0
96479,2024-07-30 03:55:36.012455,296107.35,886,purchase,JAIPUR,0
80797,2024-02-22 08:41:35.941929,49405.95,410,refund,PUNE,0
34677,2023-12-03 22:04:35.644923,162157.88,58,purchase,AHMEDABAD,0
50728,2024-07-23 17:32:35.754393,39763.35,395,refund,KOLKATA,0
31157,2024-03-07 19:17:35.615427,340357.05,452,purchase,KOLKATA,0
97152,2024-01-12 15:16:36.015406,127477.35,232,purchase,HYDERABAD,0
98176,2024-05-11 11:26:36.019840,165612.98,824,purchase,SURAT,0
32252,2024-04-24 15:39:35.622711,310594.35,35,purchase,JAIPUR,0
25449,2023-12-03 10:39:35.590246,276986.32,238,purchase,MUMBAI,1
15235,2024-01-25 17:45:35.537528,312495.15,162,purchase,KOLKATA,0
96749,2024-01-19 19:41:36.013655,389754.75,275,transfer,CHENNAI,0
43235,2023-11-19 17:40:35.707066,15038.1,411,refund,BENGALURU,0
77522,2024-07-16 00:38:35.926331,54195.9,738,refund,PUNE,0
24367,2024-10-01 17:20:35.585643,154156.2,724,purchase,HYDERABAD,0
80010,2024-09-29 08:24:35.938792,111733.87,488,purchase,SURAT,0
33224,2023-12-15 01:43:35.628615,154949.85,66,purchase,CHENNAI,0
74080,2024-09-30 01:06:35.909834,63204.08,95,refund,PUNE,0
9550,2024-09-26 04:34:35.513779,407418.0,766,transfer,JAIPUR,0
5295,2024-06-25 22:49:35.495401,357646.57,423,cash_out,HYDERABAD,1
93378,2024-04-14 13:28:35.999252,131769.83,239,purchase,BENGALURU,0
45111,2024-01-17 00:59:35.718854,374007.98,888,transfer,KOLKATA,0
55769,2024-06-26 02:29:35.804188,354834.15,158,cash_out,CHENNAI,0
56012,2023-12-01 14:22:35.805754,274245.68,285,purchase,MUMBAI,0
80722,2023-11-22 22:35:35.941671,92974.2,33,refund,JAIPUR,0
69240,2023-11-05 05:50:35.883539,88111.65,974,refund,MUMBAI,0
90767,2024-03-31 06:16:35.988275,334456.65,100,purchase,SURAT,0
92631,2024-05-28 18:38:35.996080,98761.58,176,refund,PUNE,0
28958,2024-09-09 22:25:35.605309,149009.02,867,purchase,MUMBAI,0
50010,2024-10-07 20:22:35.750111,320640.38,306,purchase,AHMEDABAD,0
54710,2024-04-02 09:05:35.796778,325331.32,917,purchase,AHMEDABAD,0
65897,2023-12-23 19:40:35.854784,365699.4,514,purchase,PUNE,0
34347,2024-09-30 19:48:35.636042,186154.65,580,purchase,CHENNAI,0
59403,2024-10-12 22:18:35.825526,47423.48,118,refund,CHENNAI,0
1086,2024-01-09 17:33:35.467807,160323.07,176,purchase,AHMEDABAD,0
66039,2024-06-16 00:48:35.855464,270995.18,569,purchase,HYDERABAD,0
88036,2024-04-02 10:15:35.968994,175374.38,519,purchase,DELHI,0
96516,2024-04-18 09:23:36.012592,241883.4,176,purchase,KOLKATA,0
83515,2024-09-06 14:34:35.952120,307165.65,989,purchase,BENGALURU,1
99166,2024-09-21 22:13:36.024022,268044.98,498,purchase,SURAT,0
44325,2023-12-29 14:11:35.713797,58214.48,951,refund,CHENNAI,0
54314,2024-09-03 17:38:35.794248,17278.8,386,refund,BENGALURU,1
31787,2023-11-20 00:36:35.619631,116324.18,232,purchase,SURAT,0
86299,2024-06-11 01:18:35.962447,281720.18,913,purchase,MUMBAI,0
57805,2024-10-15 11:54:35.817406,139051.28,411,purchase,SURAT,0
85130,2024-06-15 20:50:35.958150,126154.05,232,purchase,SURAT,0
86528,2024-08-21 01:35:35.963252,2033.62,711,refund,AHMEDABAD,0
85610,2023-11-20 04:01:35.959861,50406.68,666,refund,MUMBAI,0
26886,2024-02-10 03:27:35.597140,247496.7,205,purchase,HYDERABAD,0
10434,2024-04-19 00:26:35.517535,264282.97,805,purchase,CHENNAI,0
91853,2024-09-03 08:51:35.992338,390001.42,943,transfer,JAIPUR,0
72299,2024-09-07 06:45:35.900300,277982.1,249,purchase,KOLKATA,0
7760,2024-05-23 03:27:35.506236,84350.48,553,refund,PUNE,0
75425,2024-10-19 20:54:35.916725,259196.85,282,purchase,AHMEDABAD,0
49668,2024-08-01 20:00:35.748002,202323.82,833,purchase,PUNE,0
4093,2023-11-08 01:25:35.490117,22833.52,235,refund,SURAT,0
9343,2024-02-10 15:51:35.512817,121632.22,79,purchase,MUMBAI,0
56361,2023-11-05 21:11:35.807977,407262.08,574,transfer,AHMEDABAD,0
20078,2024-10-20 21:45:35.559236,271281.45,862,purchase,BENGALURU,1
96745,2024-07-29 22:21:36.013556,84136.8,431,refund,AHMEDABAD,0
8100,2024-06-09 16:41:35.507707,137624.02,652,purchase,SURAT,0
81389,2023-12-09 18:24:35.944166,360676.8,83,purchase,MUMBAI,1
83810,2024-01-11 16:33:35.953179,411482.78,460,transfer,KOLKATA,0
98869,2024-02-14 18:30:36.022784,320015.85,487,purchase,JAIPUR,0
60389,2024-05-13 20:43:35.829618,411989.32,163,transfer,MUMBAI,1
75304,2023-11-04 07:19:35.916023,200950.2,553,purchase,CHENNAI,0
67410,2024-01-07 04:11:35.861436,330140.25,914,cash_out,AHMEDABAD,0
26378,2024-01-07 01:39:35.594941,80190.0,894,refund,KOLKATA,0
44850,2024-05-22 15:52:35.717212,136818.0,953,purchase,BENGALURU,0
13580,2024-10-12 12:50:35.530528,33929.78,522,refund,KOLKATA,0
89258,2024-07-08 03:32:35.982361,17894.25,644,refund,KOLKATA,0
65624,2024-06-09 07:08:35.853339,296522.32,965,purchase,PUNE,0
6327,2024-06-24 14:57:35.500052,142916.4,192,purchase,HYDERABAD,0
19930,2024-08-23 16:42:35.558584,392735.48,787,transfer,JAIPUR,0
49398,2024-10-10 03:37:35.746193,166007.33,641,purchase,CHENNAI,0
34320,2024-03-24 18:22:35.635884,37807.28,1,refund,SURAT,0
92609,2023-12-21 23:13:35.996006,394793.85,66,transfer,CHENNAI,0
26166,2024-09-24 00:56:35.594196,53714.92,52,refund,KOLKATA,0
60138,2024-10-14 06:06:35.828739,392761.88,586,transfer,DELHI,1
35350,2024-09-10 19:44:35.649378,171163.58,20,purchase,BENGALURU,0
59419,2023-11-01 14:12:35.825700,255523.12,726,purchase,SURAT,0
46344,2023-12-04 18:56:35.726555,203262.68,139,purchase,BENGALURU,0
93397,2024-03-15 00:35:35.999319,143771.1,969,purchase,AHMEDABAD,0
4691,2024-01-29 23:07:35.492791,177848.55,252,purchase,BENGALURU,0
11611,2024-08-17 06:08:35.522355,406525.35,670,transfer,HYDERABAD,1
17887,2024-02-23 23:55:35.549276,305246.7,875,purchase,SURAT,0
52159,2024-07-18 15:48:35.763931,240912.38,14,purchase,BENGALURU,0
56820,2024-07-23 04:30:35.811017,73575.15,462,refund,DELHI,0
30553,2024-09-10 10:50:35.611430,62121.68,716,refund,CHENNAI,0
49027,2023-11-08 12:19:35.743738,307513.8,752,purchase,BENGALURU,1
1518,2024-09-21 06:29:35.470426,63615.75,212,refund,AHMEDABAD,0
94734,2023-10-23 16:37:36.005045,219755.25,806,purchase,DELHI,0
84375,2024-10-15 11:26:35.955257,230194.8,535,purchase,AHMEDABAD,0
69655,2023-12-21 08:13:35.885934,158595.52,526,purchase,SURAT,0
86017,2024-03-13 13:29:35.961327,162075.38,441,purchase,DELHI,0
10756,2023-12-03 01:42:35.518936,5931.75,801,refund,AHMEDABAD,0
43506,2024-10-09 00:17:35.708792,191101.35,309,purchase,AHMEDABAD,0
77484,2023-12-19 20:13:35.926144,8877.0,690,refund,MUMBAI,0
34885,2024-07-10 12:21:35.646306,132995.78,996,purchase,KOLKATA,0
62297,2024-09-14 15:15:35.839501,111587.85,497,purchase,CHENNAI,0
69319,2024-08-15 12:28:35.883995,24785.48,996,refund,HYDERABAD,0
59612,2023-11-01 02:30:35.826660,337114.8,733,cash_out,AHMEDABAD,0
14626,2024-06-23 09:45:35.534777,187181.78,352,purchase,AHMEDABAD,0
67071,2024-10-13 08:56:35.860206,212759.25,227,purchase,MUMBAI,0
45427,2024-02-02 20:18:35.720624,151709.25,181,purchase,HYDERABAD,0
10239,2024-02-23 14:04:35.516729,301395.6,738,purchase,AHMEDABAD,0
34519,2024-07-22 18:58:35.637177,411029.02,168,transfer,SURAT,0
71995,2024-04-24 15:03:35.898659,64129.73,385,refund,KOLKATA,0
43838,2023-11-20 17:31:35.710954,316162.28,836,purchase,KOLKATA,0
14149,2023-11-10 11:15:35.532769,75923.1,364,refund,CHENNAI,0
78968,2024-01-30 10:00:35.933471,186413.7,715,purchase,AHMEDABAD,0
40165,2024-08-04 18:17:35.689059,5854.2,908,refund,JAIPUR,0
98385,2024-09-23 02:20:36.020714,279828.45,978,purchase,JAIPUR,0
5617,2024-04-17 01:05:35.496715,371640.22,901,transfer,PUNE,0
34149,2023-12-27 15:03:35.634820,137501.1,791,purchase,CHENNAI,0
74726,2024-02-16 17:54:35.913041,283880.85,305,purchase,SURAT,0
58545,2023-12-24 03:05:35.822653,348678.82,207,cash_out,CHENNAI,0
457,2024-01-16 23:18:35.464882,83235.08,13,refund,MUMBAI,0
44284,2024-04-22 09:38:35.713633,44521.95,93,refund,KOLKATA,0
3875,2024-07-10 07:43:35.489126,208706.85,740,purchase,AHMEDABAD,0
59069,2024-01-11 12:10:35.824409,276237.22,274,purchase,HYDERABAD,0
21115,2024-07-03 00:17:35.562896,82928.18,679,refund,PUNE,0
1050,2024-06-02 02:40:35.467588,224657.4,215,purchase,AHMEDABAD,0
97357,2024-01-11 10:47:36.016284,223217.78,762,purchase,CHENNAI,0
57860,2024-05-08 10:36:35.819140,13661.18,492,refund,SURAT,0
44919,2023-10-25 08:01:35.717674,359991.22,425,purchase,MUMBAI,1
82553,2024-07-31 18:39:35.948213,193912.95,369,purchase,PUNE,0
51953,2024-04-05 18:05:35.762583,203918.55,567,purchase,AHMEDABAD,0
11198,2023-12-09 21:54:35.520704,72441.6,787,refund,DELHI,0
68934,2024-09-23 15:25:35.872000,57834.15,93,refund,CHENNAI,0
11104,2024-02-26 06:12:35.520317,181943.85,878,purchase,JAIPUR,0
30696,2024-08-06 20:14:35.612009,266574.82,620,purchase,HYDERABAD,0
93283,2024-05-20 04:49:35.998811,19790.1,828,refund,SURAT,0
6407,2024-02-23 14:00:35.500390,158685.45,517,purchase,SURAT,0
7991,2024-08-05 21:20:35.507201,300610.2,549,purchase,SURAT,0
19802,2023-11-18 03:41:35.558135,295398.68,966,purchase,KOLKATA,0
89542,2023-11-01 14:36:35.983869,171515.85,126,purchase,SURAT,0
18363,2024-05-06 11:41:35.551205,102756.22,420,refund,CHENNAI,0
83175,2024-07-03 06:24:35.950732,62467.35,519,refund,BENGALURU,0
52405,2024-06-10 23:37:35.765543,94158.08,187,refund,CHENNAI,0
38058,2023-11-23 19:24:35.668335,269262.68,791,purchase,PUNE,0
99912,2024-01-15 10:10:36.027273,354169.2,350,purchase,SURAT,0
35573,2024-03-16 11:49:35.651034,347121.22,366,purchase,PUNE,0
67670,2024-07-19 05:09:35.863748,314580.75,880,cash_out,MUMBAI,1
94656,2023-10-29 16:56:36.004742,283672.95,69,purchase,PUNE,0
46946,2024-04-01 14:52:35.730333,97008.45,186,refund,DELHI,0
84927,2024-04-11 22:22:35.957253,285944.18,113,purchase,BENGALURU,0
79015,2024-05-21 10:04:35.933742,154236.22,250,purchase,PUNE,0
57636,2024-06-30 15:04:35.816317,1448.7,649,refund,JAIPUR,0
63384,2024-10-10 16:17:35.843916,136965.68,399,purchase,KOLKATA,0
10154,2024-08-11 23:03:35.516381,186258.6,685,purchase,SURAT,0
100000,2024-03-05 19:41:36.027606,131735.17,675,purchase,AHMEDABAD,0
51066,2024-10-10 22:48:35.756529,18822.38,164,refund,JAIPUR,0
64206,2024-06-18 01:25:35.847262,37858.42,974,refund,DELHI,0
44296,2024-06-27 15:59:35.713673,74749.12,683,refund,DELHI,0
88771,2024-08-19 01:45:35.972142,43336.42,742,refund,JAIPUR,0
96534,2024-06-19 17:35:36.012678,91295.32,983,refund,AHMEDABAD,0
3207,2024-07-01 08:30:35.486134,257169.82,440,purchase,MUMBAI,1
21871,2023-12-03 15:46:35.566033,42139.35,915,refund,HYDERABAD,0
2441,2024-04-27 07:36:35.482430,361960.5,696,purchase,CHENNAI,0
19647,2024-05-12 12:41:35.557320,127805.7,568,purchase,CHENNAI,0
7392,2023-12-23 10:56:35.504656,103372.5,480,purchase,MUMBAI,0
46136,2024-01-11 11:29:35.725162,311242.8,139,purchase,HYDERABAD,1
34972,2024-06-02 13:10:35.646884,238108.2,168,purchase,MUMBAI,1
33873,2024-10-12 22:19:35.632918,248282.92,703,purchase,CHENNAI,0
34696,2023-12-01 22:06:35.645048,91445.48,674,refund,MUMBAI,0
36952,2024-07-18 02:55:35.660871,320972.03,587,cash_out,SURAT,0
7028,2024-05-28 20:52:35.503083,141408.3,931,purchase,SURAT,0
69546,2024-05-21 04:07:35.885273,32537.18,707,refund,HYDERABAD,0
51511,2024-05-21 09:13:35.759618,409331.18,554,transfer,AHMEDABAD,0
73844,2024-03-20 23:23:35.908531,255893.55,862,purchase,PUNE,0
71565,2024-06-04 14:41:35.896265,74142.75,266,refund,DELHI,0
39121,2024-03-10 05:47:35.683569,318791.55,928,cash_out,MUMBAI,0
15316,2024-01-02 04:42:35.537923,211072.12,536,purchase,KOLKATA,0
94609,2024-03-11 06:15:36.004560,54033.38,541,refund,HYDERABAD,0
82714,2024-04-24 20:52:35.948753,339418.2,802,purchase,AHMEDABAD,0
71309,2024-01-15 13:56:35.894908,271435.73,679,purchase,KOLKATA,0
22331,2024-06-22 04:09:35.568424,140980.95,315,purchase,PUNE,0
64786,2023-11-07 03:50:35.849405,181254.98,65,purchase,PUNE,0
84820,2024-05-11 14:36:35.956885,196616.48,505,purchase,AHMEDABAD,0
41933,2023-12-25 23:59:35.698956,325448.47,709,cash_out,MUMBAI,0
74837,2024-07-23 13:42:35.913546,184455.98,611,purchase,HYDERABAD,0
80440,2024-03-16 09:51:35.940517,95845.2,398,refund,PUNE,0
69652,2023-11-25 15:51:35.885917,109716.75,743,purchase,KOLKATA,0
62843,2024-05-26 07:58:35.841535,281791.12,889,purchase,BENGALURU,0
50342,2024-07-07 10:02:35.752020,133813.35,183,purchase,HYDERABAD,0
81500,2024-01-28 23:56:35.944536,183034.5,186,purchase,CHENNAI,0
93333,2024-07-09 12:18:35.999028,172018.28,187,purchase,CHENNAI,0
62674,2024-02-03 05:31:35.840799,291400.73,609,purchase,MUMBAI,0
39579,2024-03-26 08:50:35.685955,359779.2,180,purchase,CHENNAI,0
95336,2024-08-28 05:48:36.007655,269242.88,188,purchase,MUMBAI,0
4449,2024-01-23 02:31:35.491743,290678.85,483,purchase,AHMEDABAD,0
89049,2024-08-30 20:29:35.973169,305125.42,188,purchase,AHMEDABAD,0
46105,2023-12-02 08:17:35.724953,369801.3,480,purchase,DELHI,1
54852,2024-03-13 10:04:35.797719,340786.88,545,purchase,CHENNAI,0
64869,2024-09-09 06:07:35.849888,123707.1,733,purchase,BENGALURU,0
91815,2024-07-11 01:14:35.992115,45376.65,445,refund,JAIPUR,0
48056,2024-08-19 10:53:35.737554,15637.88,1000,refund,CHENNAI,0
93323,2024-04-11 22:10:35.998986,287932.42,461,purchase,SURAT,0
81875,2023-12-28 13:48:35.945857,45454.2,885,refund,PUNE,0
94182,2024-06-17 15:28:36.002720,141909.07,29,purchase,MUMBAI,0
61635,2024-09-22 16:57:35.837230,10941.98,11,refund,DELHI,0
12526,2024-05-06 17:50:35.526285,369136.35,256,purchase,MUMBAI,1
3329,2024-07-11 00:25:35.486683,161676.08,677,purchase,BENGALURU,0
5665,2024-03-25 03:55:35.496948,48809.48,551,refund,SURAT,0
89817,2024-07-23 11:34:35.984859,80875.58,314,refund,MUMBAI,0
2525,2023-12-07 17:11:35.482943,171373.12,178,purchase,HYDERABAD,0
69981,2024-08-07 14:02:35.887713,293160.45,861,purchase,JAIPUR,0
82311,2023-11-22 03:51:35.947371,268733.85,985,purchase,HYDERABAD,0
33296,2024-04-03 20:37:35.629091,212955.6,907,purchase,PUNE,0
76238,2024-07-05 19:23:35.920276,405631.05,586,transfer,SURAT,0
94641,2024-09-05 14:10:36.004692,287623.05,318,purchase,SURAT,0
35284,2024-02-14 11:02:35.648942,167363.62,250,purchase,HYDERABAD,0
52687,2024-10-19 01:24:35.767411,213877.12,282,purchase,MUMBAI,0
68263,2024-06-22 19:32:35.867675,235377.45,964,purchase,AHMEDABAD,0
71056,2024-06-28 01:26:35.893468,228189.22,539,purchase,HYDERABAD,0
31933,2024-02-01 10:01:35.620604,181019.85,822,purchase,CHENNAI,0
26773,2023-12-19 12:50:35.596689,243445.12,984,purchase,SURAT,0
526,2024-06-02 01:29:35.465312,378761.62,213,transfer,BENGALURU,1
40002,2023-12-16 05:12:35.688209,394088.48,969,transfer,DELHI,1
88794,2023-12-06 16:24:35.972218,158217.67,891,purchase,CHENNAI,0
54132,2024-01-10 11:32:35.792967,216393.37,597,purchase,BENGALURU,0
4520,2024-04-04 22:56:35.492028,316180.42,282,cash_out,AHMEDABAD,0
27150,2024-08-14 16:10:35.598115,406503.08,112,transfer,PUNE,0
41279,2024-04-18 06:44:35.695253,308843.7,364,purchase,PUNE,0
37051,2024-01-26 00:23:35.661495,46825.35,149,refund,MUMBAI,0
21057,2024-08-02 11:49:35.562693,225728.25,84,purchase,PUNE,0
10293,2024-09-19 03:23:35.516953,176583.82,420,purchase,DELHI,0
23805,2024-06-18 11:10:35.583096,333430.35,885,purchase,AHMEDABAD,0
53751,2024-10-01 07:34:35.790507,150282.82,858,purchase,KOLKATA,0
81175,2024-07-07 09:05:35.943283,294642.97,193,purchase,BENGALURU,0
33628,2024-03-19 05:44:35.631299,35379.3,397,refund,MUMBAI,0
78061,2024-09-05 23:27:35.929062,380283.75,578,transfer,PUNE,0
81738,2024-10-07 21:50:35.945361,318822.08,601,purchase,DELHI,0
95758,2024-10-20 01:50:36.009403,151349.55,826,purchase,SURAT,0
372,2024-01-10 15:44:35.464526,284572.2,405,purchase,PUNE,0
9959,2024-03-25 20:03:35.515544,389438.78,687,transfer,BENGALURU,1
53951,2024-08-19 10:51:35.791794,191470.95,636,purchase,JAIPUR,0
91734,2023-12-17 04:22:35.991805,202966.5,42,purchase,CHENNAI,0
41642,2023-11-05 09:01:35.697276,324774.45,777,purchase,JAIPUR,0
14956,2024-02-12 04:03:35.536148,296476.12,57,purchase,PUNE,0
58889,2024-09-09 02:52:35.823808,20160.53,767,refund,AHMEDABAD,0
5991,2023-11-20 06:36:35.498517,120689.25,24,purchase,JAIPUR,0
7813,2024-01-12 20:27:35.506467,108606.3,660,purchase,CHENNAI,0
28137,2024-02-07 09:23:35.602075,216508.05,683,purchase,CHENNAI,0
18501,2024-06-01 23:12:35.551735,332710.12,248,cash_out,JAIPUR,0
66986,2024-05-30 11:46:35.859917,228067.95,869,purchase,SURAT,0
10436,2024-01-24 02:01:35.517542,22103.4,229,refund,BENGALURU,0
76828,2024-09-02 23:44:35.922804,72604.95,649,refund,BENGALURU,0
22489,2023-12-21 15:39:35.569472,163889.55,880,purchase,HYDERABAD,0
14201,2024-07-14 01:37:35.532967,232907.4,31,purchase,MUMBAI,0
63631,2023-11-11 14:31:35.844900,110101.2,937,purchase,CHENNAI,0
31161,2024-07-01 08:47:35.615455,260935.12,302,purchase,DELHI,0
38193,2024-05-12 19:24:35.669240,246364.8,71,purchase,JAIPUR,0
37093,2024-02-14 21:06:35.661808,64660.2,118,refund,SURAT,0
69269,2024-02-23 13:43:35.883708,364027.95,327,purchase,HYDERABAD,1
40170,2024-06-07 11:47:35.689085,185654.7,311,purchase,KOLKATA,0
6759,2023-11-01 15:33:35.502026,183344.7,67,purchase,MUMBAI,0
10817,2024-10-04 03:57:35.519179,276048.3,88,purchase,CHENNAI,0
6425,2023-11-09 04:07:35.500461,370157.7,290,cash_out,SURAT,0
55373,2023-12-09 11:13:35.801112,181897.65,220,purchase,HYDERABAD,0
5734,2024-08-27 22:29:35.497213,185920.35,283,purchase,HYDERABAD,0
20623,2024-03-25 01:14:35.561116,369418.5,367,cash_out,SURAT,0
17565,2024-08-29 00:21:35.548041,39973.72,515,refund,JAIPUR,0
58715,2024-03-10 02:52:35.823227,301544.1,678,purchase,JAIPUR,0
99930,2023-12-10 06:21:36.027334,364007.32,41,purchase,PUNE,0
98897,2024-04-17 13:54:36.022890,412096.57,923,transfer,MUMBAI,1
97062,2024-04-03 13:08:36.015009,165499.12,554,purchase,AHMEDABAD,0
90180,2024-05-04 19:10:35.986237,324000.6,506,purchase,KOLKATA,0
62799,2023-10-27 03:00:35.841265,160439.4,262,purchase,CHENNAI,0
91054,2024-02-13 07:59:35.989391,349994.7,235,purchase,PUNE,0
34457,2024-04-13 02:04:35.636766,101693.63,79,refund,AHMEDABAD,0
90443,2024-04-14 14:46:35.987160,186542.4,693,purchase,KOLKATA,0
91304,2024-04-06 22:55:35.990318,46778.32,626,refund,CHENNAI,0
95841,2024-08-05 15:47:36.009770,363056.92,359,purchase,CHENNAI,0
49339,2024-01-23 07:11:35.745796,345648.6,294,purchase,CHENNAI,0
80933,2024-03-10 09:39:35.942436,94569.75,763,refund,DELHI,0
51213,2024-08-08 02:14:35.757476,98001.75,262,refund,JAIPUR,0
2287,2024-09-08 00:47:35.473451,184914.68,575,purchase,SURAT,0
74686,2024-06-17 06:58:35.912902,5330.32,706,refund,BENGALURU,0
10908,2024-07-26 05:47:35.519560,163378.88,71,purchase,DELHI,0
50645,2024-05-25 05:07:35.753898,7781.4,80,refund,DELHI,0
3981,2024-07-30 21:16:35.489610,47693.25,387,refund,CHENNAI,0
6632,2024-04-13 01:47:35.501419,170961.45,565,purchase,JAIPUR,0
91175,2024-02-08 16:49:35.989834,410773.28,244,transfer,PUNE,0
30304,2024-06-20 06:44:35.610547,263267.4,391,purchase,KOLKATA,0
99239,2023-11-11 06:53:36.024307,8301.98,841,refund,HYDERABAD,0
57965,2024-08-21 08:22:35.819814,314425.65,893,purchase,SURAT,0
55935,2024-04-05 05:48:35.805240,392145.6,998,transfer,JAIPUR,0
28232,2024-09-26 14:34:35.602427,314844.75,755,purchase,DELHI,1
72744,2024-02-18 18:51:35.902913,105411.08,219,purchase,DELHI,0
11550,2024-04-13 05:35:35.522133,256641.0,892,purchase,CHENNAI,0
55896,2024-10-20 02:01:35.804991,207867.82,313,purchase,HYDERABAD,0
39918,2023-12-15 13:54:35.687775,92600.48,482,refund,AHMEDABAD,0
63154,2023-10-31 19:01:35.843088,120744.52,737,purchase,SURAT,0
82881,2024-03-19 11:01:35.949493,26846.32,668,refund,MUMBAI,0
7069,2024-05-11 13:02:35.503341,293690.1,817,purchase,BENGALURU,0
33446,2024-06-30 14:16:35.630090,23814.45,226,refund,SURAT,0
90890,2024-09-02 04:58:35.988691,48595.8,55,refund,BENGALURU,0
80309,2024-04-23 15:18:35.939970,375833.7,642,transfer,KOLKATA,0
42830,2024-07-12 12:26:35.704447,205962.9,955,purchase,CHENNAI,0
71332,2024-06-06 23:02:35.895030,156890.25,952,purchase,KOLKATA,0
8960,2024-10-11 23:42:35.511221,278641.27,994,purchase,MUMBAI,0
38676,2024-07-22 17:36:35.672484,377165.25,964,transfer,HYDERABAD,1
68563,2024-09-06 09:07:35.869606,75551.85,41,refund,MUMBAI,0
54892,2024-03-16 07:38:35.797982,24258.3,663,refund,KOLKATA,0
76612,2024-05-24 07:01:35.921710,260098.58,243,purchase,MUMBAI,0
88082,2024-10-01 10:56:35.969147,308735.62,809,purchase,HYDERABAD,0
83745,2024-03-21 16:15:35.952945,286585.2,502,purchase,SURAT,0
14515,2024-05-16 17:56:35.534283,169918.65,693,purchase,JAIPUR,0
45311,2024-03-05 21:55:35.719968,308410.58,806,purchase,JAIPUR,0
90012,2024-10-15 18:50:35.985553,216243.22,209,purchase,JAIPUR,0
2077,2023-11-03 08:56:35.472714,236770.87,871,purchase,BENGALURU,0
23162,2024-01-27 03:25:35.572667,17155.88,3,refund,DELHI,0
85072,2024-01-23 23:58:35.957943,210740.47,833,purchase,KOLKATA,0
61731,2024-01-14 00:05:35.837550,154287.38,147,purchase,SURAT,0
60846,2024-09-14 02:59:35.832372,362014.12,589,cash_out,JAIPUR,0
47758,2024-04-18 11:23:35.735753,188557.88,54,purchase,JAIPUR,0
52742,2024-10-06 13:36:35.769697,222162.6,774,purchase,SURAT,0
50785,2024-10-11 15:32:35.754730,276566.4,161,purchase,SURAT,0
26442,2024-05-01 18:37:35.595267,150055.12,603,purchase,MUMBAI,0
13289,2023-12-05 22:22:35.529363,53806.5,262,refund,PUNE,0
98085,2024-03-19 09:36:36.019464,74155.95,81,refund,DELHI,0
85004,2023-11-14 18:56:35.957529,398521.2,846,transfer,BENGALURU,1
74377,2024-01-17 03:26:35.911457,408149.78,758,transfer,CHENNAI,0
31594,2023-11-01 19:37:35.618350,261404.55,317,purchase,PUNE,0
18161,2024-10-01 01:04:35.550430,309794.1,377,cash_out,MUMBAI,0
15062,2024-06-12 08:34:35.536624,362273.18,776,purchase,DELHI,1
38811,2024-03-17 18:09:35.673384,141098.1,582,purchase,HYDERABAD,0
65131,2023-11-18 22:48:35.850964,236760.98,736,purchase,DELHI,0
54178,2023-12-29 04:02:35.793260,153962.33,64,purchase,DELHI,0
82814,2024-09-19 16:47:35.949266,94539.22,789,refund,MUMBAI,0
20076,2024-09-30 05:01:35.559230,368878.12,51,cash_out,JAIPUR,0
3369,2023-12-11 18:06:35.486851,308271.98,829,purchase,SURAT,0
70233,2024-06-07 08:33:35.889038,346503.3,697,purchase,SURAT,0
75745,2024-06-07 09:48:35.918137,83174.02,405,refund,PUNE,0
66764,2024-02-16 02:03:35.859074,271299.6,244,purchase,CHENNAI,0
80482,2024-03-22 10:29:35.940659,143782.65,84,purchase,HYDERABAD,0
81988,2024-04-26 22:09:35.946248,406630.95,784,transfer,MUMBAI,1
76011,2024-01-19 10:40:35.919248,305916.6,554,purchase,PUNE,0
18619,2024-09-23 10:55:35.552321,59330.7,700,refund,SURAT,0
16110,2024-03-01 02:10:35.541393,255605.62,321,purchase,MUMBAI,0
72130,2024-10-16 07:32:35.899390,258554.18,752,purchase,SURAT,0
72075,2024-03-23 02:36:35.899085,152395.65,285,purchase,CHENNAI,0
40470,2024-05-05 08:25:35.690837,48977.77,935,refund,BENGALURU,0
7529,2024-09-30 16:16:35.505298,355634.4,489,purchase,PUNE,0
98588,2024-07-05 19:21:36.021575,228657.82,407,purchase,DELHI,0
78095,2024-09-07 06:27:35.929233,56100.82,958,refund,CHENNAI,0
72157,2024-07-09 21:04:35.899552,135010.42,328,purchase,HYDERABAD,0
12834,2024-01-28 13:37:35.527567,176826.38,925,purchase,SURAT,0
59192,2024-07-01 17:32:35.824823,330521.4,516,purchase,MUMBAI,1
62508,2023-11-09 17:44:35.840243,52949.32,822,refund,MUMBAI,0
66507,2023-12-29 11:50:35.857788,153661.2,404,purchase,AHMEDABAD,0
40743,2024-03-20 06:03:35.692310,283780.2,187,purchase,AHMEDABAD,0
93950,2023-12-27 08:42:36.001652,42603.0,721,refund,CHENNAI,0
69590,2023-12-02 10:58:35.885530,15538.88,454,refund,PUNE,0
68479,2024-03-10 08:16:35.869086,87211.58,927,refund,AHMEDABAD,0
44955,2024-09-12 09:06:35.717907,203329.5,658,purchase,DELHI,0
51954,2024-07-05 19:31:35.762589,196307.1,877,purchase,HYDERABAD,0
84123,2024-09-29 07:14:35.954344,292338.75,714,purchase,HYDERABAD,0
40576,2024-02-06 20:47:35.691396,255621.3,699,purchase,SURAT,0
68985,2024-07-09 17:16:35.881938,333898.12,727,purchase,DELHI,1
13526,2023-12-25 18:33:35.530343,294883.88,114,purchase,SURAT,0
95882,2023-12-19 09:45:36.009984,140050.35,583,purchase,PUNE,0
63563,2024-07-20 10:21:35.844544,81141.22,471,refund,DELHI,0
14450,2024-03-27 13:25:35.534014,308359.42,890,purchase,SURAT,0
75320,2024-07-11 04:48:35.916118,163851.6,565,purchase,PUNE,0
99226,2024-03-11 12:02:36.024235,351572.1,928,purchase,HYDERABAD,1
85870,2024-08-27 15:37:35.960763,184628.4,854,purchase,JAIPUR,0
68116,2024-09-02 00:59:35.866797,316385.85,753,cash_out,AHMEDABAD,0
20672,2024-09-18 18:49:35.561290,219285.0,124,purchase,JAIPUR,0
87008,2024-10-07 13:02:35.964991,130603.28,305,purchase,SURAT,0
51052,2023-10-28 12:23:35.756429,15408.53,347,refund,MUMBAI,0
39284,2023-11-08 12:33:35.684394,175876.8,791,purchase,AHMEDABAD,0
51298,2024-04-02 23:12:35.758215,144153.9,164,purchase,SURAT,1
68407,2024-06-27 03:58:35.868670,222242.62,647,purchase,JAIPUR,0
5612,2024-09-21 14:49:35.496699,103182.75,201,purchase,PUNE,0
60089,2024-01-23 12:34:35.828575,282756.38,754,purchase,CHENNAI,0
45689,2024-04-27 06:08:35.722194,391988.85,539,transfer,SURAT,0
90530,2023-11-04 22:31:35.987449,252136.5,3,purchase,AHMEDABAD,0
47129,2024-07-25 14:37:35.731558,379099.05,315,transfer,BENGALURU,1
89074,2024-02-27 17:37:35.973256,154387.2,567,purchase,AHMEDABAD,0
83828,2024-02-17 14:48:35.953238,132736.72,64,purchase,SURAT,0
608,2024-02-12 21:50:35.465844,28197.68,284,refund,BENGALURU,0
1583,2024-08-04 15:37:35.470648,363249.15,535,purchase,AHMEDABAD,0
92201,2024-05-11 23:40:35.994085,217597.88,597,purchase,JAIPUR,0
23781,2024-07-13 05:34:35.582975,272287.12,804,purchase,MUMBAI,0
12152,2024-04-29 20:19:35.524740,241415.62,196,purchase,CHENNAI,0
5147,2024-05-30 11:38:35.494825,410832.68,948,transfer,CHENNAI,0
60356,2024-08-29 00:49:35.829475,246378.0,584,purchase,HYDERABAD,0
95008,2024-03-13 09:43:36.006258,180290.55,586,purchase,MUMBAI,0
99530,2024-02-28 23:28:36.025522,345701.4,924,cash_out,BENGALURU,1
64013,2023-11-22 09:05:35.846551,287858.18,226,purchase,PUNE,0
45874,2023-11-04 13:18:35.723408,107858.02,89,purchase,MUMBAI,0
47075,2024-02-27 11:15:35.731200,248970.15,841,purchase,HYDERABAD,0
46571,2024-10-09 11:37:35.727837,177639.82,200,purchase,KOLKATA,0
10793,2023-11-03 16:40:35.519081,119464.95,520,purchase,DELHI,0
4882,2024-07-07 11:26:35.493710,125324.1,793,purchase,KOLKATA,0
94425,2024-01-15 03:48:36.003751,295085.18,26,purchase,DELHI,0
73805,2024-05-26 14:41:35.908303,97359.9,377,refund,CHENNAI,0
60447,2024-01-29 03:30:35.829947,304740.97,425,purchase,CHENNAI,0
52219,2023-11-02 12:15:35.764329,104641.35,63,purchase,KOLKATA,0
48970,2024-05-27 05:27:35.743348,318771.75,518,cash_out,AHMEDABAD,0
42522,2024-10-18 20:44:35.702589,245739.45,351,purchase,JAIPUR,0
26661,2024-03-21 22:41:35.596137,137110.88,22,purchase,BENGALURU,0
44663,2023-12-16 14:37:35.716013,331308.45,514,purchase,AHMEDABAD,0
98807,2024-01-19 10:57:36.022469,383188.58,818,transfer,KOLKATA,0
36137,2023-10-30 02:25:35.655957,269713.95,458,purchase,HYDERABAD,0
76971,2024-06-05 14:36:35.923426,188595.82,197,purchase,PUNE,0
28440,2023-12-29 17:04:35.603276,342376.65,343,purchase,PUNE,0
26068,2024-03-08 15:48:35.593699,128574.6,975,purchase,SURAT,0
7951,2024-01-26 01:38:35.507028,408263.62,521,transfer,HYDERABAD,1
22544,2024-04-13 02:43:35.569831,252687.6,366,purchase,HYDERABAD,0
55898,2023-12-02 14:40:35.805002,14887.95,250,refund,CHENNAI,0
21370,2024-01-03 22:54:35.563984,72049.73,585,refund,JAIPUR,0
49667,2023-11-18 21:06:35.747995,403410.15,923,transfer,SURAT,0
51541,2023-11-18 14:32:35.759815,300970.73,570,purchase,SURAT,0
21569,2024-09-23 01:11:35.564884,113751.0,232,purchase,PUNE,0
11548,2024-03-01 14:06:35.522123,158454.45,552,purchase,BENGALURU,0
59531,2024-08-07 14:23:35.826349,298070.02,402,purchase,SURAT,0
15061,2023-10-28 10:18:35.536620,311256.82,686,purchase,CHENNAI,0
14366,2023-11-22 00:13:35.533707,52917.98,801,refund,PUNE,0
72311,2024-07-11 06:10:35.900367,360124.05,519,purchase,DELHI,1
73962,2024-07-01 19:56:35.909236,41052.83,276,refund,PUNE,0
25237,2023-11-27 00:40:35.589250,64652.77,86,refund,PUNE,0
40833,2024-07-14 16:05:35.692778,394896.98,982,transfer,BENGALURU,1
18796,2024-03-12 14:27:35.553008,333736.42,915,purchase,SURAT,0
27516,2024-06-07 10:19:35.599485,71044.88,183,refund,JAIPUR,0
79507,2023-10-30 17:28:35.936374,147091.72,940,purchase,MUMBAI,0
79187,2023-11-22 12:14:35.935025,205193.18,191,purchase,MUMBAI,0
48069,2024-08-13 20:43:35.737639,374966.62,524,transfer,PUNE,0
17268,2024-02-19 12:58:35.546900,254439.08,679,purchase,BENGALURU,0
55305,2024-09-08 23:33:35.800661,4612.58,235,refund,HYDERABAD,0
67688,2024-06-27 21:36:35.863868,261015.98,549,purchase,PUNE,0
83358,2024-03-05 17:45:35.951399,10313.33,732,refund,MUMBAI,0
61826,2024-06-07 08:56:35.837919,191391.75,308,purchase,DELHI,0
22732,2024-06-12 22:54:35.571068,365889.98,285,cash_out,HYDERABAD,1
7454,2024-09-04 15:46:35.504919,380189.7,888,transfer,DELHI,1
10018,2024-03-18 20:48:35.515796,295220.47,524,purchase,PUNE,0
22267,2024-02-09 18:37:35.568004,335218.95,879,purchase,MUMBAI,0
30986,2024-10-08 17:37:35.614110,184873.42,502,purchase,PUNE,0
50370,2024-02-11 12:11:35.752182,340267.95,563,purchase,SURAT,0
25479,2024-07-25 13:01:35.590367,162053.92,897,purchase,HYDERABAD,0
60586,2024-05-17 09:04:35.830757,355250.78,568,purchase,AHMEDABAD,1
2913,2024-06-30 08:26:35.484775,281644.27,374,purchase,KOLKATA,0
38948,2024-04-28 10:36:35.682302,249319.13,204,purchase,KOLKATA,0
87015,2024-01-03 17:10:35.965014,203039.1,662,purchase,HYDERABAD,0
79052,2023-11-15 20:58:35.933884,310247.85,340,purchase,PUNE,0
84575,2024-01-23 15:56:35.956008,133484.17,692,purchase,JAIPUR,0
97012,2023-11-25 23:39:36.014794,71649.6,256,refund,PUNE,0
31248,2024-03-19 17:08:35.616048,111098.63,40,purchase,PUNE,0
24258,2024-08-08 17:53:35.585025,355529.62,470,purchase,PUNE,0
85688,2024-05-01 05:00:35.960128,154371.52,495,purchase,DELHI,0
63876,2024-10-13 15:54:35.846068,329246.77,981,purchase,PUNE,0
83651,2024-09-29 10:56:35.952621,397969.28,991,transfer,HYDERABAD,1
49702,2024-03-15 08:46:35.748228,63700.72,618,refund,SURAT,0
66193,2023-10-23 06:29:35.856262,115603.95,887,purchase,AHMEDABAD,0
63607,2024-07-16 20:48:35.844774,286848.38,273,purchase,MUMBAI,1
79486,2023-12-25 01:42:35.936304,120620.78,335,purchase,MUMBAI,0
72119,2024-04-25 20:53:35.899326,100023.0,389,refund,JAIPUR,0
5027,2024-10-17 01:31:35.494302,62313.9,516,refund,SURAT,0
53629,2024-02-26 23:50:35.789736,155589.22,48,purchase,KOLKATA,0
56558,2023-11-16 05:24:35.809221,13514.32,628,refund,JAIPUR,0
52878,2024-09-22 17:04:35.770221,228638.02,704,purchase,JAIPUR,0
95202,2024-03-07 09:34:36.007066,78899.7,260,refund,BENGALURU,0
10253,2024-10-16 12:05:35.516791,395287.2,323,transfer,DELHI,1
74935,2024-09-18 19:57:35.914088,75852.15,915,refund,SURAT,0
5907,2023-11-22 04:04:35.498146,390943.58,393,transfer,HYDERABAD,1
95729,2023-11-19 00:30:36.009270,164700.52,474,purchase,AHMEDABAD,0
85494,2023-11-03 08:24:35.959436,400482.22,403,transfer,DELHI,1
56757,2024-06-21 17:23:35.810608,138648.67,250,purchase,SURAT,0
28967,2023-10-26 12:52:35.605339,136764.38,743,purchase,HYDERABAD,0
60069,2024-09-08 00:19:35.828507,152743.8,127,purchase,BENGALURU,0
24747,2024-07-23 08:39:35.587144,215774.62,387,purchase,DELHI,0
25290,2024-03-19 15:53:35.589549,24094.95,522,refund,AHMEDABAD,0
65214,2024-05-18 00:02:35.851262,126796.72,975,purchase,JAIPUR,0
10493,2023-12-31 07:37:35.517836,279443.18,772,purchase,SURAT,0
60992,2024-04-11 14:49:35.833287,11422.95,409,refund,SURAT,0
987,2024-09-13 12:05:35.467357,247.5,537,refund,HYDERABAD,0
76624,2024-09-22 11:12:35.921750,141152.55,851,purchase,BENGALURU,0
21918,2024-10-01 05:14:35.566310,63499.42,90,refund,PUNE,0
43361,2023-11-07 21:26:35.707847,382807.42,280,transfer,JAIPUR,0
47490,2024-03-22 06:40:35.733988,97647.0,884,refund,BENGALURU,0
59314,2024-05-26 07:23:35.825231,185164.65,801,purchase,MUMBAI,0
16508,2024-08-02 02:21:35.543424,396731.78,475,transfer,BENGALURU,1
13399,2024-09-27 23:24:35.529781,81710.47,349,refund,DELHI,0
68016,2024-10-05 16:48:35.866134,198585.75,777,purchase,BENGALURU,0
27333,2024-05-13 00:31:35.598826,103068.9,98,purchase,JAIPUR,0
58787,2023-12-18 20:40:35.823469,342714.07,976,purchase,CHENNAI,0
20831,2024-02-10 12:10:35.561887,184.8,216,refund,HYDERABAD,0
52950,2024-05-09 03:25:35.770503,197967.0,149,purchase,HYDERABAD,0
69376,2023-11-15 01:13:35.884329,54463.2,266,refund,HYDERABAD,0
73567,2023-12-12 21:59:35.907130,289465.28,647,purchase,AHMEDABAD,0
9415,2024-03-03 01:04:35.513126,120799.8,978,purchase,JAIPUR,0
79409,2023-12-06 02:14:35.935983,235920.3,214,purchase,MUMBAI,0
18889,2024-10-16 18:49:35.553478,238580.92,726,purchase,JAIPUR,0
45760,2023-12-29 02:28:35.722654,86591.17,653,refund,SURAT,0
58176,2023-12-22 09:45:35.821228,234575.55,170,purchase,PUNE,1
42072,2023-11-29 07:23:35.699755,77078.1,713,refund,SURAT,0
75257,2024-03-19 07:46:35.915749,215197.95,952,purchase,PUNE,0
14122,2024-10-12 23:32:35.532679,187791.45,944,purchase,MUMBAI,0
31403,2023-12-26 07:15:35.617098,124495.8,900,purchase,MUMBAI,0
56814,2023-11-14 23:57:35.810980,397584.0,799,transfer,DELHI,1
21142,2024-02-07 09:52:35.562986,116665.72,873,purchase,AHMEDABAD,0
75627,2024-09-26 05:03:35.917571,298517.18,637,purchase,DELHI,0
16704,2024-10-04 19:17:35.544398,59131.88,788,refund,BENGALURU,0
32921,2024-07-08 09:05:35.626621,290126.1,626,purchase,BENGALURU,1
99260,2024-05-03 17:07:36.024378,126597.9,400,purchase,CHENNAI,0
7577,2023-10-25 01:35:35.505530,177113.48,703,purchase,SURAT,0
61089,2024-07-24 15:53:35.833922,175019.62,636,purchase,CHENNAI,0
82751,2024-10-02 12:31:35.948918,141994.05,210,purchase,AHMEDABAD,0
66432,2023-10-29 21:09:35.857346,44257.95,303,refund,KOLKATA,0
31971,2023-10-25 23:54:35.620852,173999.92,808,purchase,PUNE,0
93468,2024-09-23 11:51:35.999559,148996.65,852,purchase,DELHI,0
84871,2024-09-14 02:53:35.957067,165951.22,709,purchase,SURAT,0
8715,2024-04-16 11:59:35.510176,111516.08,557,purchase,DELHI,0
27277,2024-01-20 10:47:35.598618,130251.82,471,purchase,PUNE,0
71883,2024-01-12 13:02:35.898064,402782.32,13,transfer,PUNE,0
71839,2024-01-20 18:45:35.897817,310256.1,878,purchase,AHMEDABAD,0
17575,2024-06-09 15:37:35.548074,97446.52,263,refund,SURAT,0
93134,2024-01-29 04:05:35.998240,56836.72,495,refund,SURAT,0
69291,2024-07-01 16:19:35.883835,142891.65,34,purchase,DELHI,0
85680,2024-01-15 23:21:35.960101,52327.28,894,refund,SURAT,0
19857,2024-01-17 12:15:35.558337,125899.95,956,purchase,SURAT,0
15733,2024-03-13 09:56:35.539976,117067.5,38,purchase,MUMBAI,0
89941,2024-07-04 00:50:35.985316,56289.75,193,refund,AHMEDABAD,0
83654,2024-07-08 17:14:35.952632,125715.98,808,purchase,HYDERABAD,0
48914,2023-11-07 20:19:35.742972,299737.35,215,purchase,HYDERABAD,0
43294,2023-11-07 19:54:35.707422,318574.58,828,purchase,MUMBAI,0
42833,2023-12-19 13:56:35.704466,338182.35,246,purchase,JAIPUR,0
54399,2024-05-17 13:26:35.794784,17876.1,565,refund,DELHI,0
81554,2024-05-31 03:35:35.944735,59847.98,453,refund,CHENNAI,0
95901,2023-12-17 03:45:36.010058,18215.18,960,refund,BENGALURU,0
97086,2024-02-27 23:26:36.015117,195303.9,720,purchase,SURAT,0
55381,2024-07-03 12:48:35.801161,221981.1,104,purchase,CHENNAI,0
78401,2024-06-21 00:36:35.930976,237630.52,694,purchase,DELHI,0
70020,2024-08-20 18:38:35.887908,35741.48,208,refund,BENGALURU,0
35403,2023-10-27 20:03:35.649906,112643.02,773,purchase,MUMBAI,0
33475,2023-12-16 02:09:35.630283,122703.9,578,purchase,JAIPUR,0
80054,2024-08-13 00:44:35.938989,254382.97,60,purchase,BENGALURU,0
58139,2024-02-04 01:51:35.820967,252053.18,290,purchase,DELHI,0
15716,2024-01-04 04:25:35.539890,288981.82,387,purchase,SURAT,0
1366,2024-06-30 15:12:35.469752,324578.1,815,purchase,MUMBAI,1
5167,2024-03-18 08:47:35.494899,381318.3,855,transfer,PUNE,0
63226,2024-05-20 21:08:35.843333,149306.85,228,purchase,BENGALURU,0
1836,2023-12-25 04:45:35.471834,370594.95,508,cash_out,KOLKATA,0
1161,2024-08-21 01:25:35.468302,262437.45,330,purchase,DELHI,0
83240,2024-01-14 15:07:35.950950,356644.2,432,purchase,HYDERABAD,1
70659,2023-11-20 23:10:35.891255,116767.2,643,purchase,AHMEDABAD,0
54700,2024-08-15 16:19:35.796714,41385.3,831,refund,BENGALURU,0
81405,2024-04-23 23:12:35.944219,26635.13,101,refund,HYDERABAD,0
17417,2024-06-27 12:39:35.547450,52795.88,536,refund,BENGALURU,0
68542,2024-07-28 02:46:35.869457,317340.38,17,cash_out,CHENNAI,0
40725,2024-09-02 12:51:35.692212,236209.05,149,purchase,JAIPUR,0
94891,2024-09-29 20:35:36.005786,404488.43,935,transfer,MUMBAI,1
56873,2024-07-20 10:35:35.811355,408929.4,390,transfer,DELHI,1
84726,2024-01-12 21:41:35.956533,186827.03,153,purchase,CHENNAI,0
53659,2024-01-15 15:58:35.789925,41099.02,872,refund,AHMEDABAD,0
24109,2024-03-16 19:07:35.584484,255253.35,320,purchase,HYDERABAD,0
80156,2024-03-14 05:42:35.939431,45169.58,677,refund,KOLKATA,0
44009,2024-03-29 08:08:35.712068,191032.88,806,purchase,SURAT,0
115,2023-11-22 06:40:35.463463,269673.53,364,purchase,SURAT,0
57507,2024-05-11 06:26:35.815491,100254.0,820,refund,JAIPUR,0
3038,2024-03-19 16:38:35.485318,209075.62,355,purchase,PUNE,0
34285,2024-09-01 20:57:35.635692,178671.08,193,purchase,BENGALURU,0
17154,2024-02-26 01:43:35.546336,292342.05,41,purchase,SURAT,0
7186,2024-05-10 14:44:35.503760,326089.5,496,purchase,BENGALURU,0
40733,2024-07-15 02:31:35.692258,272693.85,854,purchase,PUNE,0
80122,2024-09-25 06:55:35.939286,107413.35,330,purchase,DELHI,0
12221,2024-07-23 01:36:35.525027,91614.6,840,refund,PUNE,0
98464,2024-06-01 17:52:36.021019,391310.7,970,transfer,PUNE,0
32267,2024-07-26 08:08:35.622797,379968.6,634,transfer,AHMEDABAD,0
10542,2024-06-28 22:40:35.518030,385171.05,81,transfer,PUNE,0
53715,2023-10-23 18:25:35.790298,305201.32,584,purchase,MUMBAI,1
16353,2023-10-27 05:40:35.542351,399791.7,436,transfer,MUMBAI,1
65130,2024-09-14 19:07:35.850960,300237.3,127,purchase,CHENNAI,0
35481,2024-07-21 03:43:35.650429,383380.8,383,transfer,MUMBAI,1
11942,2024-10-02 22:16:35.523761,6918.45,918,refund,DELHI,0
4699,2024-07-24 21:52:35.492818,140969.4,14,purchase,KOLKATA,0
5232,2024-01-24 10:33:35.495147,306463.58,721,purchase,BENGALURU,0
11487,2024-07-23 11:43:35.521876,194656.28,886,purchase,SURAT,0
66110,2024-05-01 11:18:35.855816,263852.32,945,purchase,CHENNAI,0
35841,2024-03-27 22:29:35.654000,361677.52,19,cash_out,HYDERABAD,1
58532,2024-03-18 23:26:35.822609,68969.18,962,refund,SURAT,0
10815,2024-03-01 01:19:35.519172,203190.08,28,purchase,JAIPUR,0
83275,2024-07-12 18:08:35.951087,275620.12,233,purchase,HYDERABAD,0
22670,2024-03-31 12:25:35.570657,61624.2,823,refund,BENGALURU,0
66196,2024-03-18 22:33:35.856274,137139.75,967,purchase,HYDERABAD,0
29124,2024-04-16 09:45:35.605976,57926.55,910,refund,BENGALURU,0
66500,2024-01-08 05:10:35.857737,303942.38,461,purchase,MUMBAI,0
50263,2024-08-20 15:11:35.751564,356353.8,129,purchase,MUMBAI,1
24595,2023-12-05 00:55:35.586517,367956.6,9,cash_out,SURAT,0
94194,2023-12-21 07:42:36.002763,87094.42,324,refund,DELHI,0
9950,2024-07-22 13:34:35.515492,5048.18,624,refund,DELHI,0
78174,2024-03-23 10:00:35.929815,298931.32,502,purchase,AHMEDABAD,0
48677,2023-12-24 18:45:35.741327,124994.92,666,purchase,DELHI,0
68469,2023-11-29 06:14:35.869025,242655.6,996,purchase,JAIPUR,0
68653,2024-04-28 10:39:35.870160,82525.58,433,refund,JAIPUR,0
36650,2024-08-22 22:20:35.659111,66054.45,240,refund,HYDERABAD,0
60469,2024-05-06 02:15:35.830073,101584.72,745,refund,DELHI,0
40038,2024-03-23 02:24:35.688395,204225.45,711,purchase,AHMEDABAD,0
92272,2024-01-25 16:01:35.994465,387582.52,405,transfer,SURAT,0
64073,2023-12-31 00:44:35.846753,205872.15,975,purchase,PUNE,0
7332,2024-08-20 18:59:35.504394,312380.47,11,purchase,AHMEDABAD,0
92382,2023-10-30 08:19:35.995015,319032.45,680,purchase,KOLKATA,0
36040,2023-11-24 06:56:35.655323,266675.47,389,purchase,BENGALURU,0
74636,2024-04-18 19:09:35.912722,375775.95,227,transfer,SURAT,0
6066,2024-06-05 20:18:35.498861,275613.53,366,purchase,AHMEDABAD,0
51403,2024-04-28 19:12:35.758916,238749.22,882,purchase,SURAT,0
96925,2024-02-03 20:21:36.014420,351884.78,990,purchase,JAIPUR,0
46750,2024-10-04 10:27:35.729021,409431.0,329,transfer,DELHI,1
29313,2024-09-19 16:33:35.606749,142730.78,523,purchase,BENGALURU,0
46762,2024-01-16 00:04:35.729101,353548.8,595,cash_out,CHENNAI,0
77913,2024-01-02 17:14:35.928360,245771.63,822,purchase,DELHI,0
20356,2024-03-24 19:34:35.560191,257559.22,299,purchase,SURAT,0
10774,2024-07-10 07:03:35.519005,330589.05,717,purchase,DELHI,1
32549,2024-04-22 01:52:35.624379,40426.65,756,refund,DELHI,0
41231,2024-02-19 00:27:35.695001,118419.68,200,purchase,PUNE,0
86996,2024-05-24 01:34:35.964939,332950.2,327,cash_out,JAIPUR,0
97443,2023-12-18 12:45:36.016629,30736.2,517,refund,HYDERABAD,0
27784,2023-11-28 21:40:35.600675,318621.6,126,purchase,PUNE,0
80430,2024-04-09 16:16:35.940484,48537.23,857,refund,HYDERABAD,0
69259,2024-09-21 02:27:35.883648,40665.9,430,refund,KOLKATA,0
44760,2024-03-19 17:19:35.716640,32665.88,185,refund,PUNE,0
47417,2024-02-16 15:19:35.733483,144834.52,955,purchase,PUNE,0
71876,2023-10-22 17:56:35.898013,177642.3,532,purchase,HYDERABAD,0
44793,2024-08-15 06:39:35.716847,130014.22,160,purchase,CHENNAI,0
20939,2024-10-01 04:50:35.562274,260100.22,307,purchase,BENGALURU,0
50080,2024-10-13 01:18:35.750505,277869.9,193,purchase,JAIPUR,0
20153,2024-04-10 13:12:35.559503,293978.02,90,purchase,JAIPUR,0
54730,2024-03-27 17:53:35.796909,110586.3,884,purchase,KOLKATA,0
70245,2023-11-28 10:49:35.889099,63931.72,63,refund,KOLKATA,0
29344,2023-11-16 04:16:35.606856,361468.8,395,cash_out,AHMEDABAD,0
51622,2024-09-02 09:03:35.760365,256168.28,26,purchase,JAIPUR,0
27012,2024-09-01 06:19:35.597558,300216.68,969,purchase,MUMBAI,0
44362,2024-07-25 02:16:35.714035,3314.85,643,refund,AHMEDABAD,0
80163,2024-03-05 02:02:35.939454,122234.48,832,purchase,KOLKATA,0
5131,2024-07-22 10:00:35.494753,390593.78,680,transfer,PUNE,0
20535,2023-11-15 10:56:35.560820,293002.88,772,purchase,MUMBAI,0
42694,2024-04-03 11:48:35.703632,83885.18,596,refund,AHMEDABAD,0
50962,2024-04-29 11:18:35.755837,329160.97,230,purchase,JAIPUR,0
28987,2024-05-05 19:13:35.605406,410189.18,830,transfer,PUNE,0
60874,2024-02-08 03:19:35.832553,62776.72,308,refund,BENGALURU,0
24347,2024-06-29 14:06:35.585514,175234.13,129,purchase,KOLKATA,0
62773,2023-11-19 17:43:35.841170,266394.15,868,purchase,DELHI,0
86228,2024-07-22 16:54:35.962199,353561.18,975,purchase,KOLKATA,0
37598,2024-02-27 23:24:35.665191,373344.68,324,transfer,CHENNAI,0
21042,2023-12-02 08:00:35.562643,191687.92,310,purchase,JAIPUR,0
93626,2024-08-03 06:39:36.000304,345185.78,43,purchase,CHENNAI,0
575,2024-06-18 23:25:35.465693,206534.62,581,purchase,AHMEDABAD,0
58633,2024-05-07 04:25:35.822947,38415.3,988,refund,HYDERABAD,0
60543,2023-12-05 17:11:35.830496,346618.8,570,purchase,PUNE,0
8723,2024-05-20 08:27:35.510207,298186.35,47,purchase,HYDERABAD,1
71099,2024-06-18 02:22:35.893735,312833.4,878,cash_out,AHMEDABAD,0
8351,2024-08-16 15:55:35.508740,24871.28,795,refund,MUMBAI,0
42598,2024-05-30 08:46:35.703061,63991.12,352,refund,SURAT,0
7480,2024-08-08 07:40:35.505095,326709.9,986,purchase,BENGALURU,0
93494,2024-03-24 07:17:35.999662,362889.45,955,purchase,SURAT,0
47345,2024-03-06 20:52:35.732997,386847.45,453,transfer,SURAT,0
9685,2024-07-03 23:53:35.514349,104657.02,987,purchase,KOLKATA,0
18718,2023-11-09 08:17:35.552706,108087.38,563,purchase,DELHI,0
94066,2024-02-28 12:04:36.002156,167746.42,305,purchase,DELHI,0
36852,2024-10-03 05:20:35.660273,311682.52,966,cash_out,MUMBAI,0
57266,2023-11-24 15:04:35.813960,13803.9,228,refund,DELHI,0
71578,2024-02-28 18:35:35.896331,77460.9,732,refund,JAIPUR,0
63003,2024-06-05 00:03:35.842438,198059.4,992,purchase,DELHI,0
32406,2023-11-16 03:23:35.623565,283115.25,41,purchase,CHENNAI,0
26705,2024-03-06 04:42:35.596417,90069.38,452,refund,DELHI,0
51491,2024-03-21 10:21:35.759490,12857.62,600,refund,SURAT,0
1700,2024-03-21 12:29:35.471206,256337.4,510,purchase,BENGALURU,0
969,2023-12-20 13:47:35.467295,364304.32,524,purchase,HYDERABAD,1
34135,2024-08-31 11:53:35.634725,343153.8,977,purchase,MUMBAI,0
25112,2024-02-15 02:43:35.588669,297659.18,5,purchase,PUNE,0
60848,2024-08-17 21:10:35.832384,184687.8,673,purchase,AHMEDABAD,0
5905,2023-11-12 11:56:35.498137,363749.92,473,purchase,JAIPUR,0
62648,2024-03-10 10:32:35.840711,56100.0,190,refund,DELHI,0
83233,2023-11-28 11:33:35.950926,266889.15,509,purchase,CHENNAI,0
78223,2024-03-31 21:23:35.930078,14057.18,334,refund,HYDERABAD,0
99790,2023-12-10 01:29:36.026759,11738.92,545,refund,SURAT,0
67148,2024-06-04 15:10:35.860518,390619.35,456,transfer,JAIPUR,0
82174,2024-05-31 19:10:35.946894,65113.95,505,refund,KOLKATA,0
9060,2024-09-26 12:13:35.511626,41095.72,33,refund,SURAT,0
46647,2024-06-16 05:58:35.728336,175946.92,131,purchase,MUMBAI,0
97484,2024-07-17 22:07:36.016801,250215.08,633,purchase,AHMEDABAD,0
69248,2024-06-17 05:28:35.883584,339951.15,897,cash_out,KOLKATA,0
17413,2024-07-09 08:00:35.547436,349041.0,613,purchase,DELHI,1
46162,2024-09-24 14:47:35.725334,147551.25,262,purchase,HYDERABAD,0
87492,2024-04-12 22:39:35.966767,131603.18,128,purchase,BENGALURU,0
40207,2024-08-15 00:11:35.689278,226731.45,763,purchase,DELHI,0
8096,2023-11-10 12:13:35.507694,119467.42,697,purchase,HYDERABAD,0
47666,2023-12-07 13:04:35.735150,381531.98,118,transfer,DELHI,1
81333,2023-12-08 22:42:35.943980,363618.75,711,cash_out,KOLKATA,0
27307,2024-02-15 19:33:35.598721,357079.8,279,purchase,BENGALURU,1
76789,2024-08-03 19:22:35.922612,130743.52,412,purchase,CHENNAI,0
57377,2024-07-18 08:50:35.814677,372959.4,987,transfer,CHENNAI,0
88970,2023-11-14 21:15:35.972903,361722.9,340,purchase,AHMEDABAD,0
13305,2024-05-25 23:30:35.529417,186044.1,762,purchase,BENGALURU,0
7173,2024-08-10 10:15:35.503717,235453.35,135,purchase,MUMBAI,1
77852,2024-05-14 22:20:35.928073,299888.32,872,purchase,SURAT,0
82296,2024-10-14 21:40:35.947321,356526.22,137,purchase,DELHI,1
54891,2024-08-02 15:57:35.797975,252853.42,954,purchase,HYDERABAD,0
63664,2024-05-02 23:39:35.845088,391247.18,945,transfer,HYDERABAD,1
92615,2024-09-23 01:02:35.996026,324437.85,432,cash_out,BENGALURU,0
95637,2024-07-05 04:36:36.008924,343435.95,247,cash_out,BENGALURU,1
88788,2024-03-27 08:13:35.972198,287856.53,178,purchase,CHENNAI,0
58423,2023-12-12 00:34:35.822246,160427.85,37,purchase,SURAT,0
18120,2023-11-23 14:14:35.550266,401284.95,536,transfer,SURAT,0
39726,2024-07-24 19:48:35.686719,12441.0,899,refund,CHENNAI,0
14714,2024-10-05 00:27:35.535101,204614.85,188,purchase,HYDERABAD,0
84966,2023-12-01 14:48:35.957386,209254.65,797,purchase,CHENNAI,0
90264,2024-03-03 03:29:35.986518,362148.6,461,cash_out,SURAT,0
79662,2024-04-20 04:26:35.937002,33143.55,654,refund,AHMEDABAD,0
80427,2024-08-12 14:48:35.940474,157573.35,743,purchase,CHENNAI,0
27844,2024-10-07 04:35:35.600877,36316.5,30,refund,DELHI,0
22717,2024-07-07 08:04:35.570963,278840.92,371,purchase,CHENNAI,0
64492,2024-03-18 05:51:35.848312,306798.53,664,purchase,BENGALURU,0
30477,2024-06-16 09:01:35.611164,101788.5,57,refund,CHENNAI,0
12095,2023-10-26 12:06:35.524471,163627.2,351,purchase,BENGALURU,0
47474,2023-12-20 16:31:35.733884,150081.52,581,purchase,HYDERABAD,0
73101,2024-01-09 12:43:35.904794,245058.0,788,purchase,SURAT,0
58957,2023-11-20 00:22:35.824036,123133.72,367,purchase,AHMEDABAD,0
25864,2023-11-01 12:07:35.592511,300579.68,575,purchase,SURAT,0
97553,2024-04-13 06:23:36.017092,186591.08,509,purchase,HYDERABAD,0
74942,2024-05-22 01:00:35.914112,373108.72,503,transfer,AHMEDABAD,0
42889,2024-08-24 11:29:35.704836,257340.6,251,purchase,BENGALURU,0
90288,2023-12-31 01:43:35.986605,30477.15,634,refund,SURAT,0
831,2024-06-15 00:28:35.466699,364525.42,317,cash_out,CHENNAI,0
91453,2024-08-12 02:07:35.990824,95285.02,165,refund,HYDERABAD,0
14028,2024-02-05 00:02:35.532319,254991.0,703,purchase,CHENNAI,0
73832,2024-06-29 05:16:35.908456,260681.02,767,purchase,BENGALURU,0
30847,2024-08-26 19:45:35.613135,135607.72,127,purchase,BENGALURU,0
29969,2024-06-29 20:25:35.609336,336894.52,536,purchase,AHMEDABAD,0
52859,2023-11-05 05:59:35.770153,350764.42,722,cash_out,DELHI,1
30058,2023-11-07 06:21:35.609686,211493.7,960,purchase,BENGALURU,0
49459,2023-11-20 06:57:35.746610,144516.08,958,purchase,CHENNAI,0
69861,2024-08-27 19:35:35.887081,271896.08,581,purchase,MUMBAI,0
76689,2024-07-10 04:30:35.922061,192096.3,211,purchase,BENGALURU,0
92255,2023-11-04 18:42:35.994361,309889.8,912,purchase,BENGALURU,0
65768,2024-08-31 05:20:35.854159,224035.35,913,purchase,MUMBAI,0
68346,2024-10-05 06:08:35.868166,253260.98,652,purchase,HYDERABAD,0
62349,2024-07-18 01:03:35.839686,47614.88,971,refund,MUMBAI,0
17323,2023-12-08 07:02:35.547109,122652.75,467,purchase,DELHI,0
51655,2023-12-27 11:22:35.760582,195.52,464,refund,AHMEDABAD,0
85918,2024-07-21 22:37:35.960992,173592.38,295,purchase,AHMEDABAD,0
70813,2024-03-20 13:24:35.892058,304148.62,867,purchase,MUMBAI,1
16106,2024-07-15 18:34:35.541380,332785.2,42,purchase,DELHI,1
64367,2023-11-25 00:59:35.847807,27764.55,9,refund,HYDERABAD,0
88598,2023-12-21 22:19:35.971542,362716.2,916,cash_out,SURAT,0
46753,2024-08-30 07:59:35.729040,369296.4,807,purchase,DELHI,1
86465,2024-01-07 10:22:35.963042,115936.42,696,purchase,JAIPUR,0
44022,2024-04-19 19:12:35.712153,235488.82,157,purchase,HYDERABAD,0
4510,2024-04-15 17:40:35.491992,125508.08,331,purchase,MUMBAI,0
49169,2024-09-09 07:59:35.744642,203162.85,341,purchase,AHMEDABAD,1
85782,2024-04-21 14:46:35.960442,389725.88,752,transfer,AHMEDABAD,0
11293,2024-02-13 19:11:35.521073,211454.92,395,purchase,CHENNAI,0
94780,2024-03-10 15:42:36.005265,98808.6,258,refund,AHMEDABAD,0
64437,2024-03-11 00:20:35.848046,30592.65,350,refund,AHMEDABAD,0
84177,2024-03-20 22:34:35.954542,148336.65,431,purchase,KOLKATA,0
84672,2024-09-02 04:34:35.956345,370211.32,475,cash_out,BENGALURU,1
94101,2023-12-11 13:17:36.002316,295885.42,631,purchase,MUMBAI,0
97022,2024-08-10 05:44:36.014830,301867.5,862,purchase,DELHI,1
80102,2024-06-20 10:22:35.939165,61478.18,86,refund,KOLKATA,0
11427,2024-06-26 22:53:35.521636,45406.35,621,refund,HYDERABAD,0
42294,2024-07-17 21:20:35.701152,125818.28,187,purchase,CHENNAI,0
7917,2023-10-23 20:33:35.506883,189884.48,511,purchase,BENGALURU,0
50966,2024-04-08 09:57:35.755864,312336.75,293,purchase,HYDERABAD,1
36658,2024-05-22 23:19:35.659153,388202.92,833,transfer,JAIPUR,0
63144,2024-09-28 05:09:35.843054,89618.92,951,refund,KOLKATA,0
13712,2024-03-10 10:51:35.531043,116157.52,140,purchase,JAIPUR,0
74722,2023-10-31 16:02:35.913027,206527.2,620,purchase,MUMBAI,0
91488,2024-03-01 00:09:35.990942,274664.78,693,purchase,PUNE,0
2122,2024-04-29 22:20:35.472864,379468.65,887,transfer,HYDERABAD,1
71783,2024-09-13 05:42:35.897454,217475.78,407,purchase,DELHI,0
73447,2023-11-29 06:52:35.906566,137336.1,44,purchase,KOLKATA,0
76640,2024-05-31 08:39:35.921803,39508.42,254,refund,HYDERABAD,0
65197,2024-09-18 17:32:35.851205,334680.22,380,purchase,HYDERABAD,1
90145,2024-07-08 12:09:35.986118,370590.0,826,purchase,CHENNAI,0
49841,2024-05-30 05:37:35.749149,51135.98,837,refund,CHENNAI,0
28377,2024-02-01 05:25:35.602996,60646.58,337,refund,CHENNAI,0
74380,2024-08-06 09:40:35.911467,40097.48,980,refund,PUNE,0
95878,2024-09-29 12:15:36.009959,83466.9,551,refund,BENGALURU,0
90142,2024-10-11 22:29:35.986108,192848.7,367,purchase,KOLKATA,0
78162,2024-07-21 11:23:35.929747,222877.05,536,purchase,DELHI,0
65125,2024-03-25 22:32:35.850944,171485.32,396,purchase,HYDERABAD,0
83160,2024-06-07 23:06:35.950613,397777.05,698,transfer,AHMEDABAD,0
53771,2024-04-27 04:34:35.790641,237402.82,935,purchase,MUMBAI,0
91470,2024-06-29 05:37:35.990882,10234.12,157,refund,MUMBAI,0
49090,2024-02-12 09:24:35.744156,52522.8,130,refund,SURAT,0
60521,2024-06-14 19:27:35.830371,19570.65,113,refund,BENGALURU,0
19565,2023-11-19 04:15:35.556926,343440.9,870,cash_out,BENGALURU,1
70272,2023-11-21 04:35:35.889241,186340.28,692,purchase,SURAT,0
3999,2024-01-01 02:01:35.489704,256460.32,569,purchase,BENGALURU,0
72727,2024-01-29 02:05:35.902810,57594.08,799,refund,BENGALURU,0
97601,2023-12-11 10:02:36.017309,267884.1,378,purchase,MUMBAI,0
52991,2024-05-29 19:56:35.770640,290722.58,62,purchase,KOLKATA,0
14014,2024-10-13 07:38:35.532273,107985.9,324,purchase,SURAT,0
83940,2024-03-15 02:11:35.953699,295780.65,751,purchase,MUMBAI,0
50038,2023-11-21 13:04:35.750273,212157.82,988,purchase,AHMEDABAD,0
16413,2024-01-24 00:02:35.542670,265517.18,444,purchase,AHMEDABAD,0
9730,2024-01-11 18:05:35.514510,136133.25,838,purchase,BENGALURU,0
55506,2023-11-09 01:21:35.801975,359867.48,389,cash_out,HYDERABAD,1
25202,2024-02-09 12:39:35.589093,27171.38,985,refund,BENGALURU,0
38178,2024-04-06 14:40:35.669140,135102.82,486,purchase,SURAT,0
20879,2023-12-15 01:09:35.562056,84808.35,487,refund,KOLKATA,0
29580,2024-01-09 14:10:35.607886,401759.32,983,transfer,KOLKATA,0
26960,2024-10-09 09:26:35.597385,213695.62,953,purchase,AHMEDABAD,0
67478,2024-02-25 18:20:35.861724,356211.9,307,purchase,CHENNAI,0
65371,2023-12-09 13:47:35.852038,121128.98,484,purchase,KOLKATA,0
25784,2024-07-31 18:34:35.591995,101687.02,353,refund,MUMBAI,0
412,2024-01-30 20:08:35.464662,46094.4,460,refund,AHMEDABAD,0
15986,2024-07-10 06:03:35.540886,187960.58,167,purchase,JAIPUR,0
92449,2024-04-10 21:02:35.995248,163251.82,585,purchase,BENGALURU,0
17950,2024-06-01 20:48:35.549516,200581.42,168,purchase,KOLKATA,0
26981,2024-06-24 03:27:35.597455,286265.1,992,purchase,HYDERABAD,0
1412,2023-10-31 14:16:35.470055,40975.28,662,refund,DELHI,0
58852,2024-04-14 14:51:35.823685,75612.9,645,refund,BENGALURU,0
33806,2024-06-19 19:11:35.632479,337134.6,93,purchase,DELHI,1
77337,2024-08-02 02:41:35.925475,374039.32,689,transfer,JAIPUR,0
51445,2024-03-25 20:16:35.759189,265507.28,912,purchase,SURAT,0
53765,2023-11-23 04:01:35.790602,289631.92,937,purchase,SURAT,0
24237,2024-03-04 23:17:35.584955,285682.65,978,purchase,AHMEDABAD,0
34352,2024-01-07 14:32:35.636075,222206.32,650,purchase,CHENNAI,0
14826,2024-09-15 18:17:35.535564,283135.05,377,purchase,KOLKATA,0
99628,2024-01-07 03:19:36.026091,297322.58,802,purchase,KOLKATA,0
36349,2024-06-18 13:56:35.657357,176078.1,982,purchase,DELHI,0
59072,2024-10-07 22:13:35.824419,27036.07,577,refund,DELHI,0
9009,2024-08-13 21:08:35.511422,112432.65,747,purchase,AHMEDABAD,0
47004,2024-10-15 21:46:35.730729,285247.88,13,purchase,HYDERABAD,0
33739,2023-12-24 19:46:35.632032,110640.75,492,purchase,BENGALURU,0
72898,2024-09-15 11:59:35.903715,155183.33,890,purchase,KOLKATA,0
86973,2024-09-13 15:52:35.964833,334398.08,748,purchase,HYDERABAD,0
43017,2024-07-17 16:55:35.705692,301462.42,789,purchase,MUMBAI,0
75278,2024-06-23 23:38:35.915869,139401.08,749,purchase,AHMEDABAD,0
70016,2024-05-21 23:43:35.887888,57284.7,997,refund,CHENNAI,0
54773,2024-01-04 08:31:35.797182,203803.05,96,purchase,BENGALURU,0
44211,2024-03-29 15:38:35.713239,307493.18,798,purchase,JAIPUR,0
77361,2024-06-24 11:47:35.925611,325988.02,513,purchase,HYDERABAD,1
90098,2024-07-20 10:51:35.985948,175878.45,987,purchase,HYDERABAD,0
2797,2024-10-07 13:30:35.484286,198942.15,562,purchase,HYDERABAD,0
72309,2024-03-14 12:19:35.900357,343021.8,661,purchase,BENGALURU,0
29929,2024-03-23 05:39:35.609194,291833.02,411,purchase,PUNE,0
10895,2024-07-22 00:04:35.519507,365406.52,210,cash_out,AHMEDABAD,0
22929,2023-12-22 14:06:35.571857,76623.52,515,refund,KOLKATA,0
39390,2024-02-27 07:18:35.684950,158440.42,143,purchase,DELHI,0
84707,2024-04-06 16:25:35.956470,323069.18,333,purchase,MUMBAI,1
85029,2023-12-26 05:44:35.957688,50235.9,511,refund,CHENNAI,0
97466,2024-06-16 12:07:36.016738,70917.82,220,refund,JAIPUR,0
23393,2024-06-16 21:09:35.573468,344552.18,695,purchase,CHENNAI,0
79950,2024-04-01 16:49:35.938579,308528.55,76,purchase,BENGALURU,0
78718,2024-05-27 11:09:35.932303,389378.55,981,transfer,KOLKATA,0
3519,2024-04-28 10:32:35.487518,287037.3,425,purchase,KOLKATA,0
18640,2024-03-27 14:17:35.552395,396411.68,613,transfer,JAIPUR,0
37515,2023-12-22 11:18:35.664637,34092.3,574,refund,AHMEDABAD,0
82599,2024-06-21 07:13:35.948371,226848.6,604,purchase,DELHI,0
40968,2024-02-18 20:17:35.693510,321429.9,743,purchase,CHENNAI,0
71339,2024-01-22 23:05:35.895069,361815.3,947,cash_out,DELHI,1
13384,2024-01-04 18:37:35.529731,332889.98,79,purchase,JAIPUR,0
39520,2024-01-19 06:17:35.685640,58108.88,880,refund,DELHI,0
5464,2024-04-30 00:59:35.496074,25953.68,281,refund,PUNE,0
83227,2024-03-04 12:19:35.950906,263096.62,10,purchase,HYDERABAD,0
39034,2024-09-16 17:48:35.683106,158562.52,89,purchase,KOLKATA,0
12571,2024-06-16 09:59:35.526472,44537.62,141,refund,HYDERABAD,0
19758,2024-07-29 02:51:35.557943,209147.4,959,purchase,KOLKATA,0
51116,2024-09-02 19:18:35.756852,42982.5,609,refund,CHENNAI,0
36578,2024-02-23 06:40:35.658708,9085.72,33,refund,HYDERABAD,0
54740,2024-02-03 01:20:35.796974,165454.58,726,purchase,AHMEDABAD,0
93197,2024-09-22 07:50:35.998450,8293.72,703,refund,CHENNAI,0
6049,2024-04-02 03:36:35.498772,368376.52,762,cash_out,AHMEDABAD,1
36146,2024-07-15 03:13:35.656015,224248.2,714,purchase,PUNE,0
75437,2023-11-14 03:28:35.916768,77309.1,633,refund,AHMEDABAD,0
52793,2024-07-07 05:34:35.769883,147184.12,779,purchase,PUNE,0
31187,2024-05-05 01:38:35.615632,88799.7,164,refund,JAIPUR,0
84171,2024-06-09 07:20:35.954510,323709.38,417,purchase,CHENNAI,0
67944,2024-06-09 20:38:35.865648,344569.5,816,purchase,KOLKATA,0
31701,2024-03-11 14:53:35.619062,7321.05,274,refund,MUMBAI,0
33064,2024-09-27 23:48:35.627554,233583.08,971,purchase,BENGALURU,0
26621,2024-03-21 12:58:35.595956,154393.8,552,purchase,HYDERABAD,0
78989,2024-08-16 09:34:35.933655,182579.1,795,purchase,KOLKATA,0
32521,2023-10-26 13:18:35.624213,29481.38,387,refund,MUMBAI,0
41444,2024-01-12 12:27:35.696176,231429.0,984,purchase,MUMBAI,0
78089,2023-11-06 15:32:35.929198,299393.32,900,purchase,SURAT,0
22460,2024-02-20 20:37:35.569277,140348.18,101,purchase,MUMBAI,0
72619,2023-11-06 00:34:35.902237,216263.85,391,purchase,JAIPUR,0
96736,2024-01-06 09:10:36.013518,29827.88,346,refund,AHMEDABAD,0
6210,2024-07-08 09:15:35.499508,74272.27,35,refund,HYDERABAD,0
9489,2024-01-03 18:41:35.513461,60788.48,769,refund,KOLKATA,0
29229,2023-12-07 02:55:35.606443,54832.8,697,refund,SURAT,0
64716,2024-04-23 03:56:35.849134,382299.22,115,transfer,CHENNAI,0
72582,2024-09-03 22:04:35.902047,153445.88,42,purchase,HYDERABAD,0
87910,2024-01-03 11:55:35.968525,31098.38,925,refund,DELHI,0
20009,2024-05-28 19:07:35.559004,25692.98,433,refund,PUNE,0
20345,2024-09-30 13:17:35.560154,4936.8,376,refund,DELHI,0
61775,2024-04-30 07:08:35.837750,403474.5,392,transfer,HYDERABAD,1
83869,2024-09-16 23:25:35.953383,123314.4,842,purchase,KOLKATA,0
15571,2024-07-29 14:46:35.539121,139229.48,707,purchase,MUMBAI,0
6820,2024-06-16 21:16:35.502311,355631.92,534,purchase,AHMEDABAD,0
78690,2024-07-25 08:42:35.932198,402371.48,914,transfer,PUNE,0
77255,2024-09-12 04:50:35.924998,219332.85,783,purchase,BENGALURU,0
51585,2024-08-28 10:35:35.760122,325673.7,900,purchase,CHENNAI,0
3081,2024-05-03 05:54:35.485505,145585.28,43,purchase,MUMBAI,0
27192,2024-06-22 05:00:35.598255,338318.48,318,cash_out,MUMBAI,1
72152,2024-02-22 20:59:35.899525,145756.05,957,purchase,MUMBAI,0
59371,2024-07-04 20:42:35.825421,222768.98,58,purchase,CHENNAI,0
58492,2024-07-16 23:36:35.822477,62569.65,661,refund,MUMBAI,0
65226,2024-07-05 08:43:35.851308,141025.5,10,purchase,AHMEDABAD,0
49118,2024-01-03 09:24:35.744348,351017.7,66,purchase,HYDERABAD,1
85055,2024-09-13 20:39:35.957838,383357.7,390,transfer,AHMEDABAD,0
98954,2023-12-25 21:56:36.023097,21968.1,80,refund,CHENNAI,0
35151,2024-01-07 03:19:35.648064,165723.52,60,purchase,MUMBAI,0
23957,2023-11-08 06:37:35.583943,12941.78,973,refund,SURAT,0
25469,2023-11-18 07:01:35.590334,266937.82,478,purchase,AHMEDABAD,0
59360,2023-12-23 05:41:35.825384,309485.55,386,cash_out,MUMBAI,0
49941,2024-05-18 05:02:35.749733,91773.83,815,refund,MUMBAI,0
48322,2023-12-23 16:50:35.739079,258227.48,524,purchase,SURAT,0
58614,2024-04-03 02:30:35.822884,369252.68,970,cash_out,PUNE,0
76804,2023-10-30 06:12:35.922690,288752.48,853,purchase,JAIPUR,0
55696,2024-03-18 16:39:35.803729,210905.47,305,purchase,BENGALURU,0
69169,2024-07-23 01:31:35.883169,200107.05,837,purchase,DELHI,0
15267,2024-07-09 07:33:35.537742,105398.7,780,purchase,CHENNAI,0
79911,2023-11-15 16:11:35.938438,311635.5,216,purchase,MUMBAI,0
17314,2024-08-26 03:33:35.547074,8705.4,749,refund,KOLKATA,0
66574,2024-02-11 17:15:35.858173,388769.7,417,transfer,CHENNAI,0
192,2024-04-27 01:48:35.463751,350468.25,862,cash_out,JAIPUR,1
68476,2024-04-25 10:36:35.869069,185629.95,143,purchase,SURAT,0
58764,2023-11-05 14:50:35.823391,108064.28,814,purchase,HYDERABAD,0
39253,2024-04-04 18:26:35.684236,98542.12,367,refund,DELHI,0
46295,2024-07-21 22:14:35.726233,92645.02,458,refund,MUMBAI,0
33922,2024-06-19 20:21:35.633243,247501.65,566,purchase,BENGALURU,0
80875,2024-09-07 23:11:35.942197,182046.98,548,purchase,BENGALURU,0
73911,2024-10-07 15:31:35.908933,56369.78,863,refund,HYDERABAD,0
13902,2024-09-18 13:23:35.531787,30178.5,646,refund,CHENNAI,0
81992,2024-08-25 18:03:35.946261,59458.58,300,refund,BENGALURU,0
97338,2024-03-30 11:29:36.016205,405720.15,301,transfer,MUMBAI,1
84270,2023-11-23 11:44:35.954902,395158.5,323,transfer,PUNE,0
71482,2024-04-05 12:06:35.895831,68339.7,970,refund,PUNE,0
64585,2023-11-16 01:10:35.848686,201702.6,614,purchase,MUMBAI,0
69784,2023-11-15 21:30:35.886656,383462.48,390,transfer,HYDERABAD,1
23802,2024-09-06 21:07:35.583079,326982.97,519,purchase,HYDERABAD,0
52735,2024-04-11 10:46:35.769668,45334.58,477,refund,DELHI,0
58613,2024-06-26 10:15:35.822880,150269.62,187,purchase,HYDERABAD,0
83061,2024-09-23 07:29:35.950230,183753.08,184,purchase,HYDERABAD,0
56178,2023-11-11 13:36:35.806798,316427.1,147,purchase,AHMEDABAD,0
93317,2024-06-19 18:26:35.998966,329350.73,99,purchase,BENGALURU,0
71040,2024-07-23 09:41:35.893384,273337.35,252,purchase,JAIPUR,0
4229,2024-01-21 10:06:35.490766,46216.5,461,refund,HYDERABAD,0
41418,2023-12-19 13:18:35.696031,312814.42,535,purchase,DELHI,0
4650,2024-08-25 08:33:35.492640,289747.42,250,purchase,CHENNAI,0
70921,2024-08-25 01:03:35.892745,342701.7,475,cash_out,DELHI,0
37011,2024-06-02 11:57:35.661235,213881.25,731,purchase,PUNE,0
46991,2024-07-13 23:16:35.730644,335348.47,866,cash_out,SURAT,0
25333,2023-12-23 21:21:35.589730,305999.1,519,purchase,DELHI,1
16275,2024-10-03 23:25:35.542059,182108.85,616,purchase,JAIPUR,0
4211,2024-09-04 14:47:35.490686,234498.82,426,purchase,SURAT,0
99582,2024-05-20 19:30:36.025891,306148.42,413,purchase,AHMEDABAD,0
59931,2024-08-02 00:57:35.828011,44949.3,276,refund,KOLKATA,0
94967,2024-08-17 07:15:36.006080,11956.72,929,refund,CHENNAI,0
45095,2024-04-08 15:42:35.718764,58624.5,390,refund,AHMEDABAD,0
87091,2024-09-13 18:17:35.965268,387787.12,907,transfer,PUNE,0
6304,2024-07-12 23:58:35.499952,409901.25,363,transfer,HYDERABAD,1
13998,2024-09-08 01:51:35.532199,386795.48,863,transfer,PUNE,0
44724,2024-01-01 03:04:35.716407,75627.75,151,refund,BENGALURU,0
46110,2023-10-31 06:41:35.724991,239148.52,10,purchase,DELHI,0
8720,2023-12-13 12:44:35.510193,41019.0,890,refund,PUNE,0
29729,2024-10-04 08:20:35.608401,92323.28,287,refund,PUNE,1
32323,2024-07-20 18:20:35.623110,325938.53,684,purchase,KOLKATA,0
86893,2024-07-17 15:57:35.964549,202913.7,700,purchase,HYDERABAD,0
2010,2024-01-15 00:11:35.472486,406918.05,815,transfer,KOLKATA,0
20687,2023-12-15 04:12:35.561340,287742.68,999,purchase,SURAT,0
70753,2023-11-14 23:23:35.891745,219905.4,228,purchase,BENGALURU,0
11437,2023-12-07 01:28:35.521682,146775.75,12,purchase,JAIPUR,0
28095,2024-05-26 14:57:35.601915,198625.35,382,purchase,PUNE,0
11473,2024-01-08 04:45:35.521828,32224.5,232,refund,AHMEDABAD,0
19082,2023-10-21 17:14:35.554655,248826.6,262,purchase,HYDERABAD,0
37658,2024-03-15 01:47:35.665664,238306.2,172,purchase,BENGALURU,0
54574,2024-06-15 15:28:35.795906,221298.0,137,purchase,HYDERABAD,0
58399,2024-09-12 21:35:35.822167,84673.05,268,refund,CHENNAI,0
43160,2024-01-14 09:13:35.706595,192643.28,118,purchase,MUMBAI,0
10236,2024-07-15 11:25:35.516711,316609.42,805,purchase,CHENNAI,0
70559,2024-01-21 06:20:35.890729,119422.88,646,purchase,BENGALURU,0
39634,2024-03-20 23:26:35.686238,294116.62,588,purchase,HYDERABAD,0
6755,2024-04-11 15:47:35.502004,63097.65,313,refund,JAIPUR,0
19646,2024-04-01 08:46:35.557317,129153.75,598,purchase,HYDERABAD,0
66073,2024-09-21 18:46:35.855657,301549.88,104,purchase,DELHI,0
33817,2024-03-13 20:55:35.632551,5468.92,815,refund,CHENNAI,0
72832,2024-02-18 13:08:35.903366,342477.3,384,purchase,JAIPUR,0
4497,2023-12-10 22:05:35.491920,348245.7,66,cash_out,JAIPUR,0
54252,2024-01-26 10:26:35.793848,190159.2,387,purchase,CHENNAI,0
70729,2024-09-26 04:50:35.891620,362018.25,545,cash_out,HYDERABAD,1
8491,2024-07-16 12:47:35.509276,262354.12,792,purchase,DELHI,0
30087,2024-08-27 18:24:35.609796,33587.4,399,refund,PUNE,0
29604,2024-03-20 17:34:35.607966,307480.8,200,purchase,MUMBAI,1
74957,2023-11-21 17:39:35.914187,6048.9,580,refund,DELHI,0
26365,2024-10-03 20:39:35.594898,386221.28,87,transfer,DELHI,1
81985,2023-12-18 19:44:35.946238,31569.45,982,refund,HYDERABAD,0
87626,2023-12-01 06:10:35.967263,146196.6,760,purchase,DELHI,0
37815,2024-03-04 02:26:35.666716,9109.65,572,refund,JAIPUR,0
75158,2024-01-29 19:24:35.915289,174778.72,542,purchase,DELHI,0
70193,2023-11-18 03:55:35.888829,366128.4,158,cash_out,SURAT,0
73681,2024-05-02 21:14:35.907694,144681.08,305,purchase,AHMEDABAD,0
31978,2024-05-25 19:18:35.620896,31298.02,388,refund,HYDERABAD,0
72642,2024-03-10 16:57:35.902357,1336.5,516,refund,MUMBAI,0
14848,2023-11-01 01:44:35.535667,111103.58,403,purchase,SURAT,0
3907,2024-08-11 06:02:35.489260,368234.62,156,purchase,HYDERABAD,1
70635,2024-02-26 23:51:35.891126,207527.1,361,purchase,PUNE,0
45406,2024-04-10 04:20:35.720491,190081.65,502,purchase,CHENNAI,0
58970,2024-03-02 10:06:35.824080,177195.98,701,purchase,BENGALURU,0
9786,2024-08-30 16:03:35.514732,187012.65,749,purchase,CHENNAI,0
32896,2023-12-01 15:17:35.626487,313415.02,465,purchase,KOLKATA,0
86316,2023-10-30 13:21:35.962503,380545.28,509,transfer,KOLKATA,0
49133,2024-03-12 14:08:35.744432,97364.02,139,refund,PUNE,0
24597,2024-05-19 19:31:35.586527,276888.97,517,purchase,MUMBAI,0
23693,2024-01-18 15:01:35.582658,408734.7,539,transfer,SURAT,0
97244,2024-05-06 02:11:36.015764,267803.25,913,purchase,AHMEDABAD,0
88117,2024-06-20 01:04:35.969298,131501.7,167,purchase,SURAT,0
89203,2024-02-02 04:24:35.982018,46214.02,885,refund,BENGALURU,0
90699,2024-04-16 17:30:35.988048,126230.78,151,purchase,BENGALURU,0
93854,2024-04-17 01:56:36.001231,140061.9,767,purchase,KOLKATA,0
94456,2024-05-29 14:34:36.003882,11115.22,185,refund,CHENNAI,0
70755,2024-07-02 10:32:35.891756,149554.35,64,purchase,JAIPUR,0
63671,2024-08-26 09:26:35.845128,276959.1,307,purchase,JAIPUR,0
45270,2024-02-14 18:44:35.719733,146645.4,132,purchase,DELHI,0
87746,2023-10-26 03:03:35.967867,298879.35,475,purchase,AHMEDABAD,0
65475,2024-09-05 18:42:35.852604,285893.85,339,purchase,SURAT,0
2613,2024-01-01 09:10:35.483461,185254.58,84,purchase,BENGALURU,0
79053,2024-03-03 19:34:35.933887,122062.88,959,purchase,JAIPUR,0
79585,2024-02-08 00:00:35.936635,8473.57,333,refund,SURAT,0
95417,2024-07-25 19:14:36.007978,384440.93,211,transfer,MUMBAI,1
78602,2024-07-15 11:57:35.931874,155524.05,124,purchase,CHENNAI,0
15595,2023-12-20 17:43:35.539202,322260.68,642,purchase,PUNE,0
96100,2024-09-14 17:52:36.010894,42812.55,382,refund,KOLKATA,0
68069,2024-08-14 11:30:35.866489,168186.15,469,purchase,SURAT,0
44068,2024-02-18 06:58:35.712438,132990.0,524,purchase,BENGALURU,0
4572,2023-11-10 07:00:35.492246,111530.1,120,purchase,CHENNAI,1
98243,2023-10-24 06:18:36.020112,131007.52,108,purchase,KOLKATA,0
23757,2023-11-06 03:02:35.582895,225874.28,397,purchase,KOLKATA,0
8146,2024-04-02 02:26:35.507900,198324.22,62,purchase,BENGALURU,0
51129,2023-11-18 00:46:35.756935,398473.35,325,transfer,AHMEDABAD,0
18723,2024-08-13 04:32:35.552722,228741.15,717,purchase,KOLKATA,0
72853,2024-06-13 11:25:35.903473,346646.85,411,purchase,AHMEDABAD,0
61706,2024-03-24 17:58:35.837466,238057.88,525,purchase,KOLKATA,0
32065,2023-11-10 18:57:35.621479,177595.28,857,purchase,AHMEDABAD,0
47922,2023-12-15 06:40:35.736805,336122.32,904,purchase,JAIPUR,0
78255,2023-12-23 09:23:35.930185,19619.32,289,refund,PUNE,0
96292,2024-04-08 22:14:36.011679,193235.62,864,purchase,MUMBAI,0
49923,2024-10-17 04:20:35.749640,168844.5,356,purchase,JAIPUR,0
28598,2024-09-16 19:53:35.603888,124896.75,539,purchase,KOLKATA,0
96747,2024-07-08 17:11:36.013642,411033.98,781,transfer,SURAT,0
30784,2024-06-15 20:22:35.612322,169449.22,813,purchase,MUMBAI,0
14939,2024-01-19 07:48:35.536075,304312.8,142,purchase,MUMBAI,0
3096,2024-04-28 04:09:35.485621,4636.5,641,refund,PUNE,0
25118,2023-12-28 06:47:35.588689,308701.8,447,purchase,HYDERABAD,0
62211,2024-04-30 11:56:35.839211,332268.75,379,purchase,CHENNAI,0
52442,2023-11-01 19:25:35.765798,159458.48,303,purchase,HYDERABAD,0
13310,2024-04-03 00:10:35.529433,224037.0,920,purchase,CHENNAI,0
80895,2024-08-27 18:40:35.942264,192960.08,921,purchase,SURAT,0
59610,2024-04-16 11:29:35.826653,384839.4,21,transfer,CHENNAI,0
56872,2024-09-05 19:01:35.811349,289700.4,67,purchase,CHENNAI,0
98242,2024-06-09 12:09:36.020106,364777.05,448,purchase,CHENNAI,0
92248,2024-03-15 13:32:35.994319,11228.25,208,refund,BENGALURU,0
14517,2024-06-25 22:48:35.534290,302185.12,354,purchase,KOLKATA,0
24740,2024-02-24 07:32:35.587121,337165.95,597,purchase,KOLKATA,0
83357,2024-10-09 13:41:35.951396,306740.78,136,purchase,JAIPUR,0
37408,2024-02-13 11:30:35.663924,364734.98,988,purchase,SURAT,0
49371,2024-08-08 19:34:35.746016,360911.92,990,purchase,JAIPUR,0
98284,2024-09-29 07:56:36.020297,212725.42,241,purchase,PUNE,0
22083,2024-03-12 02:22:35.567093,283152.38,75,purchase,JAIPUR,0
53691,2024-08-18 18:30:35.790136,179414.4,285,purchase,DELHI,0
17747,2023-11-02 23:22:35.548744,152163.0,689,purchase,KOLKATA,0
30708,2024-08-21 07:40:35.612049,95846.85,659,refund,SURAT,0
18336,2023-11-30 03:45:35.551104,313009.95,382,cash_out,HYDERABAD,1
25429,2024-04-01 15:42:35.590161,46096.88,348,refund,CHENNAI,0
7694,2024-10-01 11:19:35.505999,116373.67,578,purchase,KOLKATA,0
59823,2024-04-12 17:47:35.827650,375644.78,727,transfer,PUNE,0
97649,2024-09-20 12:58:36.017521,54815.48,71,refund,KOLKATA,0
77676,2024-07-14 10:19:35.927103,254807.03,893,purchase,SURAT,0
37532,2023-11-02 16:13:35.664751,309844.42,427,purchase,JAIPUR,0
31216,2024-01-20 04:32:35.615836,378871.35,551,transfer,BENGALURU,1
70081,2024-01-14 03:00:35.888230,167595.45,946,purchase,PUNE,0
60731,2023-11-29 04:40:35.831671,60506.32,54,refund,AHMEDABAD,0
24405,2024-01-07 23:36:35.585778,382337.18,921,transfer,JAIPUR,0
25680,2024-10-01 02:28:35.591347,110172.15,148,purchase,JAIPUR,0
95666,2024-07-03 20:21:36.009023,25232.63,828,refund,AHMEDABAD,0
88980,2024-02-17 04:42:35.972936,176230.72,48,purchase,KOLKATA,0
19189,2024-06-01 13:36:35.555208,218309.85,416,purchase,CHENNAI,0
58833,2023-12-19 16:19:35.823622,340490.7,850,purchase,CHENNAI,0
52798,2024-09-14 08:46:35.769900,331714.35,982,purchase,BENGALURU,1
82443,2024-09-03 07:06:35.947830,85580.55,555,refund,BENGALURU,0
90491,2024-01-07 10:59:35.987321,37662.9,854,refund,DELHI,0
19705,2024-08-26 06:32:35.557535,39225.45,169,refund,BENGALURU,0
22324,2023-10-30 09:52:35.568378,221816.1,46,purchase,MUMBAI,0
22202,2024-09-25 20:20:35.567586,203889.68,175,purchase,PUNE,0
79436,2024-03-25 02:08:35.936093,223980.9,672,purchase,JAIPUR,0
506,2024-04-01 22:29:35.465189,373399.95,201,transfer,CHENNAI,0
63995,2023-11-10 06:02:35.846491,239257.42,846,purchase,KOLKATA,0
38982,2023-11-09 19:35:35.682482,140464.5,318,purchase,MUMBAI,0
80718,2024-07-01 20:38:35.941658,215023.88,212,purchase,BENGALURU,0
52461,2024-08-22 09:58:35.765920,117383.48,366,purchase,DELHI,0
27626,2024-06-11 14:11:35.599989,66667.42,669,refund,DELHI,0
99636,2024-02-04 03:51:36.026135,367235.55,580,cash_out,HYDERABAD,1
59411,2024-05-19 19:32:35.825553,132935.55,998,purchase,KOLKATA,0
22261,2024-02-08 11:43:35.567967,338456.25,173,purchase,SURAT,0
69701,2024-03-20 15:25:35.886192,59306.78,714,refund,MUMBAI,0
3898,2024-09-29 06:48:35.489214,135308.25,269,purchase,MUMBAI,0
78052,2024-01-29 14:59:35.929007,395845.72,879,transfer,SURAT,0
35193,2024-10-20 14:57:35.648339,385693.28,850,transfer,AHMEDABAD,0
1838,2024-06-04 02:27:35.471841,2305.05,194,refund,SURAT,0
60038,2024-03-28 23:51:35.828397,366259.58,152,cash_out,SURAT,0
90588,2024-02-23 21:49:35.987643,233544.3,861,purchase,CHENNAI,0
80813,2023-11-12 04:41:35.941991,243889.8,396,purchase,PUNE,0
39551,2024-01-15 22:27:35.685803,379043.78,765,transfer,CHENNAI,0
54680,2023-12-28 19:24:35.796590,141391.8,878,purchase,KOLKATA,0
83285,2024-02-03 09:19:35.951121,366521.1,176,purchase,PUNE,0
46694,2024-01-17 11:09:35.728640,351758.55,688,purchase,PUNE,0
43905,2024-02-28 07:52:35.711398,9403.35,344,refund,HYDERABAD,0
90905,2024-04-14 19:57:35.988741,194668.65,793,purchase,BENGALURU,0
10650,2024-05-24 17:56:35.518478,159284.4,615,purchase,JAIPUR,0
98558,2024-08-16 15:08:36.021409,286205.7,545,purchase,CHENNAI,0
75038,2024-01-14 14:49:35.914649,257666.48,949,purchase,MUMBAI,0
57191,2023-12-20 01:40:35.813413,120417.0,371,purchase,SURAT,0
96543,2024-10-05 15:16:36.012718,142419.75,503,purchase,CHENNAI,0
11820,2024-05-26 01:39:35.523257,366974.85,976,cash_out,KOLKATA,0
4004,2024-01-04 08:17:35.489722,14477.92,413,refund,HYDERABAD,0
16520,2024-04-08 06:19:35.543486,261147.15,797,purchase,AHMEDABAD,0
94896,2023-12-02 04:02:36.005803,391507.05,955,transfer,PUNE,0
84717,2024-09-01 16:03:35.956503,403479.45,296,transfer,SURAT,0
21306,2024-08-26 19:11:35.563704,235950.82,984,purchase,AHMEDABAD,0
22353,2024-02-01 06:56:35.568569,298779.53,62,purchase,PUNE,0
53276,2024-10-05 21:34:35.787351,355292.02,665,purchase,SURAT,0
11881,2023-12-18 19:14:35.523527,185192.7,497,purchase,BENGALURU,0
84605,2024-10-09 06:02:35.956108,57636.15,477,refund,PUNE,0
74463,2024-05-03 06:52:35.911927,396593.18,329,transfer,JAIPUR,0
47675,2024-08-20 03:17:35.735209,147375.52,734,purchase,CHENNAI,0
21233,2023-10-22 12:08:35.563443,78997.88,549,refund,BENGALURU,0
61347,2024-04-08 02:48:35.835508,250089.68,970,purchase,JAIPUR,0
6667,2023-12-12 05:32:35.501554,41603.1,236,refund,HYDERABAD,0
67190,2024-03-16 17:56:35.860674,189925.72,652,purchase,PUNE,0
33707,2023-10-26 06:25:35.631820,155081.02,274,purchase,CHENNAI,0
68783,2024-06-24 23:56:35.871003,325684.42,533,cash_out,CHENNAI,0
5549,2024-07-26 23:30:35.496432,349965.0,269,cash_out,BENGALURU,1
92646,2024-08-29 22:43:35.996131,275573.92,482,purchase,AHMEDABAD,0
84297,2024-02-23 23:19:35.954992,239803.58,86,purchase,MUMBAI,0
68307,2024-02-18 03:38:35.867946,240608.78,850,purchase,AHMEDABAD,0
56557,2024-01-02 11:45:35.809214,317841.98,451,purchase,JAIPUR,0
9552,2024-10-14 19:11:35.513787,7744.28,192,refund,BENGALURU,0
21687,2024-07-29 13:13:35.565281,39247.72,225,refund,MUMBAI,1
80823,2024-02-26 23:56:35.942024,265693.73,572,purchase,MUMBAI,0
69468,2024-07-19 07:40:35.884844,274170.6,497,purchase,PUNE,0
91724,2023-11-14 01:09:35.991772,65120.55,731,refund,BENGALURU,0
93921,2024-08-13 14:40:36.001514,135632.48,18,purchase,PUNE,0
31904,2023-11-18 23:18:35.620416,6048.9,55,refund,DELHI,0
81933,2024-09-27 19:08:35.946065,7427.48,234,refund,BENGALURU,0
11332,2023-11-03 05:11:35.521203,81627.97,469,refund,DELHI,0
65147,2023-12-01 20:38:35.851018,316243.95,488,purchase,JAIPUR,0
41434,2023-12-04 08:13:35.696121,81882.08,638,refund,MUMBAI,0
89842,2024-02-24 15:52:35.984943,258928.72,190,purchase,CHENNAI,0
72412,2024-07-25 16:05:35.900901,228341.85,242,purchase,HYDERABAD,1
75392,2024-06-13 16:20:35.916549,338046.22,826,purchase,AHMEDABAD,0
70194,2024-08-20 11:02:35.888834,150852.9,971,purchase,PUNE,0
9071,2024-09-30 00:34:35.511674,324228.3,29,cash_out,CHENNAI,0
47110,2024-10-16 13:26:35.731432,367590.3,193,purchase,SURAT,0
31271,2024-10-01 17:57:35.616202,41551.95,129,refund,AHMEDABAD,0
64582,2024-02-27 06:28:35.848676,254587.58,745,purchase,BENGALURU,0
68505,2024-03-19 06:35:35.869235,409746.15,644,transfer,PUNE,0
37969,2024-04-20 01:15:35.667744,223113.82,445,purchase,AHMEDABAD,0
82898,2024-08-28 18:22:35.949550,215555.18,585,purchase,HYDERABAD,0
74442,2024-09-15 09:55:35.911800,289322.55,173,purchase,AHMEDABAD,0
61947,2024-08-06 17:16:35.838324,377325.3,574,transfer,MUMBAI,1
64732,2024-09-25 10:26:35.849188,105275.78,923,purchase,JAIPUR,0
96798,2024-06-08 17:14:36.013879,173207.92,365,purchase,MUMBAI,0
23238,2023-12-20 16:04:35.572933,12178.65,840,refund,HYDERABAD,0
34249,2023-11-19 12:20:35.635479,341658.9,948,purchase,SURAT,0
47149,2024-09-22 19:51:35.731694,114132.98,263,purchase,MUMBAI,0
47646,2024-08-06 23:49:35.735020,178101.0,12,purchase,CHENNAI,0
45868,2024-09-30 17:01:35.723369,200457.68,62,purchase,PUNE,0
60479,2024-03-04 20:32:35.830128,121487.85,567,purchase,JAIPUR,0
94112,2024-06-06 16:36:36.002380,356947.8,61,purchase,JAIPUR,0
94352,2024-02-19 13:31:36.003467,85842.08,105,refund,DELHI,0
5592,2024-01-15 08:25:35.496597,239386.95,630,purchase,KOLKATA,0
8203,2024-05-21 15:49:35.508123,55462.28,339,refund,MUMBAI,0
74824,2024-03-11 07:19:35.913478,400101.9,420,transfer,AHMEDABAD,0
4735,2024-02-10 11:26:35.492955,235340.32,156,purchase,MUMBAI,0
13724,2024-04-30 14:53:35.531095,249159.9,607,purchase,DELHI,0
59308,2024-06-04 06:47:35.825211,348762.15,113,purchase,MUMBAI,0
73841,2023-10-21 13:12:35.908509,190532.92,478,purchase,DELHI,0
44049,2023-11-17 13:09:35.712325,292621.72,736,purchase,BENGALURU,0
24711,2023-11-19 06:11:35.586990,338813.48,8,purchase,JAIPUR,0
80000,2024-08-18 18:56:35.938759,314966.85,474,purchase,PUNE,0
20990,2024-04-24 16:54:35.562455,166480.05,490,purchase,DELHI,0
91434,2024-02-07 05:30:35.990761,223192.2,721,purchase,PUNE,0
31735,2023-11-11 19:22:35.619287,56246.02,544,refund,DELHI,0
90700,2024-10-16 19:56:35.988051,156137.85,630,purchase,HYDERABAD,0
82350,2023-12-09 02:54:35.947502,293436.0,429,purchase,KOLKATA,0
43713,2024-02-23 18:58:35.710147,356940.38,716,purchase,SURAT,0
98413,2024-02-05 18:09:36.020830,200172.22,215,purchase,JAIPUR,0
71884,2024-06-23 20:23:35.898070,266050.12,714,purchase,SURAT,0
53680,2024-06-22 11:11:35.790067,55337.7,905,refund,MUMBAI,0
59960,2023-11-11 10:17:35.828108,204374.78,531,purchase,AHMEDABAD,0
81,2024-09-20 09:25:35.463285,354605.62,979,purchase,HYDERABAD,1
26587,2024-05-02 08:03:35.595843,191532.82,847,purchase,SURAT,0
64962,2024-06-17 01:22:35.850232,383264.48,231,transfer,PUNE,0
83683,2024-10-14 19:11:35.952738,121249.42,114,purchase,AHMEDABAD,0
80906,2024-07-12 07:06:35.942317,265769.62,620,purchase,DELHI,0
10784,2024-07-31 10:19:35.519038,318167.85,746,purchase,SURAT,0
65097,2024-04-05 10:19:35.850830,155498.48,360,purchase,PUNE,0
93290,2024-05-11 03:24:35.998845,103733.85,435,purchase,KOLKATA,0
98282,2024-01-13 11:57:36.020290,178980.45,202,purchase,SURAT,0
66751,2024-03-25 06:33:35.858917,327454.05,593,purchase,BENGALURU,1
51675,2024-04-25 20:39:35.760720,83445.45,452,refund,SURAT,0
32966,2023-12-26 17:20:35.626910,91691.33,120,refund,KOLKATA,0
6213,2024-07-29 01:38:35.499526,82966.12,81,refund,HYDERABAD,0
82760,2023-11-28 13:18:35.948964,369048.9,982,purchase,CHENNAI,0
54162,2024-07-01 13:15:35.793154,225498.08,571,purchase,KOLKATA,0
50804,2024-03-04 13:27:35.754847,387945.52,203,transfer,MUMBAI,1
71771,2024-03-29 03:52:35.897394,236154.6,400,purchase,PUNE,0
67285,2024-09-16 08:16:35.860994,240867.82,970,purchase,DELHI,0
84179,2024-09-25 05:28:35.954554,354608.1,686,cash_out,DELHI,1
61504,2023-12-21 08:44:35.836538,143031.08,999,purchase,MUMBAI,0
69000,2024-03-21 22:54:35.882039,264650.92,522,purchase,HYDERABAD,0
48043,2024-01-01 21:47:35.737486,410344.28,322,transfer,AHMEDABAD,0
33708,2024-07-30 13:51:35.631827,299015.47,37,purchase,JAIPUR,0
97294,2024-03-30 16:49:36.015999,32349.08,236,refund,AHMEDABAD,0
60579,2024-08-15 20:50:35.830713,110922.9,444,purchase,DELHI,0
42963,2024-09-16 13:57:35.705307,385113.3,663,transfer,AHMEDABAD,0
774,2023-10-31 16:48:35.466418,385123.2,695,transfer,KOLKATA,0
38456,2024-10-01 02:16:35.671012,72468.82,724,refund,PUNE,0
31136,2024-06-12 05:10:35.615124,197649.38,647,purchase,JAIPUR,0
16323,2024-04-03 09:24:35.542252,252773.4,787,purchase,JAIPUR,0
27095,2024-04-23 14:47:35.597897,169350.22,1000,purchase,DELHI,0
45599,2023-12-23 13:15:35.721653,382412.25,354,transfer,HYDERABAD,1
92538,2024-07-08 10:37:35.995654,385502.7,344,transfer,HYDERABAD,1
18974,2024-10-12 08:10:35.553947,186493.72,109,purchase,KOLKATA,0
83729,2024-02-04 16:44:35.952892,13793.18,159,refund,MUMBAI,0
10738,2023-12-12 07:00:35.518847,282144.22,675,purchase,CHENNAI,0
90374,2023-11-01 10:06:35.986931,407407.28,915,transfer,MUMBAI,1
94490,2023-11-23 04:52:36.004023,260698.35,820,purchase,PUNE,0
8689,2024-06-10 14:19:35.510088,136951.65,529,purchase,SURAT,0
91542,2024-09-02 21:53:35.991164,297957.0,8,purchase,PUNE,0
18164,2023-12-16 13:20:35.550440,238851.52,603,purchase,BENGALURU,0
72360,2024-02-08 17:17:35.900621,382927.88,97,transfer,KOLKATA,0
47594,2023-10-29 13:01:35.734675,347909.1,529,purchase,AHMEDABAD,0
65409,2024-07-30 18:27:35.852268,362971.12,570,purchase,MUMBAI,1
39897,2024-02-27 20:18:35.687663,308119.35,443,purchase,HYDERABAD,0
19718,2023-11-19 17:44:35.557684,335199.15,827,purchase,CHENNAI,0
55457,2024-07-10 02:47:35.801658,103656.3,976,purchase,KOLKATA,0
26758,2024-10-19 04:28:35.596615,90192.3,109,refund,SURAT,0
2478,2024-01-09 06:45:35.482660,73802.85,843,refund,KOLKATA,0
78445,2024-10-08 21:51:35.931240,67676.4,533,refund,AHMEDABAD,0
36169,2024-06-28 08:28:35.656176,135651.45,767,purchase,HYDERABAD,0
84133,2024-04-17 04:07:35.954382,96549.75,643,refund,CHENNAI,0
11949,2024-04-30 10:59:35.523803,297990.82,210,purchase,SURAT,0
67586,2024-03-27 10:50:35.862097,230010.82,335,purchase,AHMEDABAD,0
45131,2024-07-01 09:02:35.718968,357017.92,11,purchase,SURAT,0
87960,2024-01-25 04:25:35.968690,8924.85,522,refund,HYDERABAD,0
85695,2024-02-29 04:19:35.960151,316707.6,786,cash_out,SURAT,0
91441,2023-11-08 08:49:35.990784,383865.9,778,transfer,BENGALURU,1
23977,2024-09-22 14:40:35.584012,109459.35,281,purchase,AHMEDABAD,0
97313,2024-07-22 01:20:36.016095,321074.32,767,cash_out,KOLKATA,0
1015,2024-04-26 11:09:35.467452,229584.3,864,purchase,SURAT,0
39320,2024-02-09 17:46:35.684576,348986.55,240,purchase,PUNE,0
48502,2024-03-22 18:51:35.740169,112220.62,792,purchase,MUMBAI,0
84232,2024-04-25 03:00:35.954764,269020.12,795,purchase,DELHI,0
2201,2024-09-21 12:30:35.473149,240004.05,74,purchase,CHENNAI,0
92712,2023-12-07 22:18:35.996362,228213.98,860,purchase,CHENNAI,0
50625,2024-06-13 16:14:35.753777,23960.48,286,refund,SURAT,0
64850,2024-08-10 07:11:35.849786,81194.85,445,refund,HYDERABAD,0
90620,2023-11-24 21:07:35.987770,80281.58,533,refund,MUMBAI,0
96010,2024-09-10 02:06:36.010490,363084.15,571,cash_out,PUNE,0
8992,2024-08-13 22:04:35.511340,86165.48,458,refund,SURAT,0
7835,2023-11-02 19:51:35.506582,352760.93,501,purchase,PUNE,0
65457,2023-12-15 15:08:35.852487,272404.27,140,purchase,PUNE,0
43197,2023-12-08 16:49:35.706826,95582.85,374,refund,SURAT,0
65754,2024-10-12 13:57:35.854100,363707.85,265,purchase,PUNE,0
57369,2024-01-24 08:24:35.814627,402321.98,398,transfer,PUNE,0
64248,2024-08-04 09:33:35.847402,254173.42,836,purchase,MUMBAI,0
6039,2024-02-29 11:13:35.498738,297710.32,649,purchase,BENGALURU,0
30068,2023-11-17 15:59:35.609732,409753.58,501,transfer,KOLKATA,0
87736,2024-06-03 17:03:35.967808,295696.5,766,purchase,KOLKATA,0
95927,2024-02-08 11:05:36.010151,84183.0,836,refund,SURAT,0
40720,2024-04-28 22:27:35.692183,25905.82,974,refund,DELHI,0
881,2024-07-09 22:23:35.466997,232965.98,488,purchase,SURAT,0
2248,2024-02-12 12:44:35.473315,352015.13,761,purchase,BENGALURU,1
4698,2024-03-09 19:19:35.492814,24235.2,767,refund,JAIPUR,0
13907,2024-02-20 01:30:35.531816,375201.75,711,transfer,AHMEDABAD,0
36542,2024-01-01 02:37:35.658501,263077.65,132,purchase,HYDERABAD,0
88806,2024-07-13 16:24:35.972258,365823.98,811,purchase,SURAT,0
72096,2023-12-18 18:02:35.899196,328073.62,617,purchase,CHENNAI,0
58835,2024-01-18 05:12:35.823629,120803.92,729,purchase,DELHI,0
70600,2024-09-28 01:56:35.890946,222542.1,878,purchase,DELHI,0
2758,2024-10-21 00:39:35.484112,304311.15,431,purchase,CHENNAI,0
41142,2024-06-16 12:23:35.694535,217388.32,713,purchase,DELHI,0
64804,2024-01-19 18:41:35.849507,226349.48,252,purchase,JAIPUR,1
18019,2023-11-14 01:42:35.549876,123867.98,142,purchase,AHMEDABAD,0
45512,2024-07-19 20:57:35.721118,7494.3,166,refund,DELHI,0
23976,2024-09-21 04:15:35.584009,33858.83,829,refund,MUMBAI,0
6987,2024-07-29 06:19:35.502935,11655.6,407,refund,DELHI,0
95119,2024-02-04 20:20:36.006766,237789.75,104,purchase,CHENNAI,0
88376,2024-06-04 20:56:35.970674,252897.15,121,purchase,KOLKATA,0
77946,2024-04-12 11:07:35.928553,123746.7,663,purchase,MUMBAI,0
9107,2024-06-18 08:51:35.511825,25821.68,103,refund,BENGALURU,0
11458,2023-10-31 12:19:35.521768,365545.95,975,purchase,HYDERABAD,1
92886,2024-02-28 04:04:35.997163,86001.3,394,refund,CHENNAI,0
65274,2024-08-08 17:35:35.851546,30112.5,748,refund,CHENNAI,0
18492,2024-01-27 12:35:35.551705,227054.02,284,purchase,AHMEDABAD,0
99841,2024-06-23 07:25:36.026965,389193.75,42,transfer,CHENNAI,0
78611,2024-05-23 03:37:35.931914,999.08,500,refund,BENGALURU,0
39922,2024-02-05 19:42:35.687796,149734.2,657,purchase,PUNE,0
13100,2024-06-06 04:15:35.528612,140542.05,174,purchase,JAIPUR,0
14408,2024-08-18 06:23:35.533850,154503.52,565,purchase,KOLKATA,0
59163,2024-05-06 02:23:35.824723,133553.48,916,purchase,CHENNAI,0
24570,2024-07-27 13:00:35.586416,147379.65,551,purchase,SURAT,0
40583,2024-04-24 08:37:35.691434,160127.55,22,purchase,BENGALURU,0
35179,2024-02-16 07:51:35.648248,39512.55,892,refund,KOLKATA,0
50545,2023-12-02 18:53:35.753134,83175.68,478,refund,JAIPUR,0
8745,2024-06-06 10:29:35.510321,59607.08,538,refund,SURAT,0
75925,2024-03-07 12:31:35.918872,321362.25,569,purchase,JAIPUR,0
47830,2024-10-07 13:37:35.736228,221541.38,655,purchase,AHMEDABAD,0
43957,2024-07-01 04:12:35.711733,388400.93,645,transfer,PUNE,0
68378,2024-07-04 02:54:35.868344,291456.82,888,purchase,CHENNAI,0
79195,2024-05-12 00:44:35.935065,228534.9,539,purchase,DELHI,0
64738,2024-02-16 23:28:35.849221,18755.55,282,refund,AHMEDABAD,0
67629,2023-11-20 06:03:35.863459,366719.1,961,purchase,AHMEDABAD,0
33696,2024-04-14 01:57:35.631747,316069.88,795,cash_out,PUNE,0
40760,2024-04-01 01:11:35.692398,170084.48,689,purchase,BENGALURU,0
2636,2024-08-29 12:54:35.483572,394556.25,953,transfer,MUMBAI,1
96049,2023-12-07 07:27:36.010673,157111.35,16,purchase,JAIPUR,0
12000,2023-11-13 19:01:35.524083,216956.02,153,purchase,JAIPUR,0
2041,2024-03-13 15:19:35.472593,195582.75,960,purchase,DELHI,0
16322,2024-01-15 08:39:35.542248,319449.08,515,purchase,PUNE,0
81667,2024-05-22 14:12:35.945126,278082.75,479,purchase,PUNE,0
48209,2024-08-05 19:00:35.738432,344617.35,803,purchase,PUNE,0
21173,2024-07-06 23:34:35.563112,1784.48,496,refund,AHMEDABAD,0
377,2024-05-21 10:01:35.464542,8023.12,842,refund,DELHI,0
80828,2024-06-04 11:50:35.942041,103467.38,886,purchase,AHMEDABAD,0
93068,2023-12-28 02:28:35.997944,56977.8,462,refund,DELHI,0
29908,2023-12-17 05:33:35.609124,388119.6,229,transfer,BENGALURU,1
63758,2024-01-25 14:47:35.845445,18606.22,710,refund,CHENNAI,0
15378,2024-03-07 14:19:35.538281,224465.18,462,purchase,AHMEDABAD,0
53939,2023-12-07 14:39:35.791716,296549.55,958,purchase,BENGALURU,1
22441,2024-04-05 17:39:35.569154,2667.22,859,refund,CHENNAI,0
96149,2023-11-21 18:44:36.011112,38302.28,504,refund,SURAT,0
39161,2024-07-18 10:17:35.683770,411708.0,254,transfer,AHMEDABAD,0
59453,2024-08-31 14:40:35.825889,119715.75,255,purchase,BENGALURU,0
42996,2024-05-03 11:03:35.705519,88490.32,372,refund,PUNE,0
85561,2024-06-13 15:10:35.959683,346733.48,41,purchase,HYDERABAD,1
47478,2024-04-18 00:35:35.733910,355039.58,607,cash_out,MUMBAI,1
31760,2024-03-27 13:43:35.619453,321730.2,250,purchase,CHENNAI,0
1529,2024-07-05 12:10:35.470463,241261.35,982,purchase,JAIPUR,0
993,2024-08-28 07:06:35.467377,77121.82,127,refund,MUMBAI,0
99735,2024-05-29 23:01:36.026512,21709.87,663,refund,KOLKATA,0
7891,2024-01-14 23:23:35.506796,235629.08,980,purchase,CHENNAI,0
80734,2024-01-04 12:38:35.941712,146437.5,732,purchase,PUNE,0
2756,2024-02-21 23:05:35.484102,143144.92,242,purchase,PUNE,0
35234,2024-05-13 15:09:35.648608,262096.72,532,purchase,MUMBAI,0
7042,2024-07-03 16:20:35.503145,401878.12,495,transfer,AHMEDABAD,0
5122,2024-02-13 19:41:35.494719,192810.75,590,purchase,DELHI,0
66479,2024-05-06 03:13:35.857612,302490.38,562,purchase,HYDERABAD,0
8151,2024-05-12 20:40:35.507924,61956.68,590,refund,HYDERABAD,0
28738,2024-04-11 09:27:35.604472,353082.68,401,purchase,JAIPUR,0
53458,2024-08-12 15:34:35.788565,277774.2,769,purchase,PUNE,0
87453,2024-03-03 13:01:35.966608,223763.1,290,purchase,AHMEDABAD,0
79583,2024-08-23 08:44:35.936628,112705.72,286,purchase,AHMEDABAD,0
76647,2023-12-05 17:10:35.921826,216147.52,387,purchase,SURAT,0
31425,2023-11-04 03:57:35.617231,298967.62,940,purchase,MUMBAI,0
19829,2023-12-07 04:50:35.558225,217080.6,816,purchase,SURAT,0
3351,2023-12-08 16:55:35.486766,324627.6,865,purchase,BENGALURU,0
81603,2024-05-25 07:26:35.944913,222192.3,972,purchase,SURAT,0
60331,2024-02-11 04:43:35.829392,162888.0,437,purchase,JAIPUR,0
67486,2024-02-21 23:00:35.861751,23797.95,573,refund,PUNE,0
80874,2023-12-28 04:11:35.942194,286676.77,245,purchase,AHMEDABAD,0
51178,2024-03-21 09:24:35.757256,128117.55,836,purchase,AHMEDABAD,0
94646,2024-05-10 12:24:36.004709,83624.48,887,refund,HYDERABAD,0
44997,2023-12-11 20:17:35.718180,43979.92,642,refund,JAIPUR,0
17022,2023-11-06 15:22:35.545687,172013.32,143,purchase,KOLKATA,0
2985,2024-03-04 12:15:35.485105,248502.38,610,purchase,SURAT,0
82038,2023-11-12 07:56:35.946414,67953.6,452,refund,DELHI,0
23821,2024-08-25 08:59:35.583194,405837.3,137,transfer,SURAT,0
40365,2024-05-13 05:08:35.690272,402848.32,942,transfer,DELHI,1
68362,2023-12-15 23:23:35.868251,356157.45,201,cash_out,AHMEDABAD,0
60856,2023-12-29 10:50:35.832435,331001.55,243,purchase,BENGALURU,1
83077,2024-04-28 14:09:35.950318,132016.5,624,purchase,KOLKATA,0
91161,2024-10-21 00:11:35.989787,409921.88,275,transfer,KOLKATA,0
79260,2024-03-12 19:21:35.935289,46327.87,275,refund,KOLKATA,0
27932,2024-07-23 23:53:35.601234,205714.58,786,purchase,SURAT,0
78469,2024-07-25 16:45:35.931362,181910.02,696,purchase,MUMBAI,0
28814,2024-08-07 23:04:35.604743,394564.5,335,transfer,AHMEDABAD,0
88097,2024-05-11 10:37:35.969221,257910.68,674,purchase,KOLKATA,0
52262,2023-11-08 20:33:35.764614,158324.92,108,purchase,MUMBAI,0
27627,2024-09-24 03:19:35.599995,61181.18,388,refund,MUMBAI,0
13118,2024-06-26 12:48:35.528672,136253.7,38,purchase,DELHI,0
61760,2024-04-20 09:35:35.837697,12242.18,537,refund,BENGALURU,0
40229,2024-09-23 10:59:35.689395,89575.2,241,refund,SURAT,0
51612,2024-09-24 03:35:35.760299,256909.95,174,purchase,BENGALURU,0
32404,2024-09-02 16:56:35.623555,316908.08,787,purchase,DELHI,0
11144,2024-03-26 05:45:35.520473,334214.1,52,cash_out,HYDERABAD,0
56808,2023-11-30 20:32:35.810942,312914.25,957,purchase,AHMEDABAD,0
6920,2024-04-26 20:17:35.502664,20984.7,548,refund,BENGALURU,1
8252,2024-07-07 01:51:35.508323,405493.28,700,transfer,JAIPUR,0
22340,2024-03-17 06:07:35.568483,92641.72,901,refund,SURAT,0
2780,2023-11-02 09:36:35.484225,59586.45,933,refund,JAIPUR,0
12416,2024-03-24 22:24:35.525861,79344.38,685,refund,HYDERABAD,0
1705,2024-07-01 15:06:35.471222,319098.45,475,purchase,BENGALURU,1
66043,2024-07-02 13:54:35.855488,99432.3,129,refund,CHENNAI,0
24183,2024-04-03 21:01:35.584748,392119.2,194,transfer,BENGALURU,1
94247,2024-02-22 10:04:36.002988,401817.08,655,transfer,DELHI,1
3616,2024-09-09 11:07:35.487960,153934.28,536,purchase,MUMBAI,0
53707,2024-10-16 10:42:35.790245,65184.9,153,refund,MUMBAI,0
21491,2024-08-06 22:46:35.564606,369262.58,355,cash_out,SURAT,0
62486,2024-05-25 21:43:35.840164,312840.82,671,purchase,BENGALURU,0
76880,2024-03-13 14:33:35.923055,19376.78,246,refund,BENGALURU,0
28892,2023-11-16 04:24:35.605068,42029.62,943,refund,KOLKATA,0
41550,2023-12-15 10:40:35.696764,212670.15,632,purchase,DELHI,0
44685,2024-07-09 08:33:35.716156,50778.75,819,refund,CHENNAI,0
70337,2024-01-25 05:17:35.889577,191593.05,719,purchase,DELHI,0
59609,2024-06-07 08:09:35.826650,379419.15,149,transfer,AHMEDABAD,0
17785,2024-07-22 04:52:35.548899,121666.88,423,purchase,AHMEDABAD,0
96948,2024-09-19 18:32:36.014511,170139.75,399,purchase,PUNE,0
87779,2024-04-21 01:40:35.968033,11603.62,245,refund,SURAT,0
42675,2024-08-04 08:43:35.703526,140383.65,817,purchase,MUMBAI,0
31546,2023-12-26 20:09:35.618036,106985.18,320,purchase,CHENNAI,0
6915,2024-01-03 12:53:35.502648,58758.15,873,refund,HYDERABAD,0
72488,2024-09-23 15:51:35.901341,49199.7,833,refund,SURAT,0
19154,2024-03-23 17:58:35.555090,76603.72,587,refund,PUNE,0
31928,2023-11-30 15:34:35.620571,190983.37,977,purchase,PUNE,0
28776,2023-11-07 15:39:35.604607,71745.3,436,refund,AHMEDABAD,0
71199,2024-09-01 02:58:35.894309,191018.85,838,purchase,BENGALURU,0
89198,2023-11-12 13:13:35.981993,1650.82,92,refund,AHMEDABAD,0
2168,2024-02-06 22:53:35.473031,48902.7,793,refund,JAIPUR,0
19047,2024-03-28 00:23:35.554420,169685.18,480,purchase,HYDERABAD,0
74679,2024-10-01 01:43:35.912879,138029.1,117,purchase,AHMEDABAD,0
63754,2024-10-20 01:25:35.845431,260548.2,918,purchase,SURAT,0
39715,2023-12-20 17:50:35.686663,102122.62,269,refund,JAIPUR,0
4191,2024-05-21 23:49:35.490572,153558.07,660,purchase,DELHI,0
4965,2023-11-19 01:24:35.494019,255558.6,596,purchase,BENGALURU,0
14751,2024-01-08 16:56:35.535257,74740.05,346,refund,PUNE,0
36213,2024-09-18 10:51:35.656464,74954.55,704,refund,MUMBAI,0
23385,2024-02-13 04:02:35.573441,53956.65,116,refund,HYDERABAD,0
83462,2024-09-27 13:20:35.951925,95219.02,341,refund,HYDERABAD,0
98219,2024-06-10 08:40:36.020013,73813.58,607,refund,PUNE,0
74458,2024-01-24 13:46:35.911894,380063.48,3,transfer,SURAT,0
88892,2024-02-12 02:51:35.972642,235175.32,263,purchase,SURAT,0
15584,2023-11-07 22:48:35.539164,19529.4,298,refund,PUNE,0
99172,2024-02-29 22:27:36.024042,246943.95,271,purchase,BENGALURU,0
80299,2024-09-20 02:09:35.939936,234109.42,414,purchase,SURAT,0
7099,2023-12-22 20:59:35.503465,207060.15,617,purchase,CHENNAI,0
79350,2024-08-30 06:18:35.935752,244884.75,453,purchase,BENGALURU,0
79405,2024-08-02 02:06:35.935969,391282.65,3,transfer,DELHI,1
54064,2024-04-13 06:05:35.792536,257874.38,482,purchase,MUMBAI,0
38137,2023-12-26 19:09:35.668863,231540.38,449,purchase,DELHI,0
22684,2024-10-20 11:14:35.570747,365041.05,187,purchase,SURAT,0
89234,2024-02-27 19:07:35.982203,258780.22,544,purchase,DELHI,0
22864,2024-08-04 04:34:35.571634,367518.52,751,cash_out,DELHI,1
94267,2023-10-24 02:04:36.003077,262124.78,456,purchase,SURAT,0
21355,2024-08-31 00:15:35.563885,207909.08,991,purchase,JAIPUR,0
39223,2024-08-18 03:43:35.684083,398970.0,79,transfer,PUNE,0
29215,2024-03-05 01:01:35.606396,306865.35,235,purchase,HYDERABAD,0
51332,2024-09-04 16:42:35.758447,52163.92,362,refund,MUMBAI,0
28626,2023-10-29 20:44:35.604016,229965.45,927,purchase,PUNE,0
1546,2024-02-01 12:39:35.470524,238857.3,331,purchase,CHENNAI,0
95118,2023-12-05 05:36:36.006763,230212.12,901,purchase,JAIPUR,0
94647,2024-01-04 18:55:36.004712,103744.58,519,purchase,SURAT,0
65939,2024-06-10 04:54:35.854955,136173.67,118,purchase,MUMBAI,0
49507,2024-06-29 05:52:35.746929,385392.98,666,transfer,DELHI,1
95223,2023-11-21 22:12:36.007144,392469.0,133,transfer,KOLKATA,0
77266,2024-10-20 13:34:35.925072,322581.6,991,purchase,KOLKATA,0
90580,2024-03-29 17:40:35.987617,267813.97,178,purchase,JAIPUR,0
71597,2024-04-03 15:02:35.896432,364189.65,883,purchase,SURAT,0
97253,2024-02-27 03:42:36.015814,74677.35,998,refund,CHENNAI,0
46151,2023-12-16 18:16:35.725263,214859.7,378,purchase,KOLKATA,0
70562,2024-07-01 17:40:35.890744,87870.75,158,refund,SURAT,0
4978,2024-03-24 10:45:35.494077,181350.68,59,purchase,JAIPUR,0
96587,2023-11-26 06:30:36.012921,15034.8,840,refund,BENGALURU,0
78037,2024-03-20 05:27:35.928925,233161.5,150,purchase,JAIPUR,0
48148,2024-10-06 09:17:35.738090,270388.8,930,purchase,CHENNAI,0
50764,2023-11-10 20:03:35.754605,311522.48,414,purchase,DELHI,0
55903,2024-07-13 23:01:35.805033,226884.08,952,purchase,AHMEDABAD,0
57741,2024-04-23 05:59:35.817008,406164.0,335,transfer,PUNE,0
30864,2024-09-03 09:13:35.613252,288137.03,903,purchase,KOLKATA,0
26368,2024-08-09 15:41:35.594908,119144.02,232,purchase,DELHI,0
29730,2024-03-08 04:15:35.608405,289872.0,436,purchase,DELHI,0
1803,2024-03-28 08:38:35.471665,253365.75,456,purchase,SURAT,0
50518,2024-04-09 16:31:35.752990,24999.15,744,refund,CHENNAI,0
7687,2024-06-29 11:02:35.505957,84110.4,352,refund,SURAT,0
37307,2024-09-07 08:29:35.663247,205017.45,397,purchase,HYDERABAD,0
78954,2024-02-06 22:14:35.933377,84395.02,811,refund,SURAT,0
40930,2024-02-29 05:08:35.693302,111590.32,320,purchase,MUMBAI,0
45841,2023-12-19 03:11:35.723190,333210.08,703,cash_out,DELHI,1
36642,2024-09-20 01:28:35.659069,152704.2,644,purchase,HYDERABAD,0
41631,2024-04-13 11:50:35.697215,174961.05,130,purchase,KOLKATA,0
48151,2024-05-16 17:21:35.738109,268112.62,874,purchase,HYDERABAD,0
52287,2024-03-13 01:51:35.764775,283.8,912,refund,DELHI,0
5605,2024-04-29 13:06:35.496659,335253.6,300,purchase,SURAT,0
80073,2023-11-27 23:40:35.939067,158497.35,34,purchase,BENGALURU,0
99536,2023-12-26 20:45:36.025550,392401.35,622,transfer,KOLKATA,0
24813,2024-05-13 21:20:35.587392,270849.15,546,purchase,DELHI,0
53558,2024-03-29 01:27:35.789201,120005.32,472,purchase,AHMEDABAD,0
85633,2024-01-16 15:22:35.959939,169537.5,92,purchase,KOLKATA,0
31859,2023-10-22 02:58:35.620119,228447.45,261,purchase,CHENNAI,0
11342,2024-07-12 02:26:35.521261,114864.75,315,purchase,MUMBAI,0
15038,2024-07-11 12:47:35.536492,98012.48,959,refund,SURAT,0
29180,2024-05-03 07:24:35.606216,22104.22,284,refund,PUNE,0
37362,2024-02-25 10:39:35.663615,157645.95,302,purchase,MUMBAI,0
26268,2024-09-09 00:54:35.594566,328882.95,523,cash_out,DELHI,1
45787,2024-08-21 14:59:35.722833,283878.38,169,purchase,JAIPUR,0
7689,2024-08-28 06:55:35.505969,120624.9,839,purchase,JAIPUR,0
94498,2024-07-12 09:36:36.004058,254780.62,141,purchase,JAIPUR,0
92915,2024-05-29 05:41:35.997259,138556.28,959,purchase,SURAT,0
81015,2024-01-17 02:32:35.942749,156004.2,266,purchase,JAIPUR,0
54871,2024-04-03 10:30:35.797847,218457.52,533,purchase,KOLKATA,0
36094,2023-12-21 08:19:35.655676,182329.95,763,purchase,JAIPUR,0
58808,2024-03-20 23:12:35.823539,7544.62,755,refund,HYDERABAD,0
89469,2024-10-17 11:16:35.983622,183796.8,616,purchase,DELHI,0
78589,2024-05-10 20:41:35.931816,362700.52,936,purchase,MUMBAI,1
4952,2024-03-31 19:52:35.493976,408175.35,691,transfer,HYDERABAD,1
56589,2024-02-28 21:50:35.809511,389011.42,959,transfer,JAIPUR,0
37989,2024-05-29 04:03:35.667876,5388.08,663,refund,SURAT,0
83256,2024-04-10 05:15:35.951022,27503.02,25,refund,DELHI,0
62270,2024-05-01 02:16:35.839411,346580.02,46,cash_out,CHENNAI,0
62309,2023-10-27 16:04:35.839541,142490.7,984,purchase,BENGALURU,0
87699,2024-09-19 11:49:35.967668,299522.03,703,purchase,MUMBAI,1
81468,2024-04-04 09:31:35.944429,362093.32,40,purchase,CHENNAI,0
13412,2024-01-18 14:59:35.529842,266319.9,865,purchase,SURAT,0
82282,2024-04-09 14:31:35.947272,257258.92,820,purchase,CHENNAI,0
57258,2023-12-05 02:54:35.813904,63075.37,859,refund,BENGALURU,1
40778,2023-12-27 23:08:35.692492,384789.9,27,transfer,PUNE,0
59461,2023-12-22 23:55:35.825933,335473.88,977,cash_out,JAIPUR,0
66802,2024-06-06 07:56:35.859211,172056.22,329,purchase,PUNE,0
71075,2024-03-12 13:51:35.893597,309799.05,313,purchase,KOLKATA,0
84399,2024-03-28 07:56:35.955351,63585.22,840,refund,CHENNAI,0
98307,2024-07-06 07:38:36.020381,223451.25,995,purchase,HYDERABAD,0
90219,2024-03-03 17:48:35.986366,11347.05,934,refund,MUMBAI,0
10640,2024-05-24 01:46:35.518434,157025.55,84,purchase,BENGALURU,0
80514,2024-02-07 13:39:35.940765,198459.53,810,purchase,BENGALURU,0
40060,2024-06-22 14:08:35.688509,38925.98,684,refund,JAIPUR,0
93383,2024-05-30 19:11:35.999269,270859.05,335,purchase,KOLKATA,0
41784,2024-06-26 15:39:35.698096,51022.13,723,refund,AHMEDABAD,0
74438,2024-03-19 10:03:35.911771,230891.92,505,purchase,PUNE,0
75369,2024-05-22 20:02:35.916408,269213.18,527,purchase,PUNE,0
8000,2024-10-11 23:37:35.507231,204200.7,313,purchase,DELHI,0
45879,2024-01-10 21:43:35.723442,332970.82,167,purchase,KOLKATA,0
26389,2024-02-07 00:18:35.594977,223684.72,183,purchase,SURAT,0
73223,2023-12-16 08:50:35.905428,355103.92,547,purchase,HYDERABAD,0
73353,2024-01-26 22:34:35.906133,325296.68,305,cash_out,PUNE,0
72003,2024-09-29 12:20:35.898702,47772.45,278,refund,AHMEDABAD,0
58950,2024-09-10 18:06:35.824012,125381.02,469,purchase,MUMBAI,0
17710,2024-01-04 13:55:35.548603,243129.15,589,purchase,KOLKATA,0
75921,2024-03-14 17:58:35.918859,351864.15,458,purchase,SURAT,0
91369,2024-10-03 02:48:35.990545,324064.12,63,cash_out,CHENNAI,0
93907,2024-05-19 09:46:36.001468,244179.38,803,purchase,SURAT,0
6183,2024-09-09 20:11:35.499366,95516.02,882,refund,BENGALURU,0
96168,2024-03-22 13:24:36.011178,75276.3,387,refund,AHMEDABAD,0
3614,2024-07-04 04:43:35.487948,14017.58,14,refund,JAIPUR,0
37111,2024-07-08 17:25:35.661928,237797.18,502,purchase,JAIPUR,0
92012,2024-08-04 04:15:35.993135,24079.28,853,refund,DELHI,0
19523,2024-04-02 09:23:35.556745,345658.5,639,purchase,AHMEDABAD,0
13196,2024-04-28 15:29:35.528998,32461.28,386,refund,JAIPUR,0
21036,2024-03-23 05:00:35.562624,203091.9,585,purchase,CHENNAI,0
55222,2024-04-23 19:55:35.800116,239396.85,211,purchase,BENGALURU,0
55201,2024-02-28 09:47:35.799985,308085.52,786,purchase,JAIPUR,0
88508,2023-11-25 22:25:35.971144,357463.43,381,cash_out,PUNE,0
13858,2024-02-17 16:45:35.531617,286638.82,203,purchase,JAIPUR,0
63481,2024-09-17 00:03:35.844270,253317.9,450,purchase,CHENNAI,0
30020,2024-02-27 20:19:35.609513,206938.05,758,purchase,CHENNAI,0
44762,2024-06-05 16:23:35.716653,46450.8,301,refund,BENGALURU,0
46260,2023-12-08 06:53:35.725994,56106.6,647,refund,JAIPUR,0
46604,2024-10-15 16:30:35.728049,201797.48,760,purchase,HYDERABAD,0
26523,2024-08-26 00:05:35.595625,55147.95,434,refund,AHMEDABAD,0
17182,2023-12-23 18:03:35.546483,2074.05,63,refund,JAIPUR,0
40007,2023-11-02 04:00:35.688235,104089.42,9,purchase,DELHI,0
24005,2024-07-22 01:53:35.584121,144072.22,439,purchase,PUNE,0
98429,2024-09-11 13:48:36.020888,291462.6,985,purchase,CHENNAI,0
95018,2024-10-20 12:11:36.006315,62833.65,935,refund,PUNE,0
41904,2024-08-12 22:34:35.698790,285171.15,283,purchase,JAIPUR,0
19141,2024-03-30 15:05:35.555032,209477.4,780,purchase,KOLKATA,0
10594,2024-01-18 09:08:35.518232,306758.92,9,purchase,AHMEDABAD,0
16160,2024-01-07 20:55:35.541559,127592.02,416,purchase,PUNE,0
25023,2024-06-11 18:47:35.588372,54368.32,20,refund,SURAT,0
52858,2023-11-11 16:52:35.770150,380276.32,172,transfer,MUMBAI,1
66873,2024-01-23 01:48:35.859525,54589.42,577,refund,HYDERABAD,0
89143,2024-01-04 08:31:35.973544,405767.18,957,transfer,BENGALURU,1
40641,2024-05-27 12:43:35.691763,390257.18,997,transfer,KOLKATA,0
68403,2024-04-14 20:52:35.868645,390853.65,950,transfer,DELHI,1
16869,2024-09-09 02:04:35.545026,181866.3,957,purchase,KOLKATA,0
50183,2024-10-18 22:13:35.751074,53944.28,511,refund,JAIPUR,0
54112,2024-03-09 20:15:35.792831,302027.55,82,purchase,CHENNAI,0
54246,2023-12-17 11:09:35.793810,409745.32,102,transfer,MUMBAI,1
79650,2024-10-02 23:56:35.936929,220254.38,353,purchase,JAIPUR,0
57189,2024-02-07 09:37:35.813400,167929.58,694,purchase,MUMBAI,0
44380,2024-06-29 06:20:35.714153,266602.88,288,purchase,HYDERABAD,0
9710,2024-10-03 02:27:35.514443,395925.75,500,transfer,SURAT,0
55141,2024-05-09 00:42:35.799598,335131.5,643,cash_out,SURAT,0
12965,2024-02-28 17:19:35.528100,269728.8,659,purchase,CHENNAI,0
58132,2024-02-10 17:29:35.820921,117918.9,7,purchase,MUMBAI,0
93001,2024-06-02 19:05:35.997621,409453.28,430,transfer,MUMBAI,1
88367,2023-11-06 08:14:35.970644,116441.33,383,purchase,CHENNAI,0
54514,2023-12-22 13:44:35.795524,280760.7,881,purchase,CHENNAI,0
49229,2024-01-02 01:27:35.745047,341917.95,162,cash_out,DELHI,1
4740,2024-01-04 08:06:35.492982,165273.9,47,purchase,KOLKATA,0
71499,2024-01-25 15:39:35.895919,248919.0,796,purchase,JAIPUR,0
95738,2024-08-13 22:58:36.009301,271792.95,189,purchase,BENGALURU,0
93838,2024-03-16 00:26:36.001149,317232.3,460,cash_out,CHENNAI,0
99784,2023-12-02 13:06:36.026739,132636.9,962,purchase,CHENNAI,0
95126,2024-06-15 06:22:36.006789,340434.6,68,purchase,KOLKATA,0
68815,2024-01-13 01:23:35.871222,256203.75,544,purchase,MUMBAI,0
4111,2024-02-06 17:46:35.490199,339796.88,323,purchase,BENGALURU,0
92277,2024-05-26 20:05:35.994494,233916.38,259,purchase,JAIPUR,1
51983,2024-10-16 20:12:35.762780,211018.5,374,purchase,DELHI,0
30075,2024-08-04 12:29:35.609755,389995.65,698,transfer,BENGALURU,1
84469,2024-01-11 02:46:35.955587,53332.95,71,refund,SURAT,0
44339,2023-11-29 06:14:35.713885,172125.52,870,purchase,DELHI,0
33864,2024-07-09 04:54:35.632858,181118.02,676,purchase,AHMEDABAD,0
21627,2024-07-23 03:15:35.565078,409991.18,833,transfer,JAIPUR,0
33621,2024-03-15 09:38:35.631253,186586.95,412,purchase,AHMEDABAD,0
80545,2024-05-25 16:09:35.940868,409111.72,905,transfer,KOLKATA,0
49960,2024-03-30 06:22:35.749842,26437.12,107,refund,AHMEDABAD,0
64452,2024-08-10 21:06:35.848096,23574.38,932,refund,KOLKATA,0
72889,2024-01-29 05:50:35.903668,361651.12,616,cash_out,BENGALURU,1
47500,2024-03-28 13:20:35.734053,85271.17,370,refund,CHENNAI,0
75652,2024-07-30 19:57:35.917722,324401.55,734,purchase,PUNE,0
27346,2023-12-13 13:31:35.598869,184721.63,200,purchase,CHENNAI,0
8858,2024-08-22 02:07:35.510790,277656.23,503,purchase,DELHI,0
26815,2024-04-22 20:27:35.596870,57103.2,154,refund,BENGALURU,0
90461,2024-05-29 16:51:35.987219,385129.8,218,transfer,PUNE,0
8373,2024-08-13 11:27:35.508824,381710.18,306,transfer,HYDERABAD,1
36781,2024-06-17 19:14:35.659846,36257.1,463,refund,DELHI,0
88005,2024-10-16 23:53:35.968851,182531.25,95,purchase,SURAT,0
3036,2024-07-24 12:00:35.485312,92673.9,415,refund,MUMBAI,0
1456,2024-01-21 22:16:35.470204,337489.35,474,cash_out,CHENNAI,0
21225,2023-11-27 11:56:35.563416,394810.35,846,transfer,HYDERABAD,1
18665,2023-12-14 04:37:35.552506,213486.9,652,purchase,MUMBAI,0
11943,2023-11-02 06:01:35.523767,174759.75,434,purchase,CHENNAI,0
10117,2024-05-15 09:10:35.516222,31400.32,119,refund,KOLKATA,0
79416,2024-05-17 17:19:35.936015,232763.02,455,purchase,MUMBAI,0
2653,2024-03-18 02:29:35.483632,166094.78,362,purchase,KOLKATA,0
52643,2024-09-03 05:40:35.767115,279140.4,68,purchase,CHENNAI,0
16923,2024-01-29 01:39:35.545244,184865.18,658,purchase,AHMEDABAD,0
29058,2024-05-14 06:32:35.605754,201598.65,188,purchase,PUNE,0
78459,2024-07-14 07:23:35.931314,357675.45,922,purchase,CHENNAI,0
29796,2024-05-25 09:09:35.608664,362467.05,957,purchase,DELHI,1
14214,2024-06-06 15:30:35.533025,4224.82,532,refund,DELHI,0
83476,2024-04-01 14:45:35.951972,56334.3,151,refund,MUMBAI,0
34446,2023-12-20 19:09:35.636692,226811.48,578,purchase,KOLKATA,0
38792,2024-06-12 11:59:35.673262,123610.58,867,purchase,SURAT,0
41476,2024-07-30 06:30:35.696355,124575.82,656,purchase,HYDERABAD,0
81920,2024-06-24 18:29:35.946022,274748.92,107,purchase,MUMBAI,0
34657,2023-11-26 09:43:35.644783,405199.58,547,transfer,PUNE,0
89649,2024-08-14 02:32:35.984271,130407.75,161,purchase,PUNE,0
75773,2023-11-12 18:10:35.918238,233909.78,137,purchase,PUNE,0
87996,2024-05-23 15:47:35.968822,94260.38,918,refund,PUNE,0
64268,2024-07-07 22:24:35.847469,74275.58,459,refund,BENGALURU,0
83220,2023-12-15 23:17:35.950882,160508.7,808,purchase,PUNE,0
15546,2024-04-07 01:00:35.539037,177681.08,524,purchase,SURAT,0
83522,2023-10-29 00:11:35.952143,28331.32,869,refund,PUNE,0
40742,2024-01-09 03:07:35.692304,259398.15,87,purchase,PUNE,0
10869,2024-08-19 05:19:35.519391,224577.38,662,purchase,CHENNAI,0
84527,2024-02-26 14:20:35.955836,241790.18,358,purchase,KOLKATA,0
80346,2023-11-06 20:45:35.940120,224860.35,911,purchase,BENGALURU,0
85252,2024-05-12 04:21:35.958604,215860.42,514,purchase,BENGALURU,0
51194,2024-07-24 13:13:35.757354,308249.7,760,purchase,CHENNAI,0
78986,2024-05-13 22:16:35.933642,378610.65,831,transfer,PUNE,0
35739,2024-08-09 10:06:35.652134,393199.12,971,transfer,KOLKATA,0
5394,2024-05-16 00:47:35.495809,251562.3,918,purchase,JAIPUR,0
12296,2024-09-24 14:50:35.525300,74070.98,319,refund,JAIPUR,0
25491,2024-08-27 05:36:35.590408,197783.02,817,purchase,KOLKATA,0
21902,2024-05-27 23:11:35.566233,403646.92,202,transfer,DELHI,1
61837,2024-08-04 13:29:35.837956,11981.47,307,refund,DELHI,0
74698,2023-11-02 19:55:35.912946,276661.27,786,purchase,DELHI,0
95623,2024-09-19 22:50:36.008842,351492.08,881,cash_out,CHENNAI,0
79064,2024-08-29 14:57:35.933925,376916.1,391,transfer,AHMEDABAD,0
42503,2024-01-28 06:28:35.702470,202978.05,325,purchase,BENGALURU,0
57707,2024-01-11 20:47:35.816786,321378.75,671,purchase,AHMEDABAD,0
99382,2024-06-02 06:54:36.024935,189695.55,214,purchase,BENGALURU,0
96415,2024-03-06 23:55:36.012211,57575.1,854,refund,CHENNAI,0
20353,2024-10-16 20:15:35.560181,184463.4,767,purchase,AHMEDABAD,0
4234,2024-01-04 08:42:35.490790,280858.88,19,purchase,MUMBAI,0
95943,2024-10-17 00:52:36.010210,269003.62,44,purchase,MUMBAI,0
22164,2023-12-21 20:37:35.567378,327243.68,93,purchase,CHENNAI,0
87536,2024-05-28 15:55:35.966923,202485.52,582,purchase,CHENNAI,0
34073,2023-11-13 22:11:35.634311,236072.92,6,purchase,AHMEDABAD,0
54493,2024-07-24 01:05:35.795391,183483.3,815,purchase,PUNE,0
38480,2024-09-11 21:11:35.671168,381581.48,794,transfer,JAIPUR,0
55210,2024-07-05 10:40:35.800043,282666.45,107,purchase,HYDERABAD,0
77459,2023-12-25 21:22:35.926028,69321.45,131,refund,AHMEDABAD,0
81626,2024-01-05 22:32:35.944990,54696.68,700,refund,MUMBAI,0
34119,2024-01-31 23:30:35.634620,267687.75,557,purchase,SURAT,0
83288,2024-03-21 12:04:35.951131,226101.98,620,purchase,JAIPUR,0
60887,2024-10-12 03:21:35.832637,190961.92,544,purchase,SURAT,0
88322,2023-12-05 00:50:35.970492,219022.65,355,purchase,MUMBAI,0
8271,2023-12-13 04:07:35.508386,222671.63,322,purchase,BENGALURU,1
45254,2024-04-16 15:56:35.719648,228171.9,978,purchase,BENGALURU,0
3654,2023-12-12 12:18:35.488123,395072.7,294,transfer,KOLKATA,0
24706,2024-06-23 05:46:35.586963,278939.92,300,purchase,SURAT,0
34182,2024-07-21 13:49:35.635040,163345.88,134,purchase,MUMBAI,0
3154,2023-11-25 23:42:35.485895,185022.75,243,purchase,HYDERABAD,0
13660,2023-12-23 21:40:35.530826,86003.78,534,refund,PUNE,0
66441,2023-11-07 03:05:35.857384,384010.28,836,transfer,CHENNAI,0
64960,2024-05-13 10:32:35.850225,50072.55,250,refund,BENGALURU,0
38236,2024-08-08 16:19:35.669527,253471.35,605,purchase,KOLKATA,0
40814,2024-09-23 11:20:35.692679,289257.38,506,purchase,AHMEDABAD,0
64476,2024-08-13 13:40:35.848220,171982.8,845,purchase,HYDERABAD,0
40897,2024-05-19 05:16:35.693119,177187.72,485,purchase,AHMEDABAD,0
66933,2024-04-28 23:24:35.859729,184234.05,596,purchase,BENGALURU,0
80485,2024-02-25 14:42:35.940669,351172.8,397,purchase,AHMEDABAD,0
24453,2023-11-25 03:21:35.585963,8407.57,393,refund,JAIPUR,0
23230,2024-03-01 05:24:35.572907,211195.05,169,purchase,HYDERABAD,0
65205,2024-10-02 11:24:35.851232,103526.78,99,purchase,PUNE,0
31201,2024-02-09 03:03:35.615736,318649.65,880,cash_out,DELHI,1
2972,2024-04-16 14:30:35.485036,96230.48,932,refund,CHENNAI,0
20647,2024-02-22 23:37:35.561205,176162.25,761,purchase,BENGALURU,0
62804,2024-02-17 23:24:35.841294,81101.62,723,refund,BENGALURU,0
15325,2024-10-02 01:15:35.537957,164160.98,355,purchase,SURAT,0
65883,2024-06-24 11:57:35.854736,225342.97,832,purchase,AHMEDABAD,0
21065,2023-11-21 21:05:35.562730,157425.68,685,purchase,CHENNAI,0
75236,2024-02-10 20:10:35.915659,30821.18,26,refund,CHENNAI,0
53270,2024-04-25 09:27:35.787314,67535.32,346,refund,JAIPUR,0
88433,2024-02-10 22:37:35.970864,25947.08,22,refund,KOLKATA,0
53588,2024-08-29 05:01:35.789395,173432.32,572,purchase,MUMBAI,0
23302,2023-11-09 13:48:35.573160,325881.6,994,purchase,HYDERABAD,1
32075,2024-01-07 01:33:35.621543,348298.5,669,cash_out,PUNE,0
22396,2024-08-18 08:35:35.568861,392187.68,51,transfer,AHMEDABAD,0
48382,2024-04-09 21:13:35.739440,118414.72,60,purchase,JAIPUR,0
57124,2024-10-11 15:09:35.812968,284420.4,178,purchase,HYDERABAD,0
9927,2024-08-22 08:13:35.515398,285473.92,868,purchase,DELHI,0
67968,2023-12-16 07:47:35.865816,179998.5,249,purchase,SURAT,0
26303,2024-08-30 02:33:35.594692,198543.68,174,purchase,BENGALURU,0
97782,2024-08-30 11:31:36.018154,93922.12,927,refund,CHENNAI,0
46751,2024-02-16 07:03:35.729027,15414.3,324,refund,SURAT,0
18993,2024-07-30 08:27:35.554068,148276.42,815,purchase,DELHI,0
47342,2023-11-16 08:25:35.732977,339078.3,912,purchase,JAIPUR,0
89066,2024-07-27 09:08:35.973225,48392.85,404,refund,DELHI,0
39144,2024-07-20 01:46:35.683686,181600.65,103,purchase,MUMBAI,0
9531,2023-11-18 05:55:35.513700,276319.72,965,purchase,BENGALURU,0
98528,2023-11-20 00:26:36.021304,72943.2,576,refund,MUMBAI,0
54234,2024-06-17 20:55:35.793736,79016.02,473,refund,CHENNAI,0
85145,2024-06-17 16:37:35.958200,85506.3,211,refund,DELHI,0
3313,2023-11-23 11:17:35.486620,3307.42,874,refund,SURAT,0
1186,2024-01-20 14:25:35.468472,345161.02,542,purchase,KOLKATA,0
27973,2024-04-14 17:06:35.601371,321585.82,160,purchase,BENGALURU,0
87060,2024-04-28 02:14:35.965165,294663.6,335,purchase,JAIPUR,0
6339,2024-07-10 18:17:35.500118,32154.38,304,refund,AHMEDABAD,0
781,2024-01-15 05:06:35.466458,286099.27,748,purchase,AHMEDABAD,0
30510,2024-04-01 22:07:35.611277,314058.53,458,cash_out,BENGALURU,1
34747,2024-04-04 11:05:35.645383,263169.22,404,purchase,BENGALURU,0
20226,2024-08-24 03:58:35.559750,257117.03,146,purchase,AHMEDABAD,0
90679,2024-07-29 22:30:35.987982,106674.98,3,purchase,JAIPUR,0
60767,2024-08-16 01:04:35.831882,110075.62,342,purchase,PUNE,0
62742,2024-09-12 21:56:35.841062,49982.62,100,refund,HYDERABAD,0
12128,2023-11-11 13:19:35.524624,245867.32,861,purchase,AHMEDABAD,0
33350,2024-03-31 02:21:35.629447,78327.15,32,refund,SURAT,0
11790,2024-04-08 01:19:35.523078,216084.0,366,purchase,DELHI,0
24461,2024-07-06 02:48:35.585994,83183.92,927,refund,SURAT,0
80296,2024-03-02 20:04:35.939926,142424.7,624,purchase,SURAT,0
68330,2023-11-12 20:05:35.868082,212856.6,805,purchase,MUMBAI,0
39017,2024-07-12 10:36:35.683013,173367.97,556,purchase,JAIPUR,0
21166,2023-10-29 22:49:35.563070,40701.38,900,refund,AHMEDABAD,0
11764,2024-03-31 07:47:35.522989,138637.12,302,purchase,PUNE,0
71420,2024-01-05 03:14:35.895503,261171.08,593,purchase,PUNE,0
93990,2023-12-15 09:09:36.001790,4472.32,34,refund,PUNE,0
23889,2024-03-18 12:24:35.583630,97694.02,553,refund,KOLKATA,0
68765,2024-02-07 00:23:35.870884,141873.6,428,purchase,JAIPUR,0
74037,2024-08-01 22:51:35.909560,397912.35,228,transfer,JAIPUR,0
12718,2023-12-16 01:50:35.527090,167536.88,607,purchase,BENGALURU,0
92936,2024-08-13 04:49:35.997330,38982.07,661,refund,AHMEDABAD,0
62917,2024-07-12 09:11:35.841961,187127.32,662,purchase,PUNE,0
76949,2024-06-15 14:13:35.923349,196006.8,116,purchase,KOLKATA,0
50614,2024-03-30 05:53:35.753530,341430.38,713,cash_out,PUNE,0
28288,2024-07-14 14:12:35.602615,374526.08,89,transfer,BENGALURU,1
54160,2024-05-18 20:16:35.793142,104877.3,196,purchase,BENGALURU,0
43127,2023-11-17 04:08:35.706386,150411.52,404,purchase,HYDERABAD,0
69449,2024-01-12 15:36:35.884742,399366.82,716,transfer,JAIPUR,0
45691,2024-04-14 21:16:35.722207,405014.78,635,transfer,PUNE,0
93986,2023-10-29 14:57:36.001777,266907.3,924,purchase,PUNE,0
71743,2024-01-25 21:03:35.897225,51134.32,598,refund,CHENNAI,0
15425,2024-03-14 01:15:35.538438,387905.1,697,transfer,SURAT,0
37366,2024-09-11 08:03:35.663642,227557.28,675,purchase,BENGALURU,0
46416,2024-07-15 15:49:35.726908,393897.08,295,transfer,PUNE,0
89077,2024-05-19 16:20:35.973273,73703.85,161,refund,BENGALURU,0
60002,2024-09-02 22:14:35.828247,347888.48,629,cash_out,AHMEDABAD,0
50218,2023-12-29 11:38:35.751294,132759.0,643,purchase,MUMBAI,0
20454,2024-02-24 22:13:35.560547,401096.02,734,transfer,HYDERABAD,1
48155,2023-11-15 19:27:35.738129,410981.18,939,transfer,PUNE,0
35778,2024-08-29 16:19:35.653558,387578.4,812,transfer,HYDERABAD,1
26808,2023-12-28 03:19:35.596834,198593.18,891,purchase,MUMBAI,0
13903,2023-12-05 06:39:35.531792,401292.37,784,transfer,PUNE,0
71308,2023-10-24 19:16:35.894903,241999.72,342,purchase,KOLKATA,0
21666,2024-10-16 15:21:35.565211,61656.38,442,refund,PUNE,0
49455,2024-09-15 23:30:35.746583,67762.2,565,refund,SURAT,0
46727,2023-11-07 19:43:35.728869,75946.2,729,refund,HYDERABAD,0
12480,2023-11-06 20:51:35.526120,301853.47,994,purchase,MUMBAI,0
83115,2024-10-08 03:05:35.950453,363876.98,880,cash_out,CHENNAI,0
15513,2024-04-14 09:50:35.538912,268516.88,702,purchase,KOLKATA,0
10311,2024-05-18 13:00:35.517024,255470.32,666,purchase,JAIPUR,0
38341,2024-10-15 17:18:35.670240,60178.8,297,refund,SURAT,0
44097,2024-10-20 17:33:35.712588,107114.7,36,purchase,DELHI,0
87613,2024-10-13 11:24:35.967220,192809.92,258,purchase,HYDERABAD,0
49070,2024-09-09 15:00:35.744024,179510.1,768,purchase,DELHI,0
24345,2024-09-12 00:49:35.585508,229614.0,828,purchase,KOLKATA,0
638,2024-01-04 18:09:35.465945,76795.95,396,refund,JAIPUR,0
89975,2024-05-16 17:42:35.985430,89373.9,326,refund,JAIPUR,0
91127,2024-05-15 02:52:35.989673,109119.45,617,purchase,AHMEDABAD,0
85271,2024-02-02 11:02:35.958668,334446.75,4,purchase,PUNE,0
47285,2024-10-06 14:17:35.732596,29597.7,218,refund,MUMBAI,0
76487,2024-06-15 12:20:35.921225,299010.52,767,purchase,MUMBAI,0
86419,2024-08-28 08:04:35.962887,150302.62,318,purchase,DELHI,0
50001,2024-09-05 20:11:35.750063,208192.88,184,purchase,AHMEDABAD,0
86705,2024-06-06 14:36:35.963918,365253.08,946,purchase,HYDERABAD,1
99633,2024-06-11 22:50:36.026118,219499.5,567,purchase,SURAT,0
74435,2023-11-11 02:01:35.911753,367818.0,215,cash_out,BENGALURU,1
55932,2024-06-03 01:34:35.805222,256616.25,693,purchase,SURAT,0
1664,2024-01-07 14:47:35.471075,373767.9,293,transfer,DELHI,1
2514,2024-02-02 20:35:35.482881,218528.48,463,purchase,DELHI,0
74504,2024-04-28 18:27:35.912157,389198.7,325,transfer,CHENNAI,0
63745,2023-11-21 03:53:35.845402,321160.95,311,cash_out,BENGALURU,1
45736,2024-04-05 06:54:35.722499,41298.67,810,refund,PUNE,0
97328,2023-12-14 18:10:36.016171,412020.68,211,transfer,JAIPUR,0
3661,2024-05-22 21:47:35.488157,19851.15,740,refund,JAIPUR,0
5406,2024-07-13 15:08:35.495865,137739.52,852,purchase,BENGALURU,0
47529,2024-09-23 09:37:35.734246,275875.88,169,purchase,JAIPUR,0
41271,2024-07-04 06:54:35.695212,215983.35,938,purchase,CHENNAI,0
24742,2024-08-27 22:37:35.587127,353452.28,533,cash_out,PUNE,0
28322,2023-12-10 08:19:35.602759,86577.15,818,refund,DELHI,0
858,2024-02-03 10:48:35.466858,116660.78,160,purchase,KOLKATA,0
29626,2024-09-07 19:07:35.608039,402244.42,749,transfer,SURAT,0
11062,2024-07-03 10:50:35.520147,361130.55,452,purchase,JAIPUR,0
31950,2023-10-25 20:29:35.620714,330105.6,459,purchase,AHMEDABAD,0
63069,2024-09-23 06:32:35.842801,377175.15,715,transfer,PUNE,0
59182,2024-03-03 06:41:35.824786,389197.05,262,transfer,SURAT,0
46966,2024-02-04 17:52:35.730481,374500.5,258,transfer,KOLKATA,0
25835,2024-07-03 02:39:35.592328,231087.45,918,purchase,BENGALURU,0
24353,2024-06-27 06:23:35.585537,362319.38,924,purchase,MUMBAI,1
85641,2024-03-27 19:48:35.959965,55761.75,299,refund,DELHI,0
83300,2024-09-14 22:26:35.951171,76773.68,223,refund,PUNE,0
65623,2024-06-12 10:26:35.853334,111903.0,854,purchase,KOLKATA,0
76272,2024-04-21 04:56:35.920389,89434.95,198,refund,CHENNAI,0
88547,2023-12-12 10:48:35.971282,382919.62,798,transfer,PUNE,0
11074,2024-08-03 05:37:35.520200,328649.48,89,cash_out,SURAT,0
54210,2024-05-31 12:18:35.793460,42158.32,59,refund,AHMEDABAD,0
63044,2024-08-29 03:25:35.842663,350201.78,935,cash_out,MUMBAI,0
83889,2024-07-10 04:09:35.953455,91938.0,73,refund,JAIPUR,0
56903,2023-11-17 08:11:35.811540,194988.75,862,purchase,MUMBAI,0
77092,2024-05-19 02:55:35.923998,210623.32,775,purchase,SURAT,0
19416,2024-03-02 01:27:35.556350,411807.82,231,transfer,SURAT,0
71489,2024-06-29 23:56:35.895867,334994.55,654,cash_out,SURAT,0
15512,2023-11-17 23:48:35.538906,374698.5,99,transfer,AHMEDABAD,0
71450,2024-05-25 12:01:35.895661,204325.28,416,purchase,PUNE,0
81550,2024-08-03 01:03:35.944722,72722.92,528,refund,CHENNAI,0
91423,2024-04-13 14:47:35.990724,15557.02,834,refund,CHENNAI,0
98467,2024-08-07 09:49:36.021042,337802.02,856,purchase,SURAT,0
12994,2023-11-18 10:05:35.528219,208753.88,802,purchase,CHENNAI,0
82753,2024-07-07 02:30:35.948927,346394.4,789,cash_out,CHENNAI,0
31628,2023-12-16 20:09:35.618573,78513.6,655,refund,AHMEDABAD,0
27611,2024-07-13 12:18:35.599910,293621.62,965,purchase,AHMEDABAD,0
65368,2023-11-14 03:56:35.852022,139017.45,174,purchase,MUMBAI,0
62703,2023-11-09 07:26:35.840895,237826.05,622,purchase,CHENNAI,0
98270,2024-03-06 12:17:36.020250,81529.8,460,refund,MUMBAI,0
61836,2023-12-08 00:56:35.837952,327469.72,498,cash_out,SURAT,0
93672,2024-05-10 21:23:36.000463,390017.1,862,transfer,PUNE,0
66085,2023-10-29 01:49:35.855724,171765.82,738,purchase,AHMEDABAD,0
10078,2024-07-29 08:52:35.516058,86330.48,355,refund,MUMBAI,0
19853,2024-03-20 05:59:35.558324,15230.32,533,refund,SURAT,0
6461,2024-04-27 03:44:35.500639,374499.68,132,transfer,PUNE,0
54254,2024-09-17 16:36:35.793861,371037.98,924,transfer,BENGALURU,1
70596,2023-12-20 23:16:35.890920,40561.95,901,refund,JAIPUR,0
46629,2023-12-01 00:02:35.728217,226253.78,723,purchase,SURAT,0
9379,2023-12-30 06:20:35.512962,45693.45,644,refund,DELHI,0
71404,2024-09-02 12:18:35.895415,307967.55,447,purchase,JAIPUR,0
75095,2024-05-12 11:36:35.914966,45002.92,493,refund,SURAT,0
96355,2024-01-06 17:11:36.011948,174833.18,778,purchase,HYDERABAD,0
95994,2023-11-27 19:42:36.010403,283280.25,287,purchase,BENGALURU,0
20088,2024-04-27 11:28:35.559270,24971.92,860,refund,CHENNAI,0
54061,2024-02-02 03:11:35.792515,322905.0,601,cash_out,PUNE,0
36801,2023-11-12 18:42:35.659967,377967.98,283,transfer,HYDERABAD,1
70545,2024-09-10 19:38:35.890660,347713.58,549,purchase,JAIPUR,0
26176,2024-01-10 06:58:35.594230,58492.5,942,refund,JAIPUR,0
91155,2024-08-26 01:36:35.989767,300050.02,847,purchase,PUNE,0
76972,2023-12-31 10:23:35.923429,96074.55,581,refund,MUMBAI,0
9574,2024-03-06 02:00:35.513905,126662.25,21,purchase,KOLKATA,0
70845,2024-05-19 09:31:35.892220,320891.18,973,purchase,BENGALURU,0
94690,2024-04-01 13:08:36.004879,78765.23,709,refund,AHMEDABAD,0
13510,2024-10-21 06:43:35.530275,471.08,531,refund,KOLKATA,0
93114,2024-02-21 20:19:35.998168,78238.05,292,refund,BENGALURU,0
87778,2024-07-29 05:01:35.968029,83380.27,54,refund,MUMBAI,0
92652,2024-10-03 22:44:35.996151,403245.15,296,transfer,HYDERABAD,1
87144,2024-06-12 21:33:35.965444,230793.75,833,purchase,CHENNAI,0
11873,2024-02-12 15:50:35.523481,112465.65,624,purchase,DELHI,0
56188,2024-05-01 14:48:35.806859,93556.65,49,refund,BENGALURU,1
99156,2024-05-31 18:58:36.023980,174164.92,736,purchase,AHMEDABAD,0
7006,2024-09-04 19:24:35.502998,182051.1,564,purchase,MUMBAI,0
70229,2024-08-25 13:51:35.889017,101744.78,611,refund,HYDERABAD,0
22409,2024-07-09 07:42:35.568946,356103.0,191,purchase,SURAT,0
87422,2024-06-03 03:12:35.966506,149986.65,160,purchase,HYDERABAD,0
68381,2024-04-11 22:17:35.868369,126147.45,832,purchase,KOLKATA,0
46874,2024-07-12 09:27:35.729854,213769.05,201,purchase,BENGALURU,0
10726,2024-01-12 01:02:35.518794,49419.98,253,refund,SURAT,0
32131,2024-08-05 01:18:35.621977,244843.5,745,purchase,JAIPUR,0
35625,2024-05-18 03:18:35.651374,368500.28,693,cash_out,DELHI,1
14194,2024-02-05 01:21:35.532943,251982.22,429,purchase,JAIPUR,0
63590,2024-09-05 06:24:35.844680,66187.27,353,refund,MUMBAI,0
50433,2024-10-07 21:59:35.752527,206592.38,622,purchase,JAIPUR,0
70607,2024-06-06 02:33:35.890981,217545.9,543,purchase,AHMEDABAD,0
44313,2023-11-03 00:39:35.713730,112973.02,901,purchase,KOLKATA,0
71982,2024-01-09 06:40:35.898588,124697.1,213,purchase,CHENNAI,0
21407,2024-03-08 17:56:35.564220,367021.88,20,purchase,SURAT,0
69892,2024-08-04 10:07:35.887239,79571.25,507,refund,DELHI,0
78125,2024-07-24 04:54:35.929418,138470.48,93,purchase,JAIPUR,0
39570,2024-04-20 10:42:35.685907,363957.82,656,purchase,MUMBAI,1
16599,2023-12-18 11:32:35.543917,75400.88,359,refund,BENGALURU,0
54745,2024-04-19 18:55:35.797005,126577.28,575,purchase,JAIPUR,0
20895,2023-11-11 00:43:35.562110,249370.28,973,purchase,CHENNAI,0
30463,2024-05-08 17:36:35.611118,247447.2,317,purchase,PUNE,0
22348,2024-02-17 11:17:35.568535,128209.12,694,purchase,JAIPUR,0
56424,2024-02-01 15:00:35.808371,369925.05,347,purchase,MUMBAI,1
90372,2023-12-31 23:44:35.986925,341898.15,905,cash_out,BENGALURU,0
95397,2024-05-22 00:39:36.007911,25000.8,419,refund,JAIPUR,0
95110,2023-11-16 20:27:36.006714,278929.2,630,purchase,SURAT,0
19175,2024-02-26 10:33:35.555161,115251.68,334,purchase,HYDERABAD,0
61018,2024-08-16 11:37:35.833444,23395.35,93,refund,BENGALURU,0
35695,2024-08-07 08:44:35.651846,174995.7,351,purchase,KOLKATA,0
19833,2024-05-15 22:23:35.558238,277082.85,456,purchase,CHENNAI,0
88105,2023-12-20 13:47:35.969258,134618.55,621,purchase,HYDERABAD,0
3456,2024-09-10 01:50:35.487237,167852.85,727,purchase,BENGALURU,0
15679,2024-02-19 14:09:35.539659,312790.5,315,purchase,SURAT,0
62505,2024-10-14 16:36:35.840233,284708.32,360,purchase,CHENNAI,0
9509,2024-09-22 16:52:35.513581,279195.68,513,purchase,PUNE,0
2696,2024-05-28 14:55:35.483813,202549.05,78,purchase,KOLKATA,0
91171,2024-03-25 03:43:35.989821,102238.12,935,refund,JAIPUR,0
70391,2023-12-04 12:03:35.889853,143300.02,410,purchase,PUNE,0
35713,2024-03-26 20:51:35.651963,174640.12,859,purchase,PUNE,0
56888,2024-07-11 00:32:35.811445,23590.88,709,refund,JAIPUR,0
26277,2024-02-17 12:19:35.594605,96723.0,228,refund,PUNE,0
53994,2023-12-26 12:54:35.792087,409289.92,800,transfer,BENGALURU,1
96373,2023-12-15 12:11:36.012035,345493.5,442,purchase,AHMEDABAD,0
58885,2024-08-17 22:01:35.823795,75192.97,55,refund,AHMEDABAD,0
36433,2023-11-20 10:34:35.657892,63798.9,490,refund,CHENNAI,0
59544,2024-08-07 19:43:35.826404,184669.65,338,purchase,HYDERABAD,0
1985,2024-07-24 16:53:35.472399,58678.12,426,refund,HYDERABAD,0
54474,2023-11-09 07:23:35.795272,325670.4,357,purchase,BENGALURU,0
88860,2024-04-10 18:09:35.972513,70870.8,342,refund,MUMBAI,0
53278,2024-01-30 22:27:35.787369,410947.35,246,transfer,HYDERABAD,1
24801,2024-05-24 00:07:35.587353,25493.32,794,refund,CHENNAI,0
39300,2024-01-18 21:38:35.684476,350936.02,216,purchase,DELHI,1
4822,2023-12-25 09:06:35.493394,162426.0,742,purchase,BENGALURU,0
19682,2024-03-09 02:23:35.557458,142237.42,60,purchase,PUNE,0
75633,2024-06-04 20:46:35.917605,281524.65,123,purchase,JAIPUR,0
75681,2023-12-22 10:10:35.917851,25447.95,949,refund,DELHI,0
60074,2023-12-28 18:02:35.828524,343088.62,565,purchase,BENGALURU,1
36961,2024-07-22 22:42:35.660927,232857.9,755,purchase,BENGALURU,0
85562,2023-11-24 00:55:35.959686,260844.38,539,purchase,AHMEDABAD,0
58009,2023-11-25 17:44:35.820100,179903.62,554,purchase,BENGALURU,0
66568,2024-06-13 10:48:35.858141,276856.8,982,purchase,AHMEDABAD,0
19057,2024-05-18 23:15:35.554486,120211.58,254,purchase,BENGALURU,0
51076,2024-06-14 19:52:35.756594,132974.32,589,purchase,DELHI,0
35701,2024-07-31 15:25:35.651885,297734.25,741,purchase,DELHI,0
48427,2024-07-24 14:45:35.739708,126878.4,581,purchase,SURAT,0
92258,2024-07-13 20:48:35.994379,373502.25,195,transfer,DELHI,1
98865,2024-09-27 04:02:36.022769,240603.82,11,purchase,SURAT,0
17263,2024-01-10 21:03:35.546883,3261.22,649,refund,CHENNAI,0
3308,2024-02-14 10:51:35.486593,182728.42,636,purchase,CHENNAI,0
7886,2024-01-24 09:39:35.506770,274000.65,51,purchase,JAIPUR,0
38986,2024-01-21 22:31:35.682504,342241.35,168,cash_out,JAIPUR,0
53564,2024-08-27 05:41:35.789240,316596.23,777,cash_out,AHMEDABAD,0
27776,2024-07-16 21:50:35.600648,302077.88,787,purchase,SURAT,0
85308,2024-03-21 13:27:35.958802,229599.98,347,purchase,KOLKATA,0
42882,2024-09-30 00:26:35.704793,45445.12,270,refund,BENGALURU,0
57194,2024-05-31 21:32:35.813434,290088.97,583,purchase,DELHI,0
8790,2024-06-01 23:37:35.510506,204403.65,819,purchase,BENGALURU,0
1927,2024-02-01 23:02:35.472174,220982.85,10,purchase,HYDERABAD,0
90914,2023-12-17 02:46:35.988771,31052.18,583,refund,JAIPUR,0
74720,2023-10-24 00:14:35.913020,104339.4,652,purchase,SURAT,0
10667,2023-11-13 13:25:35.518556,352988.62,995,purchase,HYDERABAD,1
19227,2024-05-11 12:53:35.555543,281669.85,802,purchase,MUMBAI,0
52904,2024-07-31 05:03:35.770309,323282.85,296,cash_out,CHENNAI,0
95509,2024-05-07 05:39:36.008352,330909.15,749,cash_out,SURAT,0
39060,2024-01-30 22:18:35.683240,411664.28,233,transfer,MUMBAI,1
72568,2024-09-21 02:07:35.901974,16330.87,826,refund,SURAT,0
6082,2024-09-05 04:35:35.498928,201644.85,359,purchase,CHENNAI,0
23948,2023-12-14 15:33:35.583912,281898.38,48,purchase,BENGALURU,0
17189,2024-02-23 18:52:35.546526,341492.25,969,purchase,DELHI,1
25194,2024-06-27 09:59:35.589067,93646.58,324,refund,KOLKATA,0
39724,2024-10-15 04:55:35.686709,375050.78,409,transfer,DELHI,1
85040,2024-05-22 09:56:35.957759,268006.2,405,purchase,HYDERABAD,0
10111,2024-04-21 08:48:35.516187,50835.68,207,refund,BENGALURU,0
6566,2024-03-22 06:22:35.501118,313367.18,520,purchase,CHENNAI,0
99219,2024-06-19 16:35:36.024206,247811.85,298,purchase,BENGALURU,0
44811,2024-03-22 21:35:35.716960,193118.48,104,purchase,BENGALURU,0
63712,2023-11-15 08:51:35.845292,14934.15,186,refund,BENGALURU,0
41819,2024-06-24 08:42:35.698296,49628.7,626,refund,SURAT,0
57762,2024-01-10 03:59:35.817129,411764.1,994,transfer,KOLKATA,0
62516,2023-11-15 11:44:35.840269,33505.72,564,refund,PUNE,0
32574,2024-02-15 18:03:35.624520,391899.75,47,transfer,AHMEDABAD,0
38937,2024-09-21 22:44:35.682240,342591.15,790,cash_out,CHENNAI,0
65616,2024-03-27 15:36:35.853308,327822.82,430,purchase,CHENNAI,0
16306,2024-06-17 00:19:35.542194,342639.82,437,cash_out,BENGALURU,1
25715,2024-08-29 19:38:35.591538,1487.48,708,refund,CHENNAI,1
69689,2024-01-14 10:47:35.886126,250691.1,807,purchase,BENGALURU,0
28522,2023-11-09 17:16:35.603622,213516.6,537,purchase,KOLKATA,0
56835,2024-07-07 09:47:35.811109,335674.35,750,purchase,SURAT,0
53307,2024-04-28 04:31:35.787563,163524.07,289,purchase,CHENNAI,0
30647,2024-10-17 01:35:35.611841,281840.62,403,purchase,BENGALURU,0
27895,2023-11-01 05:03:35.601100,208514.62,574,purchase,SURAT,0
45143,2024-02-11 20:27:35.719030,369976.2,812,purchase,BENGALURU,1
3995,2024-09-04 20:17:35.489690,144969.0,617,purchase,DELHI,0
58731,2024-07-30 04:18:35.823281,65228.62,534,refund,PUNE,0
60660,2024-03-06 12:36:35.831198,16377.9,491,refund,HYDERABAD,0
65647,2024-02-04 08:39:35.853429,383620.88,367,transfer,DELHI,1
16527,2023-11-13 10:23:35.543523,91155.08,481,refund,MUMBAI,0
83021,2023-12-28 13:03:35.950093,99959.48,54,refund,DELHI,0
52021,2024-03-23 18:07:35.763030,91537.05,795,refund,JAIPUR,0
53677,2023-10-27 16:47:35.790049,365804.18,11,purchase,HYDERABAD,1
49787,2024-05-11 20:09:35.748791,234549.98,837,purchase,PUNE,0
85333,2024-05-15 15:44:35.958885,246637.05,356,purchase,SURAT,0
48925,2024-08-28 03:27:35.743048,236377.35,10,purchase,CHENNAI,0
40087,2024-01-07 14:10:35.688653,215355.52,222,purchase,AHMEDABAD,0
3049,2023-11-06 08:03:35.485368,38349.3,896,refund,CHENNAI,0
63749,2024-01-07 08:17:35.845415,238306.2,678,purchase,KOLKATA,0
44482,2024-09-29 06:24:35.714827,267312.38,708,purchase,AHMEDABAD,0
54960,2024-04-04 05:10:35.798414,273323.32,247,purchase,MUMBAI,0
40233,2024-01-29 03:15:35.689419,283908.08,619,purchase,CHENNAI,0
35433,2023-12-31 03:04:35.650104,109972.5,977,purchase,HYDERABAD,0
38462,2023-12-11 05:09:35.671051,331131.9,987,cash_out,CHENNAI,0
31137,2024-02-20 09:09:35.615130,146520.0,303,purchase,JAIPUR,0
57496,2024-09-15 07:14:35.815422,302572.05,406,purchase,JAIPUR,0
29773,2024-08-31 07:38:35.608570,366093.75,399,purchase,AHMEDABAD,0
98565,2024-02-15 11:42:36.021433,224884.28,232,purchase,CHENNAI,0
57728,2024-03-27 01:13:35.816924,249407.4,700,purchase,KOLKATA,0
28680,2024-05-18 02:40:35.604262,26314.2,530,refund,CHENNAI,0
42763,2024-02-24 02:01:35.704024,5969.7,127,refund,CHENNAI,0
52638,2024-09-26 05:30:35.767083,127111.05,582,purchase,CHENNAI,0
26841,2024-01-21 10:04:35.596983,70787.47,294,refund,MUMBAI,0
33362,2024-02-02 07:06:35.629526,93046.8,480,refund,JAIPUR,0
34711,2024-07-01 21:23:35.645147,156835.8,67,purchase,MUMBAI,0
49263,2024-09-21 11:13:35.745276,163322.78,135,purchase,MUMBAI,0
25868,2024-04-10 08:29:35.592537,352892.1,229,purchase,MUMBAI,1
86233,2024-03-12 23:17:35.962216,301340.32,6,purchase,AHMEDABAD,0
30146,2024-01-19 08:29:35.610003,241119.45,516,purchase,BENGALURU,0
92175,2024-02-29 11:05:35.993983,142941.98,327,purchase,MUMBAI,0
71275,2024-01-19 22:15:35.894727,89919.22,621,refund,PUNE,0
85294,2023-11-23 15:11:35.958744,280919.92,955,purchase,JAIPUR,0
97035,2024-03-19 22:09:36.014891,145520.1,313,purchase,JAIPUR,0
85711,2024-08-16 06:41:35.960205,322443.82,936,purchase,DELHI,1
38983,2024-06-18 15:34:35.682488,169769.32,549,purchase,HYDERABAD,0
39661,2023-12-02 01:10:35.686385,333615.97,410,cash_out,KOLKATA,0
79024,2024-06-16 09:05:35.933772,377538.98,291,transfer,CHENNAI,0
69720,2024-10-02 01:10:35.886293,123613.87,275,purchase,HYDERABAD,0
50237,2024-07-28 03:38:35.751411,151836.3,701,purchase,PUNE,0
63557,2024-06-11 23:16:35.844524,966.08,156,refund,PUNE,0
76863,2024-08-23 21:24:35.922959,159253.88,418,purchase,JAIPUR,0
59601,2024-08-11 05:16:35.826623,134256.38,782,purchase,AHMEDABAD,0
81292,2024-09-23 06:33:35.943844,263556.15,441,purchase,SURAT,0
97025,2024-06-23 19:39:36.014840,54887.25,6,refund,JAIPUR,0
49750,2024-08-03 21:47:35.748544,223777.95,631,purchase,SURAT,0
95717,2024-07-31 12:25:36.009229,325162.2,831,purchase,JAIPUR,0
19367,2024-09-28 23:07:35.556089,195836.85,630,purchase,HYDERABAD,0
97324,2024-08-09 06:23:36.016158,327416.1,552,purchase,DELHI,1
79876,2024-10-11 11:00:35.938258,313226.1,941,purchase,HYDERABAD,0
9918,2024-04-17 14:00:35.515362,270148.73,870,purchase,SURAT,0
70346,2023-11-13 13:46:35.889628,113915.18,333,purchase,KOLKATA,0
83082,2024-05-23 18:52:35.950334,301586.18,909,purchase,HYDERABAD,0
96615,2023-11-19 20:32:36.013027,308224.12,662,purchase,DELHI,1
10877,2023-11-09 06:02:35.519423,20082.98,197,refund,DELHI,0
2157,2024-07-08 00:23:35.472992,228965.55,169,purchase,MUMBAI,0
65335,2024-05-26 11:31:35.851858,26979.15,29,refund,KOLKATA,0
87202,2024-01-27 02:27:35.965724,235780.87,647,purchase,DELHI,0
28123,2024-03-29 22:17:35.602014,269310.52,127,purchase,MUMBAI,0
53897,2024-06-21 02:24:35.791452,334202.55,346,cash_out,MUMBAI,0
55269,2024-01-14 03:43:35.800418,204404.48,856,purchase,KOLKATA,0
88110,2023-12-18 05:09:35.969275,349067.4,900,cash_out,BENGALURU,1
69038,2024-06-02 09:41:35.882291,216122.78,257,purchase,SURAT,0
87645,2024-01-24 07:13:35.967330,57011.62,793,refund,AHMEDABAD,0
68144,2023-12-14 02:07:35.866986,115840.72,638,purchase,AHMEDABAD,0
8580,2024-03-23 17:17:35.509637,1072.5,132,refund,KOLKATA,0
14215,2024-01-26 20:15:35.533028,200416.42,859,purchase,SURAT,0
68429,2024-06-27 16:00:35.868791,266120.25,263,purchase,SURAT,0
41186,2024-09-12 21:33:35.694761,342874.12,423,purchase,BENGALURU,1
24480,2024-08-07 22:32:35.586073,402892.05,379,transfer,HYDERABAD,1
28538,2024-08-01 13:24:35.603684,46743.68,907,refund,BENGALURU,0
6092,2024-02-10 00:47:35.498987,363240.08,588,cash_out,SURAT,0
48324,2024-03-09 23:50:35.739090,194767.65,124,purchase,DELHI,0
52169,2024-04-15 16:42:35.764004,187060.5,900,purchase,JAIPUR,0
9412,2023-11-28 00:30:35.513106,280370.47,968,purchase,CHENNAI,0
2702,2024-01-11 07:39:35.483838,261739.5,341,purchase,PUNE,0
33613,2023-11-16 14:31:35.631201,75886.8,495,refund,JAIPUR,0
13047,2024-05-28 13:17:35.528396,411468.75,894,transfer,JAIPUR,0
80397,2024-01-26 21:45:35.940329,87534.98,120,refund,AHMEDABAD,0
84734,2023-11-23 19:31:35.956559,125579.85,940,purchase,KOLKATA,0
8719,2023-10-31 21:46:35.510189,271021.58,878,purchase,SURAT,0
96260,2023-12-12 06:28:36.011538,334242.15,7,purchase,BENGALURU,1
26818,2024-04-26 08:44:35.596880,352089.38,520,purchase,MUMBAI,1
59095,2023-12-01 21:21:35.824496,179883.0,705,purchase,HYDERABAD,0
74799,2024-05-31 08:57:35.913360,132024.75,255,purchase,AHMEDABAD,0
85085,2024-10-15 20:36:35.958000,71510.18,851,refund,CHENNAI,0
68439,2024-05-10 16:02:35.868843,156061.12,267,purchase,DELHI,0
19322,2024-08-05 02:44:35.555928,66862.95,170,refund,KOLKATA,0
54057,2023-12-21 01:49:35.792491,336000.22,129,cash_out,PUNE,0
67015,2024-01-09 04:20:35.860014,151584.68,868,purchase,SURAT,0
13541,2024-07-14 02:40:35.530393,121892.1,111,purchase,PUNE,0
53053,2024-01-04 19:06:35.785873,397515.52,317,transfer,KOLKATA,0
24022,2023-10-30 15:54:35.584181,289438.05,528,purchase,HYDERABAD,0
60105,2024-02-24 23:23:35.828629,383030.18,188,transfer,PUNE,0
55447,2024-04-04 16:02:35.801599,192129.3,620,purchase,PUNE,0
73427,2024-05-19 08:55:35.906499,335234.62,413,purchase,AHMEDABAD,0
93688,2024-08-08 11:02:36.000516,130717.95,840,purchase,HYDERABAD,0
46693,2024-08-25 00:31:35.728633,137165.32,743,purchase,MUMBAI,0
19726,2024-06-13 05:12:35.557743,362269.05,428,cash_out,MUMBAI,1
75775,2024-04-04 06:13:35.918245,105312.9,273,purchase,CHENNAI,0
99837,2024-06-05 01:50:36.026941,147032.33,679,purchase,CHENNAI,0
66362,2023-11-24 13:23:35.857003,288256.65,342,purchase,KOLKATA,0
92822,2024-03-03 09:34:35.996870,66490.88,263,refund,AHMEDABAD,0
88663,2024-03-26 23:44:35.971760,81520.73,738,refund,SURAT,0
44076,2024-01-07 09:23:35.712480,113666.02,560,purchase,PUNE,0
40543,2024-03-03 06:51:35.691215,199972.58,796,purchase,HYDERABAD,0
8635,2024-01-30 17:47:35.509871,108466.05,216,purchase,CHENNAI,0
99846,2024-05-16 14:03:36.026995,34449.52,823,refund,HYDERABAD,0
6935,2024-09-29 03:34:35.502733,299444.48,860,purchase,SURAT,0
91275,2023-11-26 06:09:35.990214,109257.22,138,purchase,AHMEDABAD,0
97304,2024-09-06 14:05:36.016045,237146.25,374,purchase,DELHI,0
39427,2024-07-12 02:47:35.685141,345240.22,354,cash_out,SURAT,0
13195,2024-02-13 20:04:35.528992,254070.3,380,purchase,MUMBAI,0
84566,2024-06-08 06:18:35.955978,373313.32,114,transfer,PUNE,0
29360,2024-01-14 01:18:35.606909,291461.77,672,purchase,MUMBAI,0
277,2024-08-01 17:20:35.464130,397266.38,848,transfer,AHMEDABAD,0
78816,2023-11-06 02:42:35.932715,60875.1,772,refund,PUNE,0
90706,2023-11-25 15:07:35.988071,382032.75,126,transfer,HYDERABAD,1
19507,2023-11-03 09:16:35.556692,145944.15,248,purchase,BENGALURU,0
86305,2023-12-13 21:53:35.962467,212237.03,274,purchase,BENGALURU,0
93536,2024-01-21 23:16:35.999872,367195.13,363,cash_out,DELHI,1
30396,2024-06-02 04:54:35.610879,282758.85,990,purchase,KOLKATA,0
97776,2024-01-01 17:15:36.018127,25292.02,353,refund,PUNE,0
44820,2024-05-07 04:29:35.717017,126121.05,967,purchase,SURAT,0
23780,2024-07-25 23:26:35.582972,5688.38,222,refund,BENGALURU,0
25806,2024-07-10 19:01:35.592138,302666.92,647,purchase,PUNE,0
96370,2024-09-20 05:22:36.012024,108562.58,637,purchase,BENGALURU,0
77757,2024-05-29 14:24:35.927582,312533.92,371,purchase,SURAT,0
91759,2024-07-15 13:50:35.991888,34703.62,107,refund,MUMBAI,0
57170,2024-10-21 05:03:35.813274,263402.7,64,purchase,KOLKATA,0
45906,2023-10-22 07:37:35.723624,361217.18,849,purchase,PUNE,0
14916,2024-08-08 14:49:35.535987,88803.83,177,refund,CHENNAI,0
8114,2023-11-01 20:09:35.507774,97976.17,766,refund,HYDERABAD,0
39788,2024-04-20 23:30:35.687087,141326.62,352,purchase,PUNE,0
67594,2023-12-29 12:07:35.862124,389508.9,817,transfer,JAIPUR,0
95596,2024-01-06 16:56:36.008747,282059.25,784,purchase,SURAT,0
95332,2024-04-20 21:32:36.007633,44842.87,731,refund,PUNE,0
55700,2024-10-03 03:41:35.803755,400804.8,842,transfer,KOLKATA,0
36757,2024-09-18 05:55:35.659713,274960.12,456,purchase,AHMEDABAD,0
29731,2024-07-13 19:27:35.608408,105312.9,824,purchase,PUNE,0
51517,2024-06-13 08:46:35.759658,311620.65,128,purchase,JAIPUR,0
3263,2024-09-12 06:39:35.486373,137335.28,785,purchase,BENGALURU,0
47043,2024-10-16 19:03:35.730985,151929.52,399,purchase,SURAT,0
34903,2024-09-17 07:04:35.646424,236136.45,333,purchase,SURAT,0
81618,2024-02-26 23:49:35.944964,319669.35,302,cash_out,SURAT,0
58230,2023-11-01 06:17:35.821576,365243.18,333,purchase,MUMBAI,1
92589,2024-07-01 03:45:35.995905,354764.02,462,cash_out,HYDERABAD,1
27630,2023-12-07 12:22:35.600012,157230.15,931,purchase,CHENNAI,0
34836,2024-01-06 13:33:35.645983,332965.05,212,purchase,PUNE,0
58618,2024-08-13 13:10:35.822897,255758.25,820,purchase,JAIPUR,0
13432,2024-08-03 00:34:35.529931,346165.88,855,cash_out,BENGALURU,1
50808,2024-07-19 05:09:35.754871,323555.1,316,cash_out,CHENNAI,0
31382,2024-03-29 16:15:35.616959,207275.47,890,purchase,PUNE,0
30044,2024-04-01 10:08:35.609621,3119.32,171,refund,HYDERABAD,0
21540,2024-06-19 04:12:35.564786,20029.35,552,refund,BENGALURU,0
9722,2024-05-10 00:26:35.514483,339133.58,996,cash_out,JAIPUR,0
65650,2024-09-16 19:08:35.853443,285255.3,943,purchase,BENGALURU,0
91014,2024-08-20 03:06:35.989258,197597.4,847,purchase,CHENNAI,0
82787,2024-07-19 11:53:35.949116,360219.75,169,purchase,SURAT,0
60259,2024-09-08 17:19:35.829152,249790.2,284,purchase,MUMBAI,0
17044,2023-10-22 12:49:35.545773,337525.65,274,purchase,HYDERABAD,1
51449,2024-02-19 22:37:35.759215,323611.2,928,cash_out,CHENNAI,0
96069,2024-09-18 18:43:36.010768,234658.05,701,purchase,SURAT,0
38700,2024-05-10 12:28:35.672645,339472.65,501,purchase,JAIPUR,0
52953,2024-01-13 08:15:35.770513,234786.75,546,purchase,HYDERABAD,0
23925,2024-02-20 23:08:35.583835,169238.02,644,purchase,AHMEDABAD,0
62276,2024-06-01 03:45:35.839430,210174.53,439,purchase,CHENNAI,0
702,2024-09-27 22:01:35.466160,229511.7,524,purchase,AHMEDABAD,0
50736,2024-09-02 19:21:35.754442,266273.7,999,purchase,DELHI,0
81900,2024-09-23 09:55:35.945956,258305.85,293,purchase,KOLKATA,0
1923,2024-07-18 16:07:35.472161,274234.12,625,purchase,PUNE,0
11551,2024-04-16 16:34:35.522136,379890.22,798,transfer,SURAT,0
87176,2024-09-25 08:36:35.965551,34399.2,188,refund,CHENNAI,0
35912,2023-12-24 21:04:35.654471,287975.32,939,purchase,PUNE,0
15697,2024-10-06 19:03:35.539772,44379.22,858,refund,AHMEDABAD,0
41474,2024-02-17 07:24:35.696344,122424.22,771,purchase,HYDERABAD,0
2624,2024-01-16 17:09:35.483502,111167.92,344,purchase,MUMBAI,0
69013,2024-07-06 20:56:35.882124,416.62,380,refund,BENGALURU,0
71719,2023-12-18 10:04:35.897086,349985.62,964,purchase,JAIPUR,0
52152,2024-07-19 04:27:35.763886,1327.42,180,refund,CHENNAI,0
82126,2024-07-05 15:06:35.946733,304632.9,868,purchase,JAIPUR,0
27037,2024-01-25 09:11:35.597673,198115.5,746,purchase,JAIPUR,0
78540,2024-09-11 23:28:35.931636,48436.58,549,refund,CHENNAI,0
60806,2023-12-03 06:33:35.832120,168598.65,650,purchase,MUMBAI,0
59663,2024-06-28 18:29:35.826884,123665.02,135,purchase,CHENNAI,0
55339,2024-09-18 09:05:35.800893,409214.02,275,transfer,SURAT,0
31738,2024-03-03 13:45:35.619307,179635.5,373,purchase,PUNE,0
1501,2024-06-01 00:59:35.470370,154145.48,168,purchase,CHENNAI,0
65357,2023-11-27 14:01:35.851961,314425.65,327,purchase,KOLKATA,0
76667,2024-10-08 08:30:35.921934,67229.25,405,refund,DELHI,0
85299,2024-01-25 04:16:35.958760,278276.62,351,purchase,MUMBAI,0
27998,2024-09-11 13:41:35.601476,369285.68,416,purchase,CHENNAI,0
56107,2023-11-08 05:09:35.806352,288941.4,48,purchase,PUNE,0
98374,2024-02-08 00:38:36.020674,68089.73,577,refund,HYDERABAD,0
1914,2024-04-25 09:32:35.472131,231615.45,225,purchase,PUNE,0
8429,2024-01-07 08:09:35.509034,224841.38,319,purchase,MUMBAI,0
15828,2024-03-26 22:26:35.540335,307030.35,27,purchase,PUNE,0
24330,2024-07-04 02:48:35.585456,212014.28,558,purchase,BENGALURU,0
3017,2024-01-26 13:57:35.485235,159790.95,471,purchase,BENGALURU,0
18642,2024-01-27 03:34:35.552406,101156.55,457,refund,CHENNAI,0
65761,2024-03-09 21:18:35.854135,370226.18,110,purchase,PUNE,0
43488,2024-06-19 18:31:35.708674,118420.5,86,purchase,KOLKATA,0
37777,2024-02-03 17:57:35.666462,231950.4,874,purchase,AHMEDABAD,0
83691,2024-06-30 22:09:35.952765,26001.52,539,refund,BENGALURU,0
99902,2023-11-22 14:25:36.027241,18907.35,702,refund,BENGALURU,0
84816,2024-05-03 09:07:35.956871,346026.45,309,purchase,KOLKATA,0
49763,2023-12-21 05:56:35.748631,258068.25,615,purchase,SURAT,0
87367,2024-06-20 19:15:35.966321,19777.72,210,refund,CHENNAI,0
28749,2024-07-13 08:04:35.604508,36065.7,246,refund,CHENNAI,0
81540,2024-07-01 12:32:35.944688,222351.52,67,purchase,SURAT,0
22290,2024-02-06 11:51:35.568153,381596.32,124,transfer,HYDERABAD,1
65893,2024-07-04 19:01:35.854770,140323.43,671,purchase,HYDERABAD,0
98047,2024-09-08 04:29:36.019280,323275.42,555,cash_out,DELHI,0
68488,2023-11-27 00:26:35.869136,380619.52,359,transfer,HYDERABAD,1
53167,2024-03-05 08:19:35.786635,284266.12,18,purchase,BENGALURU,0
28974,2024-09-24 13:56:35.605362,410084.4,399,transfer,HYDERABAD,1
48712,2023-12-14 13:17:35.741557,128200.88,155,purchase,HYDERABAD,0
60357,2023-11-09 07:04:35.829478,364717.65,344,purchase,KOLKATA,0
48117,2024-02-19 06:20:35.737913,243379.95,80,purchase,AHMEDABAD,0
49069,2024-04-24 02:13:35.744018,130527.38,254,purchase,CHENNAI,0
18032,2023-11-06 15:15:35.549927,365501.4,705,purchase,KOLKATA,0
28590,2024-06-17 11:10:35.603861,360485.4,847,purchase,AHMEDABAD,0
48384,2024-04-17 13:32:35.739452,68510.47,427,refund,SURAT,0
82348,2024-05-23 12:32:35.947495,220520.85,327,purchase,DELHI,0
9203,2023-12-07 12:39:35.512224,278280.75,913,purchase,AHMEDABAD,0
43053,2024-06-02 05:05:35.705917,269859.15,594,purchase,BENGALURU,0
31880,2024-07-05 22:07:35.620258,106633.72,780,purchase,DELHI,0
69343,2024-07-07 19:56:35.884135,49978.5,907,refund,JAIPUR,0
72561,2024-05-29 23:38:35.901925,307894.95,637,purchase,SURAT,0
86513,2024-01-05 05:33:35.963202,195209.02,776,purchase,MUMBAI,0
84971,2024-01-25 16:47:35.957408,347852.18,917,purchase,KOLKATA,0
36059,2024-04-18 11:20:35.655446,398788.5,147,transfer,PUNE,0
30615,2024-05-11 13:26:35.611684,165916.57,421,purchase,KOLKATA,0
38742,2024-08-07 12:03:35.672927,213412.65,135,purchase,MUMBAI,0
72123,2024-07-18 01:28:35.899349,278950.65,776,purchase,PUNE,0
8306,2024-01-21 16:08:35.508531,12995.4,41,refund,CHENNAI,0
62101,2024-03-06 16:58:35.838846,380944.58,732,transfer,KOLKATA,0
59691,2024-08-28 09:53:35.827054,362075.18,76,purchase,BENGALURU,1
83168,2023-11-06 17:10:35.950639,184800.0,917,purchase,KOLKATA,0
43032,2024-05-27 20:22:35.705787,352911.9,913,purchase,KOLKATA,0
81922,2024-07-11 05:45:35.946029,76511.32,183,refund,CHENNAI,0
76048,2023-11-22 02:00:35.919381,351131.55,715,cash_out,BENGALURU,1
27971,2023-12-29 00:22:35.601364,36521.1,337,refund,DELHI,0
23391,2024-06-07 16:48:35.573461,73726.95,522,refund,AHMEDABAD,0
18509,2024-02-10 03:33:35.551764,81797.92,331,refund,MUMBAI,0
15333,2024-06-22 02:11:35.538005,293101.88,891,purchase,AHMEDABAD,0
28187,2023-11-12 06:45:35.602257,53983.88,937,refund,SURAT,0
27760,2024-03-11 07:33:35.600593,363677.32,587,purchase,KOLKATA,0
70655,2024-09-20 15:00:35.891234,270916.8,221,purchase,AHMEDABAD,0
58945,2024-04-26 19:16:35.823995,344019.22,401,purchase,KOLKATA,0
10649,2024-01-09 04:14:35.518472,365268.75,123,cash_out,MUMBAI,1
65294,2024-06-07 04:04:35.851644,29049.9,819,refund,KOLKATA,0
98296,2024-04-05 01:46:36.020337,343888.05,675,cash_out,AHMEDABAD,0
7312,2024-05-29 06:38:35.504287,284514.45,115,purchase,MUMBAI,1
32279,2024-09-08 03:45:35.622861,241778.62,226,purchase,CHENNAI,0
83706,2024-03-19 15:16:35.952815,189613.05,451,purchase,AHMEDABAD,0
70312,2024-01-29 21:54:35.889441,287444.03,389,purchase,AHMEDABAD,0
72635,2023-10-30 20:14:35.902320,157650.9,273,purchase,KOLKATA,0
89976,2024-06-10 20:45:35.985434,247919.1,53,purchase,DELHI,0
17909,2024-04-26 02:48:35.549351,109101.3,772,purchase,SURAT,0
16395,2023-12-23 00:55:35.542556,347193.0,294,cash_out,SURAT,0
37958,2024-01-10 08:51:35.667670,340755.52,399,purchase,SURAT,0
38152,2024-06-16 11:57:35.668963,155526.52,374,purchase,PUNE,0
68784,2024-03-22 06:30:35.871009,165177.38,945,purchase,PUNE,0
75014,2024-10-11 21:19:35.914504,135681.98,786,purchase,JAIPUR,0
24645,2023-12-08 14:03:35.586716,369100.05,982,purchase,JAIPUR,0
90332,2023-11-04 11:33:35.986791,278194.95,512,purchase,MUMBAI,0
13398,2023-12-25 05:51:35.529778,114223.72,711,purchase,HYDERABAD,0
23696,2024-03-08 05:51:35.582668,194912.03,68,purchase,BENGALURU,0
34045,2024-03-06 10:18:35.634127,236992.8,158,purchase,DELHI,0
60900,2024-03-04 07:47:35.832720,373752.22,273,transfer,MUMBAI,1
75172,2024-03-30 00:22:35.915375,80701.5,882,refund,MUMBAI,0
52939,2024-10-19 18:10:35.770457,2326.5,791,refund,BENGALURU,0
35413,2024-03-19 22:02:35.649971,340809.15,502,cash_out,BENGALURU,1
75280,2024-07-08 20:54:35.915880,172904.32,883,purchase,DELHI,0
23322,2024-01-10 23:20:35.573226,212889.6,574,purchase,PUNE,0
50716,2023-10-31 08:53:35.754317,274719.22,622,purchase,JAIPUR,0
44384,2024-10-17 19:05:35.714178,182802.68,562,purchase,DELHI,0
10012,2023-11-17 01:44:35.515776,410496.08,984,transfer,PUNE,0
18893,2024-09-17 11:48:35.553501,155348.33,189,purchase,CHENNAI,0
70105,2023-11-03 10:34:35.888361,200040.22,1,purchase,HYDERABAD,0
90488,2024-02-12 22:45:35.987311,202872.45,985,purchase,CHENNAI,0
90734,2024-07-31 21:26:35.988165,19722.45,140,refund,KOLKATA,0
27455,2024-01-14 23:25:35.599280,10762.12,43,refund,JAIPUR,0
83551,2024-06-21 05:25:35.952240,189602.32,575,purchase,SURAT,0
8948,2023-11-01 17:59:35.511171,323521.27,544,purchase,CHENNAI,0
86190,2024-02-26 08:15:35.962071,381409.87,388,transfer,CHENNAI,0
98729,2024-07-07 11:01:36.022150,131911.72,819,purchase,HYDERABAD,0
57769,2024-05-20 20:19:35.817175,399109.42,519,transfer,AHMEDABAD,0
78421,2024-08-17 23:49:35.931098,232545.22,1000,purchase,AHMEDABAD,0
48455,2023-11-20 05:15:35.739879,141139.35,583,purchase,MUMBAI,0
20625,2023-12-04 14:15:35.561123,351401.32,143,purchase,AHMEDABAD,0
40575,2024-01-02 23:19:35.691390,362141.18,813,cash_out,PUNE,0
81673,2024-02-21 04:21:35.945146,31501.8,556,refund,AHMEDABAD,0
82122,2024-01-02 04:13:35.946720,375486.38,516,transfer,BENGALURU,1
91422,2024-02-18 00:15:35.990721,15400.28,666,refund,SURAT,0
99676,2024-03-11 19:10:36.026281,380099.78,197,transfer,DELHI,1
9851,2024-05-11 01:35:35.515039,229836.75,747,purchase,BENGALURU,0
39668,2024-02-25 00:56:35.686426,105072.0,48,purchase,MUMBAI,0
55801,2024-02-20 11:18:35.804393,252223.95,277,purchase,HYDERABAD,0
11691,2023-11-22 20:16:35.522719,63568.72,360,refund,SURAT,0
37506,2024-08-31 02:01:35.664577,323512.2,134,cash_out,PUNE,0
95792,2024-07-15 07:16:36.009551,7286.4,764,refund,DELHI,0
40734,2024-02-12 07:39:35.692263,71428.5,583,refund,AHMEDABAD,0
7648,2024-08-15 04:10:35.505815,233172.22,91,purchase,MUMBAI,0
60414,2024-07-24 17:28:35.829761,209847.0,588,purchase,MUMBAI,0
39334,2023-11-10 04:37:35.684652,135030.22,686,purchase,KOLKATA,0
94611,2023-11-23 19:32:36.004572,190997.4,448,purchase,HYDERABAD,0
47818,2024-05-17 04:54:35.736151,113892.9,256,purchase,MUMBAI,0
15809,2024-02-14 05:18:35.540253,326559.75,700,cash_out,DELHI,1
65828,2024-04-29 16:12:35.854457,328071.15,442,purchase,SURAT,0
44630,2024-01-29 06:47:35.715795,390159.82,211,transfer,PUNE,0
54330,2024-07-07 08:33:35.794348,398411.48,182,transfer,HYDERABAD,1
40522,2024-09-16 19:11:35.691106,356088.15,594,purchase,SURAT,0
20615,2024-06-04 19:27:35.561089,161261.93,225,purchase,BENGALURU,0
86907,2024-07-07 11:13:35.964612,188992.65,246,purchase,CHENNAI,0
87236,2024-04-13 09:32:35.965838,192757.12,773,purchase,DELHI,0
57412,2024-05-10 16:38:35.814887,339135.22,609,purchase,SURAT,0
14226,2024-05-26 11:19:35.533081,286784.03,414,purchase,KOLKATA,0
39675,2024-03-16 15:12:35.686465,139542.15,986,purchase,JAIPUR,0
88069,2024-09-25 11:23:35.969104,342859.28,37,purchase,AHMEDABAD,0
1179,2023-11-15 04:25:35.468426,19530.22,303,refund,HYDERABAD,0
36359,2024-04-02 12:19:35.657419,33164.18,807,refund,MUMBAI,0
50168,2023-11-21 22:29:35.750990,7585.05,50,refund,JAIPUR,0
42030,2023-12-12 05:17:35.699513,299191.2,129,purchase,SURAT,0
48590,2023-11-09 09:24:35.740744,117107.1,382,purchase,KOLKATA,0
68026,2024-02-01 07:19:35.866200,361609.05,855,purchase,DELHI,1
49018,2024-03-10 19:12:35.743677,59600.48,876,refund,MUMBAI,0
57529,2024-01-29 07:48:35.815636,393077.02,178,transfer,SURAT,0
37761,2024-02-07 14:34:35.666355,273212.78,380,purchase,HYDERABAD,0
37944,2024-05-22 13:17:35.667582,106757.48,716,purchase,JAIPUR,0
32940,2024-03-05 05:15:35.626734,256386.08,179,purchase,AHMEDABAD,0
76581,2023-12-23 18:47:35.921604,390385.88,443,transfer,KOLKATA,0
85927,2024-01-14 13:23:35.961028,70175.32,825,refund,KOLKATA,0
53923,2024-01-30 07:18:35.791612,302657.85,645,purchase,HYDERABAD,0
73460,2023-10-29 01:24:35.906610,172139.55,239,purchase,DELHI,0
64685,2024-04-17 19:23:35.849030,203727.15,461,purchase,HYDERABAD,0
97672,2024-07-14 21:02:36.017655,152601.9,362,purchase,SURAT,0
1565,2023-12-02 19:49:35.470587,360176.85,671,purchase,KOLKATA,0
91755,2024-10-04 15:25:35.991875,33777.98,328,refund,AHMEDABAD,0
19326,2024-05-03 05:13:35.555942,182766.38,733,purchase,SURAT,0
22189,2024-03-25 04:28:35.567503,349483.2,109,cash_out,KOLKATA,0
40872,2024-04-13 19:21:35.692986,276404.7,900,purchase,KOLKATA,0
81817,2024-10-13 01:30:35.945662,376591.88,563,transfer,AHMEDABAD,0
88075,2024-06-22 15:01:35.969124,456.22,663,refund,AHMEDABAD,0
50800,2024-08-28 19:59:35.754819,387618.0,202,transfer,KOLKATA,0
70154,2024-05-17 16:07:35.888610,15622.2,987,refund,MUMBAI,0
65182,2023-11-20 05:47:35.851137,157536.22,515,purchase,JAIPUR,0
16846,2024-05-16 12:36:35.544938,95931.82,443,refund,PUNE,0
31071,2024-09-29 17:44:35.614678,120341.1,244,purchase,MUMBAI,0
68004,2024-09-25 01:41:35.866056,20491.35,767,refund,PUNE,0
13162,2024-03-21 08:16:35.528844,175307.55,316,purchase,MUMBAI,0
14655,2024-10-20 20:44:35.534885,80712.23,476,refund,PUNE,0
405,2024-09-04 07:31:35.464638,313472.78,41,purchase,SURAT,0
32245,2024-08-06 13:31:35.622667,348666.45,25,purchase,JAIPUR,0
91624,2024-03-19 16:27:35.991438,85039.35,934,refund,DELHI,0
31979,2024-09-10 03:20:35.620903,248904.98,852,purchase,HYDERABAD,0
32299,2024-05-18 16:54:35.622966,164126.33,10,purchase,JAIPUR,0
71872,2024-08-10 21:40:35.897993,139599.07,254,purchase,SURAT,0
65896,2024-02-26 17:13:35.854780,330434.78,645,purchase,AHMEDABAD,0
63730,2024-01-12 06:38:35.845352,56351.62,589,refund,HYDERABAD,0
5455,2024-01-04 18:17:35.496043,89638.72,560,refund,SURAT,0
7012,2023-12-10 05:04:35.503018,361381.35,406,cash_out,CHENNAI,0
692,2024-08-22 10:47:35.466128,369078.6,927,purchase,PUNE,0
69392,2024-03-21 15:28:35.884423,59448.68,509,refund,MUMBAI,0
28233,2024-09-01 16:55:35.602430,334817.18,164,purchase,KOLKATA,0
14593,2024-08-25 05:43:35.534616,151400.7,973,purchase,BENGALURU,0
13032,2024-09-21 19:34:35.528346,280867.95,53,purchase,AHMEDABAD,0
35975,2023-11-18 10:29:35.654895,10177.2,92,refund,DELHI,0
56499,2024-08-24 01:05:35.808849,367695.08,810,cash_out,AHMEDABAD,0
19772,2024-08-28 12:55:35.558029,300631.65,569,purchase,AHMEDABAD,0
3335,2024-08-05 21:00:35.486712,328529.03,358,purchase,SURAT,0
88796,2024-04-25 10:21:35.972225,31375.58,935,refund,BENGALURU,0
30799,2024-03-20 23:24:35.612371,88070.4,777,refund,DELHI,0
5565,2024-09-08 09:19:35.496499,138966.3,150,purchase,BENGALURU,0
51139,2024-08-12 07:56:35.756999,246688.2,368,purchase,CHENNAI,0
25663,2024-08-15 06:47:35.591251,193053.3,463,purchase,CHENNAI,0
242,2024-08-09 22:53:35.463981,88634.7,53,refund,KOLKATA,0
93107,2024-01-03 01:30:35.998142,236323.72,574,purchase,CHENNAI,0
92491,2024-06-08 07:54:35.995446,122051.33,463,purchase,SURAT,0
67167,2024-02-19 14:15:35.860594,311892.08,549,purchase,PUNE,0
11242,2024-10-15 03:53:35.520851,247450.5,892,purchase,PUNE,0
18585,2024-01-08 06:05:35.552133,54869.1,16,refund,PUNE,0
85136,2024-03-22 16:34:35.958170,273305.18,592,purchase,JAIPUR,0
49705,2024-02-13 20:21:35.748248,132905.85,178,purchase,CHENNAI,0
6059,2024-03-11 03:44:35.498818,97120.65,108,refund,JAIPUR,0
24997,2024-10-06 16:48:35.588257,150692.85,511,purchase,MUMBAI,0
14350,2023-12-29 09:22:35.533621,25457.02,356,refund,PUNE,0
25421,2024-06-01 07:05:35.590134,378689.02,822,transfer,JAIPUR,0
6760,2024-01-19 09:28:35.502033,10618.58,327,refund,SURAT,0
81649,2024-04-10 18:00:35.945067,371385.3,360,transfer,JAIPUR,0
46663,2024-05-18 13:17:35.728437,19617.68,822,refund,JAIPUR,0
73082,2023-12-29 16:50:35.904698,112953.22,862,purchase,SURAT,0
65440,2024-04-13 17:27:35.852386,328246.88,953,purchase,CHENNAI,0
22640,2024-09-05 09:54:35.570459,71708.18,1000,refund,MUMBAI,0
92106,2024-02-08 22:03:35.993656,117685.42,152,purchase,MUMBAI,0
82401,2024-08-17 19:10:35.947673,286010.18,517,purchase,HYDERABAD,0
66523,2024-04-11 13:16:35.857929,92135.18,843,refund,PUNE,0
2808,2024-08-16 19:11:35.484331,107151.82,65,purchase,BENGALURU,0
6858,2024-04-24 14:58:35.502455,265465.2,412,purchase,HYDERABAD,0
7015,2023-12-02 03:53:35.503028,390831.38,527,transfer,BENGALURU,1
60338,2024-05-19 08:27:35.829415,50721.0,204,refund,CHENNAI,0
90627,2024-10-15 02:07:35.987809,305944.65,155,purchase,AHMEDABAD,0
7970,2024-03-26 21:04:35.507117,121958.92,420,purchase,AHMEDABAD,0
65431,2024-03-09 06:52:35.852351,17777.1,901,refund,PUNE,0
28459,2023-12-02 12:56:35.603349,68461.8,506,refund,KOLKATA,0
66911,2024-07-02 07:29:35.859651,202447.58,977,purchase,AHMEDABAD,0
11853,2024-05-11 21:12:35.523392,163237.8,104,purchase,HYDERABAD,0
67124,2024-04-15 21:08:35.860400,304806.98,117,purchase,CHENNAI,0
51493,2024-07-12 18:53:35.759503,192187.05,694,purchase,KOLKATA,0
4746,2024-09-01 13:45:35.493008,170976.3,695,purchase,JAIPUR,0
94384,2023-12-31 01:31:36.003611,86770.2,259,refund,AHMEDABAD,0
69288,2024-01-19 11:29:35.883817,36554.1,243,refund,AHMEDABAD,0
63536,2024-02-04 04:46:35.844453,121288.2,836,purchase,KOLKATA,0
50872,2023-11-13 05:11:35.755259,133362.9,259,purchase,HYDERABAD,0
79781,2024-04-02 15:45:35.937695,252395.55,240,purchase,BENGALURU,0
71205,2024-08-01 16:06:35.894343,356216.02,481,purchase,AHMEDABAD,0
10865,2024-08-31 22:58:35.519377,295168.5,607,purchase,SURAT,1
26019,2024-07-28 05:52:35.593489,142273.72,360,purchase,KOLKATA,0
56293,2024-03-28 04:31:35.807540,325321.42,542,cash_out,AHMEDABAD,0
84752,2024-04-04 13:07:35.956619,106014.15,789,purchase,PUNE,0
21689,2024-06-03 11:17:35.565287,234412.2,673,purchase,PUNE,0
15967,2024-06-30 10:40:35.540814,384115.05,650,transfer,BENGALURU,1
71708,2024-02-04 22:44:35.897018,151888.28,273,purchase,BENGALURU,0
37188,2023-12-24 12:48:35.662450,163880.48,144,purchase,CHENNAI,0
41525,2024-07-14 14:12:35.696625,385930.88,376,transfer,HYDERABAD,1
23941,2023-11-10 05:14:35.583888,162558.83,237,purchase,DELHI,0
36851,2023-12-11 08:54:35.660267,401825.32,82,transfer,HYDERABAD,1
51185,2024-03-01 08:23:35.757297,178642.2,202,purchase,KOLKATA,1
57392,2024-02-11 23:51:35.814764,331899.15,478,cash_out,HYDERABAD,1
99966,2023-11-14 05:36:36.027463,286182.6,437,purchase,AHMEDABAD,0
28663,2024-01-20 09:39:35.604204,251787.52,774,purchase,JAIPUR,0
35759,2024-09-24 12:42:35.652268,6226.28,773,refund,AHMEDABAD,0
70862,2024-08-17 02:09:35.892313,225350.4,249,purchase,AHMEDABAD,0
95948,2023-12-01 17:06:36.010241,408010.35,499,transfer,JAIPUR,0
92693,2024-02-03 23:20:35.996298,209895.68,470,purchase,DELHI,0
73358,2024-03-25 09:08:35.906150,355278.0,46,purchase,KOLKATA,0
31401,2024-02-01 09:35:35.617085,329576.77,458,purchase,KOLKATA,0
76217,2024-08-18 21:38:35.920192,29930.18,547,refund,MUMBAI,0
19457,2023-10-26 22:04:35.556525,273578.25,668,purchase,HYDERABAD,0
16748,2024-05-07 12:24:35.544590,81039.75,41,refund,MUMBAI,0
30163,2024-04-09 21:17:35.610063,209918.78,635,purchase,PUNE,0
79381,2024-02-21 07:53:35.935871,120996.98,742,purchase,SURAT,0
21281,2024-08-23 21:39:35.563603,146626.42,147,purchase,MUMBAI,0
69139,2024-09-12 04:37:35.882965,103831.2,57,purchase,PUNE,0
23004,2024-04-18 00:59:35.572126,116956.13,148,purchase,HYDERABAD,0
86379,2024-04-29 19:07:35.962737,333941.03,30,purchase,MUMBAI,1
93298,2023-12-04 07:10:35.998876,264136.95,61,purchase,SURAT,0
45600,2024-03-14 15:24:35.721659,298337.32,770,purchase,DELHI,0
40348,2023-10-25 16:54:35.690174,201337.12,510,purchase,CHENNAI,0
54351,2024-10-21 08:58:35.794480,47463.9,277,refund,DELHI,0
75802,2024-07-02 00:06:35.918346,365602.05,555,cash_out,HYDERABAD,1
91481,2024-04-03 07:52:35.990919,10194.52,200,refund,BENGALURU,0
88701,2024-03-19 23:36:35.971889,312006.75,884,cash_out,BENGALURU,0
55036,2023-11-12 19:53:35.798901,260443.42,637,purchase,PUNE,0
34847,2024-08-14 08:55:35.646055,143960.02,252,purchase,PUNE,0
11065,2023-12-08 08:57:35.520166,108489.98,503,purchase,CHENNAI,0
62217,2023-11-15 02:49:35.839231,232122.0,291,purchase,HYDERABAD,0
78377,2024-10-12 08:10:35.930836,116780.4,333,purchase,PUNE,0
72841,2024-09-11 00:25:35.903412,194554.8,869,purchase,JAIPUR,0
20263,2024-09-15 22:51:35.559873,360952.35,445,cash_out,JAIPUR,0
41761,2023-12-31 00:41:35.697964,306159.15,444,purchase,CHENNAI,0
60688,2024-09-16 07:32:35.831377,221107.42,199,purchase,JAIPUR,0
33200,2023-11-25 06:47:35.628459,340684.58,779,purchase,CHENNAI,0
36723,2024-08-24 07:28:35.659517,147541.35,290,purchase,BENGALURU,0
27049,2024-07-13 23:18:35.597717,350986.35,830,cash_out,JAIPUR,0
621,2024-04-09 23:40:35.465887,387630.38,633,transfer,HYDERABAD,1
12801,2024-08-18 05:18:35.527426,308563.2,101,purchase,BENGALURU,0
39644,2024-04-06 17:59:35.686288,391804.05,132,transfer,CHENNAI,0
73857,2024-06-22 19:46:35.908608,152239.72,250,purchase,PUNE,0
38023,2024-04-07 22:31:35.668106,65304.52,438,refund,DELHI,0
10029,2023-11-26 08:58:35.515847,77360.25,176,refund,DELHI,1
18236,2024-08-22 23:03:35.550718,126645.75,859,purchase,MUMBAI,0
95652,2024-07-31 03:36:36.008974,361068.68,105,cash_out,CHENNAI,0
58082,2024-03-09 20:35:35.820592,223216.12,948,purchase,AHMEDABAD,0
59138,2023-11-02 22:37:35.824639,197874.6,71,purchase,HYDERABAD,0
56678,2024-02-02 22:12:35.810090,398833.88,637,transfer,KOLKATA,0
85504,2024-05-22 15:21:35.959475,28157.25,931,refund,HYDERABAD,0
65744,2024-08-29 15:29:35.854059,262036.5,899,purchase,SURAT,0
12755,2024-02-02 06:10:35.527213,313920.75,136,purchase,BENGALURU,1
39309,2023-11-26 04:40:35.684522,11672.1,972,refund,AHMEDABAD,0
77951,2024-09-05 03:26:35.928583,320728.65,791,cash_out,MUMBAI,1
24748,2024-06-01 10:08:35.587147,295962.97,336,purchase,MUMBAI,0
99284,2024-07-18 22:18:36.024500,146562.9,165,purchase,SURAT,0
73479,2024-01-10 10:49:35.906673,178260.22,409,purchase,KOLKATA,0
4194,2023-12-20 12:46:35.490588,243732.22,373,purchase,HYDERABAD,0
42155,2023-11-07 23:26:35.700256,394666.8,11,transfer,JAIPUR,0
26370,2024-05-13 05:09:35.594914,365885.85,664,cash_out,BENGALURU,1
50310,2024-07-13 14:02:35.751857,122005.95,232,purchase,AHMEDABAD,0
68262,2024-09-07 03:02:35.867666,184689.45,150,purchase,SURAT,0
3648,2023-12-23 19:46:35.488093,170109.22,286,purchase,BENGALURU,0
87578,2024-07-25 12:57:35.967096,209644.05,285,purchase,HYDERABAD,0
17533,2024-08-09 19:43:35.547931,394174.28,920,transfer,DELHI,1
14864,2024-08-19 20:36:35.535753,92110.42,140,refund,PUNE,0
14138,2024-10-17 10:58:35.532732,384043.28,193,transfer,SURAT,0
5466,2023-12-13 03:47:35.496080,309462.45,81,cash_out,MUMBAI,0
43665,2024-06-22 23:47:35.709835,15407.7,110,refund,BENGALURU,0
44237,2023-10-26 09:41:35.713402,195127.35,493,purchase,JAIPUR,0
79818,2023-12-19 13:44:35.937922,396538.72,946,transfer,AHMEDABAD,1
12949,2024-05-18 07:05:35.528023,37917.83,205,refund,SURAT,0
60932,2024-08-27 13:34:35.832923,51913.95,511,refund,KOLKATA,0
87944,2024-06-19 10:11:35.968637,286518.38,166,purchase,CHENNAI,0
2810,2023-11-20 01:44:35.484338,299379.3,697,purchase,PUNE,0
12924,2024-02-01 12:41:35.527932,323954.4,192,purchase,AHMEDABAD,0
65972,2023-12-27 20:07:35.855126,151065.75,643,purchase,DELHI,0
72718,2024-01-30 16:37:35.902760,258871.8,971,purchase,HYDERABAD,0
14363,2024-05-15 17:15:35.533685,22823.62,188,refund,SURAT,0
6031,2024-05-10 10:13:35.498702,356386.8,559,purchase,AHMEDABAD,0
58059,2023-11-10 16:24:35.820436,22465.58,416,refund,AHMEDABAD,0
23921,2024-08-08 17:26:35.583808,347019.75,877,purchase,BENGALURU,1
46292,2024-04-26 20:14:35.726213,308694.38,28,purchase,AHMEDABAD,0
91667,2024-08-21 07:27:35.991582,94949.25,369,refund,BENGALURU,0
36190,2024-04-19 16:54:35.656314,87657.08,757,refund,AHMEDABAD,0
40859,2024-08-14 03:04:35.692914,397546.88,76,transfer,KOLKATA,0
13209,2023-11-01 02:20:35.529053,98430.75,209,refund,PUNE,0
97547,2024-01-09 08:16:36.017072,46859.18,217,refund,KOLKATA,0
74202,2024-10-15 03:39:35.910516,196655.25,66,purchase,HYDERABAD,0
74409,2024-05-08 21:16:35.911602,239558.55,344,purchase,SURAT,0
88915,2024-05-07 21:42:35.972718,63900.37,399,refund,AHMEDABAD,0
50623,2024-08-03 11:52:35.753767,323957.7,945,purchase,PUNE,0
50406,2024-08-25 11:55:35.752374,164954.62,27,purchase,MUMBAI,0
52499,2024-05-30 02:15:35.766167,141995.7,713,purchase,DELHI,0
40838,2024-07-26 13:56:35.692804,119401.42,194,purchase,PUNE,0
91586,2024-02-24 23:23:35.991312,171113.25,369,purchase,CHENNAI,0
62400,2024-01-20 00:03:35.839866,5561.32,440,refund,DELHI,0
34231,2024-08-17 20:45:35.635361,82608.9,378,refund,AHMEDABAD,0
68334,2024-04-19 12:05:35.868103,279747.6,801,purchase,DELHI,0
94073,2024-05-30 09:12:36.002192,210984.68,443,purchase,MUMBAI,0
10942,2024-01-22 11:08:35.519689,163892.85,247,purchase,SURAT,0
67098,2024-04-26 01:50:35.860296,93672.15,801,refund,SURAT,0
78944,2024-01-20 06:49:35.933317,89447.32,701,refund,BENGALURU,0
49608,2023-11-13 20:21:35.747601,380566.72,684,transfer,DELHI,1
32641,2024-09-01 18:10:35.624915,310841.85,79,purchase,JAIPUR,0
6544,2024-01-29 00:39:35.501011,133982.48,975,purchase,PUNE,0
32789,2023-12-16 02:49:35.625810,157499.1,10,purchase,SURAT,0
89952,2023-11-13 10:18:35.985352,262159.42,932,purchase,JAIPUR,0
65141,2024-08-27 21:21:35.850998,283633.35,378,purchase,BENGALURU,0
27584,2023-11-14 02:46:35.599767,254254.28,937,purchase,JAIPUR,0
60371,2023-12-13 02:57:35.829525,395373.0,998,transfer,SURAT,1
5180,2024-06-25 09:57:35.494943,21408.75,431,refund,PUNE,0
43111,2024-08-12 07:48:35.706287,329117.25,171,purchase,PUNE,0
88936,2024-03-07 23:44:35.972788,175426.35,510,purchase,DELHI,0
74783,2024-04-05 02:53:35.913298,277669.42,598,purchase,MUMBAI,1
54075,2024-09-14 10:54:35.792601,92761.35,861,refund,SURAT,0
73632,2024-07-25 05:35:35.907471,288462.9,72,purchase,PUNE,0
5936,2024-01-27 17:14:35.498285,158276.25,972,purchase,JAIPUR,0
46725,2024-02-10 15:55:35.728855,71666.92,2,refund,JAIPUR,0
57775,2024-04-11 03:44:35.817213,252734.62,603,purchase,AHMEDABAD,0
79747,2024-03-26 09:14:35.937442,237659.4,700,purchase,KOLKATA,0
56604,2024-04-20 16:48:35.809618,81840.82,161,refund,AHMEDABAD,0
25852,2023-12-22 16:45:35.592434,239603.92,699,purchase,DELHI,0
119,2024-06-13 20:41:35.463477,233272.88,714,purchase,SURAT,0
80497,2024-03-14 19:47:35.940709,395217.9,996,transfer,PUNE,0
12046,2024-01-02 15:19:35.524251,6557.92,421,refund,BENGALURU,0
70601,2024-10-04 23:20:35.890951,119331.3,1000,purchase,BENGALURU,0
67854,2024-07-02 05:01:35.865003,351412.88,121,cash_out,PUNE,0
23202,2023-12-09 06:49:35.572813,87231.37,48,refund,MUMBAI,0
16871,2024-05-18 19:07:35.545032,261939.15,325,purchase,SURAT,0
81552,2024-03-28 04:22:35.944728,60050.1,411,refund,AHMEDABAD,0
61159,2024-06-27 15:50:35.834328,129455.7,642,purchase,JAIPUR,0
51019,2023-12-16 02:51:35.756212,61338.75,798,refund,BENGALURU,0
21549,2024-05-08 20:01:35.564816,230274.82,709,purchase,BENGALURU,0
13155,2024-02-14 22:39:35.528821,172923.3,152,purchase,KOLKATA,0
15981,2024-04-06 05:18:35.540870,263875.42,75,purchase,AHMEDABAD,0
30105,2023-10-23 13:02:35.609857,204275.78,500,purchase,DELHI,0
86673,2024-06-26 21:58:35.963754,265740.75,909,purchase,CHENNAI,0
40679,2024-07-04 02:01:35.691963,404342.4,913,transfer,BENGALURU,1
83674,2024-08-04 20:25:35.952708,175261.35,851,purchase,AHMEDABAD,0
49684,2024-08-12 18:32:35.748108,323970.9,45,purchase,DELHI,1
10835,2024-03-16 08:44:35.519258,144247.95,679,purchase,KOLKATA,0
27899,2024-05-13 21:29:35.601114,321734.32,838,purchase,CHENNAI,0
96402,2024-06-05 20:09:36.012168,40680.75,380,refund,BENGALURU,0
67396,2024-08-03 23:27:35.861374,247901.78,989,purchase,PUNE,0
24836,2024-03-05 23:41:35.587489,386363.18,582,transfer,BENGALURU,1
91491,2024-09-12 23:42:35.990952,231551.92,530,purchase,HYDERABAD,0
15925,2023-12-13 08:23:35.540661,323989.88,394,purchase,DELHI,1
27478,2024-07-17 04:58:35.599358,232275.45,955,purchase,BENGALURU,0
56627,2024-01-23 16:51:35.809760,33519.75,593,refund,SURAT,0
27491,2024-07-03 06:53:35.599401,269136.45,884,purchase,HYDERABAD,0
94561,2024-08-28 14:26:36.004347,307843.8,160,purchase,KOLKATA,0
81040,2024-10-01 04:53:35.942831,341026.95,407,cash_out,PUNE,0
60564,2024-06-21 03:02:35.830621,113180.92,129,purchase,JAIPUR,0
30284,2023-12-22 10:13:35.610481,308264.55,316,purchase,BENGALURU,0
3502,2024-05-11 23:13:35.487428,158456.93,686,purchase,DELHI,0
29392,2024-09-09 05:00:35.607023,354792.9,536,cash_out,BENGALURU,1
4503,2024-04-22 12:29:35.491951,303033.23,902,purchase,CHENNAI,0
95274,2023-12-25 09:10:36.007376,218600.25,34,purchase,AHMEDABAD,0
78576,2023-12-08 03:27:35.931768,162193.35,581,purchase,HYDERABAD,0
6664,2023-12-26 12:35:35.501542,78725.62,287,refund,CHENNAI,0
32861,2024-03-30 17:25:35.626267,277997.78,436,purchase,AHMEDABAD,0
52494,2024-03-05 08:35:35.766135,391956.68,688,transfer,BENGALURU,1
83509,2024-01-07 17:43:35.952100,47696.55,687,refund,JAIPUR,0
96768,2024-02-29 05:59:36.013749,215150.1,176,purchase,PUNE,0
78680,2024-08-20 15:00:35.932164,36125.1,228,refund,PUNE,0
97751,2024-02-07 13:22:36.018027,122206.42,740,purchase,CHENNAI,0
11504,2024-05-26 15:02:35.521932,43955.18,403,refund,PUNE,0
20207,2024-01-23 12:06:35.559686,353995.95,378,purchase,HYDERABAD,1
86376,2023-11-29 17:36:35.962720,365988.98,245,purchase,JAIPUR,0
19052,2023-11-29 11:47:35.554453,195524.18,30,purchase,MUMBAI,0
70075,2024-08-05 02:16:35.888199,42721.8,697,refund,HYDERABAD,0
699,2024-03-07 06:20:35.466151,195673.5,650,purchase,DELHI,0
87926,2024-09-08 17:20:35.968578,176504.62,260,purchase,PUNE,0
91872,2024-06-11 16:21:35.992446,194244.6,449,purchase,AHMEDABAD,0
31110,2023-12-29 02:54:35.614943,376731.3,109,transfer,DELHI,1
94364,2024-05-12 00:42:36.003540,15996.75,739,refund,BENGALURU,0
80008,2024-02-07 22:18:35.938785,271520.7,484,purchase,JAIPUR,0
92416,2024-06-15 23:24:35.995137,346029.75,300,cash_out,CHENNAI,0
7142,2024-05-17 20:45:35.503613,53558.18,747,refund,SURAT,0
72958,2024-01-04 06:24:35.904034,172536.38,618,purchase,JAIPUR,0
61795,2024-08-21 06:21:35.837816,101781.08,856,refund,SURAT,0
68452,2024-01-06 00:08:35.868911,403502.55,81,transfer,KOLKATA,0
10999,2024-09-20 15:53:35.519907,135281.02,892,purchase,AHMEDABAD,0
42428,2024-05-15 13:00:35.702030,363479.32,211,purchase,CHENNAI,0
96314,2024-07-24 22:55:36.011777,323725.05,163,cash_out,PUNE,0
81511,2024-07-20 15:50:35.944585,384630.68,477,transfer,PUNE,0
79401,2023-12-26 07:39:35.935956,336571.95,832,purchase,KOLKATA,0
14157,2024-08-02 21:28:35.532795,63751.88,789,refund,JAIPUR,0
7193,2024-09-29 00:19:35.503794,409309.72,175,transfer,MUMBAI,1
43629,2024-08-20 08:48:35.709601,33796.95,303,refund,MUMBAI,0
60204,2024-02-19 05:44:35.828961,93931.2,923,refund,DELHI,0
7441,2024-05-22 03:51:35.504842,313254.15,17,cash_out,JAIPUR,0
77198,2024-03-10 01:17:35.924651,274783.58,459,purchase,BENGALURU,0
73995,2024-09-16 18:36:35.909362,278343.45,269,purchase,AHMEDABAD,0
59081,2023-12-07 12:37:35.824449,120183.52,290,purchase,PUNE,0
864,2023-11-26 20:18:35.466899,143841.22,776,purchase,KOLKATA,0
2303,2024-05-16 07:30:35.473505,257302.65,8,purchase,KOLKATA,0
27984,2023-11-09 04:39:35.601407,233163.98,864,purchase,CHENNAI,0
27507,2024-09-01 12:29:35.599454,230883.68,915,purchase,BENGALURU,0
22201,2024-06-25 11:20:35.567579,80795.55,808,refund,KOLKATA,0
29394,2023-12-11 16:29:35.607029,264726.82,202,purchase,MUMBAI,0
52958,2024-08-29 14:19:35.770530,113307.98,782,purchase,BENGALURU,0
87215,2024-04-25 20:49:35.965767,15818.55,267,refund,PUNE,0
62041,2024-03-08 13:24:35.838635,323767.95,547,purchase,JAIPUR,0
72201,2024-10-04 02:57:35.899784,339056.85,227,cash_out,JAIPUR,0
64974,2024-03-21 09:26:35.850281,13273.42,771,refund,DELHI,0
26510,2024-01-06 16:28:35.595555,352527.45,716,purchase,SURAT,0
29455,2024-08-29 09:09:35.607370,48940.65,624,refund,AHMEDABAD,0
23663,2024-09-03 03:40:35.582527,376585.28,787,transfer,SURAT,0
67343,2024-06-30 02:11:35.861187,179445.75,100,purchase,SURAT,0
16130,2024-09-26 05:25:35.541460,268214.92,252,purchase,DELHI,0
82135,2024-07-08 03:27:35.946764,181660.87,680,purchase,MUMBAI,0
92980,2024-06-08 02:15:35.997491,271949.7,850,purchase,DELHI,0
91717,2024-07-01 06:56:35.991749,403771.5,916,transfer,DELHI,1
26640,2023-12-06 04:42:35.596023,348987.37,645,cash_out,BENGALURU,1
21497,2023-11-06 18:42:35.564626,22949.02,441,refund,SURAT,0
23564,2024-09-07 10:44:35.582162,223389.38,556,purchase,JAIPUR,0
73426,2023-11-12 09:58:35.906496,220072.88,121,purchase,KOLKATA,0
82236,2024-02-15 09:29:35.947117,104368.28,329,purchase,BENGALURU,0
23940,2024-08-30 14:56:35.583885,152258.7,875,purchase,JAIPUR,0
18138,2024-04-06 02:25:35.550341,156600.68,700,purchase,HYDERABAD,0
92393,2023-11-05 08:34:35.995052,81674.18,137,refund,PUNE,0
40952,2024-03-30 06:29:35.693419,334787.48,620,purchase,CHENNAI,0
30899,2024-09-11 14:22:35.613481,358361.85,478,purchase,KOLKATA,0
52896,2024-05-18 23:29:35.770282,83000.78,573,refund,JAIPUR,0
45640,2024-03-26 06:14:35.721899,97857.38,588,refund,SURAT,0
89332,2024-10-16 19:28:35.982811,368581.95,713,purchase,PUNE,0
19058,2024-01-31 08:54:35.554497,398038.58,41,transfer,HYDERABAD,1
70791,2024-05-22 13:11:35.891948,438.08,130,refund,DELHI,0
96708,2024-06-25 02:33:36.013397,22811.25,780,refund,JAIPUR,0
701,2024-04-08 17:26:35.466157,383233.95,509,transfer,BENGALURU,1
59062,2024-05-30 08:13:35.824385,338650.95,322,purchase,JAIPUR,0
8991,2024-05-16 12:09:35.511334,99554.4,539,refund,BENGALURU,0
89556,2024-09-10 19:31:35.983952,361348.35,313,purchase,JAIPUR,0
23694,2023-12-30 05:18:35.582662,196946.48,615,purchase,AHMEDABAD,0
80177,2023-11-28 21:04:35.939515,186369.98,32,purchase,DELHI,0
88011,2024-02-21 11:05:35.968874,177411.3,556,purchase,DELHI,0
33330,2024-03-08 10:36:35.629315,212929.2,529,purchase,JAIPUR,0
31651,2024-07-08 19:36:35.618726,254981.92,511,purchase,KOLKATA,0
3652,2024-08-25 16:30:35.488117,82176.6,499,refund,KOLKATA,0
51587,2024-05-09 15:39:35.760135,52330.58,672,refund,PUNE,0
60588,2024-09-10 15:17:35.830769,192438.68,290,purchase,BENGALURU,0
78360,2024-05-16 06:15:35.930726,327710.62,827,purchase,HYDERABAD,1
50357,2023-12-26 15:41:35.752097,124249.95,649,purchase,DELHI,0
41571,2024-04-01 11:03:35.696881,14850.82,914,refund,SURAT,0
3027,2023-10-23 07:57:35.485281,66363.0,198,refund,JAIPUR,0
41936,2024-09-25 04:16:35.698974,150318.3,78,purchase,HYDERABAD,0
77836,2024-08-29 04:21:35.928019,388851.38,648,transfer,KOLKATA,0
6385,2024-10-06 23:58:35.500307,99738.38,485,refund,HYDERABAD,0
81607,2024-01-26 18:56:35.944927,147024.9,450,purchase,SURAT,0
75256,2024-09-30 14:41:35.915743,175514.62,66,purchase,SURAT,0
74910,2024-01-13 18:23:35.913957,184156.5,12,purchase,KOLKATA,0
55638,2024-02-06 07:53:35.803352,149335.72,100,purchase,CHENNAI,0
59757,2023-11-13 12:56:35.827426,366065.7,767,purchase,SURAT,0
35319,2024-07-16 19:56:35.649175,150482.48,757,purchase,CHENNAI,0
93049,2024-09-02 04:01:35.997859,298962.68,386,purchase,JAIPUR,0
53185,2024-01-07 03:54:35.786750,250895.7,567,purchase,CHENNAI,0
9213,2024-03-30 01:55:35.512257,322784.55,79,cash_out,JAIPUR,0
39250,2024-07-30 09:49:35.684221,157561.8,912,purchase,HYDERABAD,0
72070,2024-10-14 02:54:35.899059,6402.82,676,refund,MUMBAI,0
44081,2023-11-19 10:52:35.712506,78054.08,923,refund,HYDERABAD,0
99880,2024-09-25 18:00:36.027142,2420.55,302,refund,HYDERABAD,0
31929,2024-08-22 21:24:35.620578,378100.8,123,transfer,PUNE,0
77803,2023-12-07 23:32:35.927878,259177.88,607,purchase,KOLKATA,0
23378,2024-04-18 03:09:35.573418,269633.92,956,purchase,SURAT,0
71608,2024-09-20 14:45:35.896489,221847.45,857,purchase,MUMBAI,0
18966,2024-03-02 07:54:35.553890,218818.88,496,purchase,HYDERABAD,0
4136,2024-08-05 12:43:35.490310,353232.82,918,purchase,JAIPUR,0
44521,2023-11-23 14:48:35.715083,398840.48,501,transfer,DELHI,1
67426,2023-10-25 05:11:35.861489,329009.18,435,cash_out,DELHI,0
28774,2024-05-23 14:15:35.604600,13586.1,19,refund,JAIPUR,0
91532,2024-03-08 21:43:35.991131,238009.2,136,purchase,MUMBAI,0
3807,2024-10-04 13:48:35.488852,237087.68,63,purchase,JAIPUR,1
18639,2024-07-26 23:45:35.552392,33401.78,607,refund,DELHI,0
13704,2024-08-19 15:12:35.530998,4778.4,694,refund,AHMEDABAD,0
65618,2024-09-14 14:16:35.853316,320244.38,867,purchase,AHMEDABAD,0
90945,2023-12-29 08:43:35.989018,28029.38,715,refund,MUMBAI,0
60680,2024-04-14 00:10:35.831326,246815.25,632,purchase,SURAT,0
97442,2024-10-18 11:51:36.016625,182873.62,564,purchase,KOLKATA,0
38021,2024-07-10 16:26:35.668092,219869.1,236,purchase,JAIPUR,0
29532,2024-04-11 06:07:35.607708,171643.72,859,purchase,JAIPUR,0
67076,2023-10-22 16:03:35.860223,79030.05,211,refund,SURAT,0
97874,2024-10-04 09:42:36.018578,104100.15,118,purchase,CHENNAI,0
32542,2023-10-26 00:58:35.624341,219380.7,485,purchase,AHMEDABAD,0
71087,2024-09-29 11:52:35.893668,15433.28,52,refund,CHENNAI,0
94019,2024-07-27 04:26:36.001928,198501.6,867,purchase,MUMBAI,0
4891,2023-11-30 14:34:35.493745,49599.82,363,refund,JAIPUR,0
4243,2024-07-15 18:43:35.490845,91952.02,156,refund,PUNE,0
416,2023-11-08 21:18:35.464676,388384.42,595,transfer,KOLKATA,0
66467,2023-11-04 00:23:35.857543,130932.45,865,purchase,MUMBAI,0
90725,2023-11-11 07:04:35.988135,5033.32,421,refund,AHMEDABAD,0
41871,2024-10-02 19:31:35.698600,337322.7,29,purchase,MUMBAI,0
10792,2024-05-29 18:36:35.519075,381899.92,352,transfer,KOLKATA,0
32713,2023-12-11 23:50:35.625345,205319.4,990,purchase,PUNE,0
61140,2023-12-24 10:35:35.834226,260643.9,337,purchase,MUMBAI,0
14449,2023-11-22 21:20:35.534007,174099.75,489,purchase,HYDERABAD,0
4831,2024-05-14 04:56:35.493445,391034.32,868,transfer,BENGALURU,1
17665,2024-01-11 00:45:35.548413,72171.0,46,refund,AHMEDABAD,0
46393,2024-04-11 14:22:35.726778,111426.98,632,purchase,DELHI,0
43798,2024-06-12 15:04:35.710694,248386.05,385,purchase,BENGALURU,0
86537,2024-02-14 11:45:35.963283,269170.28,892,purchase,AHMEDABAD,0
12833,2024-07-19 04:37:35.527564,304155.22,434,purchase,BENGALURU,1
8497,2024-03-25 06:13:35.509296,189792.9,164,purchase,CHENNAI,0
37771,2024-04-12 09:58:35.666423,130491.08,414,purchase,CHENNAI,0
4560,2024-05-02 01:44:35.492191,173638.58,810,purchase,PUNE,0
62971,2024-03-03 22:45:35.842258,305968.58,36,purchase,DELHI,0
54671,2024-05-06 08:39:35.796530,398651.55,394,transfer,JAIPUR,0
88316,2024-06-26 15:50:35.970473,162136.42,834,purchase,AHMEDABAD,0
53934,2024-02-17 10:10:35.791684,173351.48,377,purchase,AHMEDABAD,0
85798,2023-11-10 09:55:35.960496,336839.25,616,purchase,BENGALURU,1
25514,2024-08-31 23:24:35.590512,356831.48,253,cash_out,MUMBAI,1
79864,2024-02-05 12:26:35.938196,316460.1,546,purchase,KOLKATA,0
27367,2024-06-28 23:52:35.598948,5823.68,699,refund,PUNE,0
7799,2024-06-20 06:10:35.506404,86994.6,284,refund,KOLKATA,0
28248,2024-05-12 23:54:35.602481,100212.75,165,refund,HYDERABAD,0
93908,2024-04-08 00:12:36.001471,162912.75,260,purchase,HYDERABAD,0
15586,2023-10-30 14:07:35.539171,100723.42,441,refund,CHENNAI,0
64123,2024-09-08 21:48:35.846956,50862.9,443,refund,HYDERABAD,0
69830,2024-01-05 07:39:35.886905,292430.32,562,purchase,CHENNAI,0
76479,2024-06-06 14:19:35.921175,367247.1,353,purchase,SURAT,0
36257,2024-07-25 03:05:35.656748,133169.85,809,purchase,DELHI,0
22372,2024-09-22 03:24:35.568697,246553.72,569,purchase,AHMEDABAD,0
36006,2024-07-26 15:11:35.655099,351959.85,371,purchase,CHENNAI,0
9697,2024-07-14 09:05:35.514400,33398.48,567,refund,HYDERABAD,0
91789,2024-07-17 03:24:35.991989,244293.22,521,purchase,HYDERABAD,0
94915,2024-02-23 10:11:36.005877,337524.0,366,purchase,AHMEDABAD,0
67432,2024-09-20 12:34:35.861509,263934.0,204,purchase,HYDERABAD,0
42559,2023-12-23 23:58:35.702830,25060.2,522,refund,JAIPUR,0
55701,2024-01-15 02:59:35.803761,252982.95,553,purchase,KOLKATA,0
90919,2023-12-15 21:30:35.988788,250557.45,337,purchase,MUMBAI,0
33187,2024-04-13 03:41:35.628374,221138.78,28,purchase,PUNE,0
16554,2024-05-27 11:32:35.543665,118287.68,782,purchase,MUMBAI,0
6015,2024-05-16 20:21:35.498632,132165.0,994,purchase,BENGALURU,0
23314,2024-06-20 20:13:35.573200,151993.05,709,purchase,HYDERABAD,0
39327,2023-12-19 21:52:35.684614,202348.58,410,purchase,HYDERABAD,0
44645,2023-11-04 13:05:35.715893,118216.72,121,purchase,JAIPUR,0
21422,2024-07-06 04:03:35.564317,123204.68,280,purchase,HYDERABAD,0
65902,2024-04-21 15:15:35.854800,111195.15,342,purchase,KOLKATA,0
78165,2024-06-26 08:17:35.929766,77733.15,528,refund,BENGALURU,0
8544,2024-09-01 16:12:35.509475,376608.38,999,transfer,AHMEDABAD,0
13597,2023-12-24 18:54:35.530585,180867.22,964,purchase,KOLKATA,0
15348,2024-03-25 04:58:35.538099,402727.05,59,transfer,AHMEDABAD,0
43099,2023-11-10 04:40:35.706210,34252.35,155,refund,KOLKATA,0
88341,2024-09-15 17:21:35.970556,269883.08,920,purchase,KOLKATA,0
74519,2023-10-31 12:17:35.912231,13169.48,191,refund,SURAT,0
54360,2023-11-17 18:39:35.794537,161491.28,123,purchase,CHENNAI,0
58937,2023-10-27 09:50:35.823968,328693.2,184,purchase,SURAT,0
31074,2024-05-01 11:17:35.614697,111286.72,27,purchase,DELHI,0
89984,2024-03-12 21:39:35.985460,10737.38,793,refund,DELHI,0
35514,2024-07-17 19:00:35.650645,314322.52,141,purchase,DELHI,0
4593,2024-09-08 00:22:35.492346,155788.88,148,purchase,HYDERABAD,0
49174,2024-06-07 13:24:35.744675,250290.15,845,purchase,KOLKATA,0
6645,2023-12-21 14:46:35.501471,224503.12,654,purchase,MUMBAI,0
74341,2024-02-28 13:03:35.911250,151299.22,925,purchase,PUNE,0
1572,2023-12-20 01:59:35.470611,299460.97,875,purchase,DELHI,0
321,2024-05-07 06:47:35.464292,243810.6,340,purchase,DELHI,0
48355,2023-10-30 18:36:35.739278,225010.5,670,purchase,AHMEDABAD,0
8925,2024-01-08 05:53:35.511080,96373.2,696,refund,JAIPUR,0
93761,2024-10-09 22:41:36.000789,271214.62,803,purchase,BENGALURU,0
59533,2024-10-19 23:53:35.826362,157224.38,777,purchase,CHENNAI,0
3086,2024-08-17 01:09:35.485532,175207.72,328,purchase,SURAT,0
57820,2024-02-14 14:28:35.817505,132975.98,715,purchase,HYDERABAD,0
85351,2024-10-09 14:01:35.958945,209088.82,336,purchase,SURAT,0
23200,2024-06-23 22:59:35.572806,252172.8,111,purchase,KOLKATA,0
42139,2024-04-27 22:35:35.700155,47780.7,290,refund,DELHI,0
52676,2024-07-29 18:19:35.767334,282823.2,718,purchase,DELHI,0
27918,2024-10-16 22:46:35.601187,332403.23,707,cash_out,JAIPUR,0
98394,2023-11-05 02:54:36.020767,140303.62,777,purchase,HYDERABAD,0
61113,2024-09-12 03:45:35.834067,126540.15,958,purchase,SURAT,0
55046,2023-11-18 06:45:35.798968,246484.42,757,purchase,DELHI,0
96520,2024-06-21 10:35:36.012615,326865.82,280,purchase,JAIPUR,0
44547,2024-06-10 06:16:35.715254,110602.8,303,purchase,JAIPUR,0
9774,2024-09-16 01:28:35.514693,94710.82,94,refund,KOLKATA,0
10484,2024-10-03 19:02:35.517781,112975.5,380,purchase,JAIPUR,0
77327,2024-08-13 21:58:35.925429,401723.85,317,transfer,JAIPUR,0
1325,2024-04-22 00:24:35.469422,223371.22,15,purchase,JAIPUR,0
46381,2024-04-19 19:29:35.726738,81982.73,12,refund,JAIPUR,0
4724,2024-06-04 21:48:35.492919,55738.65,809,refund,MUMBAI,0
24324,2024-10-02 21:42:35.585265,295228.73,649,purchase,AHMEDABAD,0
44922,2024-02-11 11:13:35.717693,221661.0,163,purchase,KOLKATA,0
19486,2024-09-03 16:48:35.556623,353067.82,573,purchase,HYDERABAD,1
40531,2023-12-30 15:25:35.691153,170989.5,103,purchase,CHENNAI,0
49254,2024-09-27 04:48:35.745212,359568.82,203,cash_out,HYDERABAD,1
6403,2023-11-22 06:44:35.500377,217293.45,832,purchase,DELHI,0
88739,2024-08-17 07:25:35.972022,104822.85,319,purchase,SURAT,0
11204,2024-10-15 06:35:35.520723,251728.12,154,purchase,JAIPUR,0
45349,2024-05-06 14:52:35.720175,303545.55,253,purchase,CHENNAI,0
65254,2024-07-25 02:07:35.851443,312598.28,498,cash_out,BENGALURU,1
92897,2024-07-20 14:01:35.997200,349132.58,562,purchase,JAIPUR,0
85858,2024-07-05 16:31:35.960722,259365.15,55,purchase,CHENNAI,0
62502,2024-03-10 21:11:35.840223,229315.35,326,purchase,MUMBAI,0
37639,2024-04-18 01:27:35.665466,155355.75,486,purchase,AHMEDABAD,0
83375,2024-06-09 01:38:35.951632,56971.2,278,refund,DELHI,0
19031,2023-12-13 19:29:35.554312,203106.75,987,purchase,PUNE,0
11419,2024-03-22 06:22:35.521589,41021.48,405,refund,AHMEDABAD,0
26568,2024-02-07 02:27:35.595778,275039.32,787,purchase,DELHI,0
80459,2024-07-18 10:53:35.940581,243268.58,863,purchase,SURAT,0
44560,2024-04-06 21:01:35.715338,330416.62,747,purchase,SURAT,0
26801,2024-07-27 16:11:35.596792,215202.9,24,purchase,KOLKATA,0
47464,2023-10-21 21:52:35.733808,110679.52,532,purchase,MUMBAI,0
17087,2024-06-29 13:54:35.546016,357327.3,835,purchase,AHMEDABAD,0
70177,2024-04-14 23:45:35.888740,33030.52,24,refund,BENGALURU,0
45413,2023-11-22 03:12:35.720535,316404.82,338,cash_out,PUNE,0
63250,2024-06-08 04:24:35.843413,233797.58,229,purchase,DELHI,0
72296,2023-10-21 12:20:35.900283,159527.78,112,purchase,AHMEDABAD,0
46679,2024-08-22 13:39:35.728541,234790.87,380,purchase,DELHI,0
7858,2023-10-28 03:05:35.506659,313088.32,184,cash_out,KOLKATA,0
26245,2024-06-28 07:41:35.594459,347322.52,129,purchase,KOLKATA,0
42381,2024-08-30 18:21:35.701764,80424.3,461,refund,JAIPUR,0
90019,2024-04-02 05:15:35.985664,64120.65,381,refund,PUNE,0
31429,2023-11-07 04:06:35.617258,9049.42,290,refund,AHMEDABAD,0
48889,2024-09-15 20:26:35.742806,357336.38,711,purchase,HYDERABAD,1
94402,2024-01-09 18:53:36.003671,369309.6,386,purchase,DELHI,1
23359,2024-06-17 21:00:35.573354,308379.22,724,purchase,AHMEDABAD,0
52624,2023-12-02 04:09:35.766992,187234.58,432,purchase,AHMEDABAD,0
65217,2023-10-27 08:25:35.851272,338928.98,848,purchase,KOLKATA,0
60217,2024-04-24 17:47:35.829010,368887.2,989,purchase,BENGALURU,1
60015,2024-09-19 14:28:35.828290,143279.4,318,purchase,DELHI,0
60947,2024-03-21 05:09:35.833016,209927.85,433,purchase,BENGALURU,0
99913,2024-01-17 23:24:36.027277,203218.95,432,purchase,JAIPUR,0
41554,2023-11-15 14:00:35.696786,394189.12,720,transfer,CHENNAI,0
26848,2024-04-08 20:57:35.597013,309945.9,60,purchase,JAIPUR,0
71948,2024-10-09 00:30:35.898406,288656.77,286,purchase,JAIPUR,0
38329,2024-05-29 23:45:35.670161,375438.52,633,transfer,CHENNAI,0
39304,2023-11-12 11:30:35.684496,136056.52,14,purchase,PUNE,0
6410,2024-08-20 10:25:35.500407,133499.85,322,purchase,KOLKATA,0
25275,2024-09-21 11:57:35.589498,122227.05,95,purchase,DELHI,0
65113,2024-07-14 05:15:35.850904,399182.85,809,transfer,DELHI,1
40910,2023-12-19 22:17:35.693191,379404.3,544,transfer,JAIPUR,0
62281,2024-05-23 04:49:35.839448,163383.0,815,purchase,MUMBAI,0
7710,2024-08-07 14:03:35.506056,137131.5,187,purchase,MUMBAI,0
3083,2024-03-24 10:29:35.485516,7646.1,95,refund,DELHI,0
36871,2024-08-24 11:44:35.660388,406866.08,165,transfer,BENGALURU,1
91799,2024-06-15 06:30:35.992022,411109.05,480,transfer,PUNE,0
56473,2024-02-01 05:27:35.808677,306835.65,16,purchase,SURAT,0
97116,2024-05-22 03:36:36.015240,19339.65,20,refund,BENGALURU,0
49153,2023-10-23 02:23:35.744539,152662.12,91,purchase,KOLKATA,0
72937,2024-08-28 23:35:35.903925,35826.45,125,refund,DELHI,0
81463,2024-05-01 15:33:35.944413,218549.1,13,purchase,BENGALURU,0
53782,2024-06-18 04:32:35.790705,223667.4,652,purchase,BENGALURU,0
86782,2023-12-13 01:35:35.964176,267125.92,32,purchase,DELHI,0
50294,2024-02-21 23:21:35.751757,212336.85,446,purchase,KOLKATA,0
15407,2024-02-12 23:16:35.538378,379161.75,994,transfer,JAIPUR,0
29681,2024-05-30 18:24:35.608238,410157.82,411,transfer,KOLKATA,0
46132,2024-06-14 15:14:35.725135,186678.52,184,purchase,BENGALURU,0
92656,2024-09-02 15:22:35.996164,389224.28,731,transfer,CHENNAI,0
94894,2024-09-18 01:43:36.005796,227434.35,41,purchase,MUMBAI,0
43355,2024-01-28 17:41:35.707806,410788.12,598,transfer,KOLKATA,0
81194,2024-02-10 00:05:35.943346,116442.98,217,purchase,HYDERABAD,0
46042,2024-05-23 15:58:35.724537,284556.53,779,purchase,CHENNAI,0
42939,2024-02-16 08:40:35.705155,93270.38,212,refund,AHMEDABAD,0
63643,2024-02-03 04:32:35.844968,97779.0,698,refund,MUMBAI,0
69733,2024-01-16 07:51:35.886364,273743.25,122,purchase,JAIPUR,0
46029,2024-09-29 21:23:35.724451,23152.8,734,refund,KOLKATA,0
35914,2024-10-07 11:59:35.654484,277601.77,841,purchase,DELHI,0
68485,2024-01-21 04:58:35.869119,25160.02,799,refund,HYDERABAD,0
44828,2024-05-03 13:07:35.717068,221873.85,945,purchase,MUMBAI,0
10184,2024-05-09 05:37:35.516503,209269.5,374,purchase,BENGALURU,0
21793,2024-06-01 21:17:35.565673,131308.65,987,purchase,KOLKATA,0
57738,2024-06-14 19:17:35.816988,154927.58,665,purchase,KOLKATA,0
55993,2024-07-09 00:21:35.805630,189109.8,601,purchase,AHMEDABAD,0
97396,2024-09-12 01:35:36.016460,200668.05,741,purchase,AHMEDABAD,0
93161,2024-02-22 17:11:35.998330,191330.7,871,purchase,AHMEDABAD,0
21566,2024-03-28 22:11:35.564874,190551.9,228,purchase,PUNE,0
19934,2024-09-03 15:04:35.558601,123754.12,877,purchase,SURAT,0
42310,2024-08-31 18:35:35.701253,86611.8,708,refund,JAIPUR,0
54598,2024-03-13 08:07:35.796055,336294.75,629,purchase,DELHI,0
3264,2024-10-14 20:23:35.486376,310268.47,132,purchase,DELHI,1
94447,2023-12-26 14:40:36.003845,278928.38,682,purchase,MUMBAI,0
31667,2024-09-26 15:38:35.618836,150929.62,418,purchase,DELHI,0
17313,2024-09-08 12:28:35.547069,220101.75,158,purchase,DELHI,0
80663,2024-01-12 02:33:35.941305,300314.03,457,purchase,PUNE,0
66904,2024-03-08 03:22:35.859628,98019.08,228,refund,JAIPUR,0
50233,2024-09-26 20:56:35.751386,118987.28,460,purchase,PUNE,0
89349,2024-10-20 11:32:35.982913,69531.0,58,refund,SURAT,0
90555,2024-03-05 02:47:35.987532,103158.0,75,purchase,BENGALURU,1
49128,2024-04-29 08:15:35.744408,237817.8,459,purchase,DELHI,0
41165,2023-12-31 10:22:35.694653,230714.55,936,purchase,BENGALURU,0
66052,2024-02-28 08:50:35.855542,409857.52,94,transfer,HYDERABAD,1
27369,2024-02-25 22:44:35.598955,167268.75,447,purchase,AHMEDABAD,0
59263,2023-11-11 05:32:35.825060,317283.45,42,cash_out,SURAT,0
70321,2023-11-10 18:21:35.889486,3312.38,573,refund,PUNE,0
40113,2023-12-05 10:46:35.688788,396423.22,719,transfer,KOLKATA,0
5599,2023-11-30 22:38:35.496624,217823.1,96,purchase,CHENNAI,0
6498,2024-01-27 03:46:35.500793,130830.15,382,purchase,JAIPUR,0
35508,2023-11-17 13:14:35.650606,190540.35,677,purchase,KOLKATA,1
99675,2023-12-26 11:40:36.026278,236443.35,759,purchase,JAIPUR,0
20325,2023-12-29 15:41:35.560088,98505.82,680,refund,KOLKATA,0
94335,2024-05-15 08:09:36.003393,61360.2,61,refund,AHMEDABAD,0
57947,2024-02-21 09:27:35.819698,13631.47,655,refund,JAIPUR,0
99026,2024-07-25 23:14:36.023410,169004.55,322,purchase,HYDERABAD,0
95022,2024-05-31 22:22:36.006331,172448.92,966,purchase,BENGALURU,0
17653,2023-12-01 21:00:35.548366,136414.58,347,purchase,SURAT,0
37712,2024-08-12 17:10:35.666029,1575.75,425,refund,DELHI,0
13854,2024-08-04 23:27:35.531604,296801.18,718,purchase,AHMEDABAD,0
64616,2024-06-22 12:24:35.848789,17967.68,380,refund,CHENNAI,0
301,2024-04-10 16:48:35.464209,320075.25,887,purchase,SURAT,0
17272,2023-12-19 04:14:35.546913,377576.1,302,transfer,SURAT,0
68209,2024-07-31 06:55:35.867366,368905.35,604,purchase,BENGALURU,1
78519,2023-11-08 06:36:35.931541,115902.6,779,purchase,JAIPUR,0
31747,2024-06-07 00:43:35.619367,386522.4,332,transfer,KOLKATA,0
3470,2024-07-21 14:47:35.487308,73357.35,443,refund,SURAT,0
31295,2024-09-13 08:44:35.616362,358149.82,280,purchase,SURAT,0
20802,2024-03-02 21:05:35.561780,235791.6,782,purchase,HYDERABAD,0
3068,2024-09-13 02:04:35.485452,137222.25,833,purchase,MUMBAI,0
28016,2024-04-12 15:10:35.601557,341578.88,114,purchase,BENGALURU,1
23190,2024-06-10 12:05:35.572762,181947.15,999,purchase,BENGALURU,0
48519,2024-05-06 17:28:35.740270,172928.25,698,purchase,CHENNAI,0
8862,2024-09-24 03:38:35.510809,22147.12,873,refund,BENGALURU,0
36484,2024-03-17 00:46:35.658182,324264.6,866,cash_out,PUNE,0
56447,2024-06-21 15:50:35.808514,45915.37,459,refund,CHENNAI,0
69702,2024-10-11 03:53:35.886197,336845.85,934,cash_out,PUNE,0
18062,2024-08-05 18:42:35.550043,177265.28,186,purchase,JAIPUR,0
22890,2023-11-28 12:30:35.571724,311194.12,549,purchase,BENGALURU,0
77741,2024-02-27 03:18:35.927506,72003.52,372,refund,AHMEDABAD,0
90117,2023-12-22 06:07:35.986010,8648.48,971,refund,CHENNAI,0
39507,2024-04-16 22:26:35.685556,42192.15,281,refund,AHMEDABAD,0
29435,2024-09-09 06:57:35.607241,408426.98,536,transfer,HYDERABAD,1
79974,2024-09-29 07:09:35.938671,349299.22,953,purchase,SURAT,0
47987,2024-02-20 08:19:35.737177,349611.08,297,purchase,BENGALURU,1
74615,2024-01-03 18:31:35.912653,262601.62,455,purchase,CHENNAI,0
47565,2023-12-22 23:12:35.734487,318150.52,537,cash_out,JAIPUR,0
44007,2024-09-24 00:46:35.712056,288695.55,116,purchase,PUNE,0
95210,2024-07-28 05:41:36.007101,175335.6,903,purchase,PUNE,0
24898,2024-10-03 08:29:35.587877,212556.3,370,purchase,JAIPUR,0
20433,2024-08-18 03:24:35.560477,10686.22,240,refund,BENGALURU,0
6228,2024-04-29 19:37:35.499596,70644.75,898,refund,JAIPUR,0
96638,2024-07-18 10:28:36.013128,409476.38,33,transfer,MUMBAI,1
8736,2024-07-17 06:47:35.510266,141466.05,336,purchase,JAIPUR,0
18724,2024-01-06 17:48:35.552726,147193.2,497,purchase,MUMBAI,0
20594,2024-01-04 00:41:35.561019,105160.28,1,purchase,JAIPUR,0
73561,2024-02-09 16:08:35.907099,302373.23,101,purchase,BENGALURU,0
33618,2024-09-22 13:18:35.631234,353481.15,205,purchase,JAIPUR,0
11464,2024-03-15 04:22:35.521796,128631.52,252,purchase,MUMBAI,0
54209,2023-10-28 07:19:35.793454,119069.78,873,purchase,BENGALURU,0
9799,2024-04-03 14:06:35.514802,399719.1,72,transfer,MUMBAI,1
78088,2023-10-23 00:47:35.929191,388829.1,900,transfer,AHMEDABAD,0
10943,2024-08-24 03:05:35.519692,227200.87,135,purchase,CHENNAI,0
28843,2023-11-27 06:42:35.604866,260170.35,123,purchase,BENGALURU,0
71522,2024-03-12 02:23:35.896035,150262.2,688,purchase,KOLKATA,0
56593,2023-10-26 07:45:35.809536,192309.98,340,purchase,MUMBAI,0
83647,2023-10-24 21:57:35.952608,140110.57,607,purchase,KOLKATA,0
85138,2024-07-05 06:40:35.958177,57198.9,61,refund,PUNE,0
94220,2024-01-06 20:08:36.002859,148270.65,259,purchase,KOLKATA,0
86238,2023-10-22 06:36:35.962232,6139.65,453,refund,MUMBAI,0
67606,2024-09-04 02:04:35.862163,321348.23,852,cash_out,JAIPUR,0
13818,2023-12-08 06:39:35.531473,139785.52,23,purchase,DELHI,0
51357,2024-01-09 03:02:35.758608,177464.1,618,purchase,BENGALURU,0
40379,2024-04-17 03:11:35.690357,101574.0,415,refund,MUMBAI,0
77748,2024-01-10 11:32:35.927541,13136.47,192,refund,PUNE,0
57747,2024-03-05 08:37:35.817049,241484.1,231,purchase,AHMEDABAD,1
3576,2023-12-26 19:34:35.487780,90226.13,324,refund,CHENNAI,0
1012,2024-01-24 01:59:35.467442,4851.0,983,refund,PUNE,0
23185,2024-07-02 03:50:35.572745,128195.92,775,purchase,HYDERABAD,0
34209,2024-04-21 15:18:35.635214,336724.58,234,purchase,BENGALURU,1
1863,2024-08-12 06:54:35.471937,115921.58,263,purchase,BENGALURU,0
77982,2024-03-07 16:25:35.928731,264786.23,579,purchase,PUNE,0
50760,2024-09-01 12:22:35.754581,381429.68,534,transfer,KOLKATA,1
23046,2024-02-23 12:58:35.572264,196773.22,346,purchase,HYDERABAD,0
57142,2024-05-23 09:54:35.813087,204807.9,431,purchase,CHENNAI,0
17552,2023-11-19 19:26:35.547994,289584.08,836,purchase,BENGALURU,0
30555,2024-05-08 18:00:35.611437,248919.82,889,purchase,SURAT,0
90067,2024-05-13 16:24:35.985844,135528.52,42,purchase,JAIPUR,0
22504,2024-05-13 10:29:35.569580,249068.32,285,purchase,MUMBAI,0
90074,2024-02-16 11:19:35.985867,52197.75,89,refund,BENGALURU,0
10056,2024-07-20 18:52:35.515966,255847.35,137,purchase,DELHI,0
78503,2024-02-08 15:51:35.931488,113109.15,560,purchase,CHENNAI,0
99481,2024-01-25 23:24:36.025295,340472.55,249,cash_out,KOLKATA,0
85224,2024-03-20 15:56:35.958510,183841.35,840,purchase,JAIPUR,0
47590,2023-12-03 05:11:35.734649,122543.02,829,purchase,AHMEDABAD,0
17389,2024-06-24 07:25:35.547355,261276.68,268,purchase,CHENNAI,0
8881,2024-06-29 10:05:35.510901,367638.98,732,purchase,MUMBAI,1
66563,2024-02-14 12:20:35.858123,143980.65,657,purchase,CHENNAI,0
54537,2024-07-23 05:41:35.795669,80845.88,421,refund,HYDERABAD,0
68681,2024-02-19 18:22:35.870329,402378.08,18,transfer,AHMEDABAD,0
51027,2024-04-16 16:24:35.756263,99450.45,142,refund,MUMBAI,0
98454,2024-07-25 15:20:36.020971,214566.82,105,purchase,PUNE,0
85100,2023-12-01 10:07:35.958050,242719.95,353,purchase,SURAT,0
24437,2024-05-26 17:59:35.585898,377427.6,887,transfer,AHMEDABAD,0
87153,2024-05-30 07:59:35.965473,242326.42,178,purchase,SURAT,0
53563,2024-09-14 15:40:35.789234,139753.35,877,purchase,JAIPUR,0
49867,2024-10-14 19:44:35.749321,55754.32,701,refund,DELHI,0
75884,2024-07-22 15:04:35.918657,135064.05,381,purchase,JAIPUR,0
1052,2024-05-20 23:16:35.467599,2648.25,668,refund,KOLKATA,0
49782,2024-05-22 10:02:35.748759,169071.38,825,purchase,AHMEDABAD,0
10241,2024-03-02 03:29:35.516740,372251.55,236,transfer,PUNE,0
13379,2024-08-14 00:01:35.529714,126534.38,355,purchase,AHMEDABAD,1
9600,2024-03-06 02:56:35.514012,205844.1,633,purchase,CHENNAI,0
49722,2024-10-01 00:49:35.748359,243575.47,231,purchase,BENGALURU,0
24179,2024-01-10 00:52:35.584734,27886.65,854,refund,BENGALURU,0
5839,2024-04-07 07:25:35.497746,297396.82,71,purchase,SURAT,0
78353,2023-11-15 08:16:35.930669,42676.42,157,refund,AHMEDABAD,0
33476,2024-07-10 03:15:35.630291,282321.6,650,purchase,MUMBAI,0
68801,2024-10-13 00:28:35.871125,51915.6,513,refund,CHENNAI,0
21889,2024-08-16 06:55:35.566149,272968.58,185,purchase,HYDERABAD,0
8125,2023-11-04 02:25:35.507813,289507.35,183,purchase,SURAT,0
75824,2023-10-28 06:56:35.918436,73045.5,634,refund,BENGALURU,0
91869,2024-04-09 19:03:35.992428,138420.15,308,purchase,CHENNAI,0
2632,2023-11-27 02:36:35.483548,370715.4,155,cash_out,MUMBAI,1
78607,2024-01-31 22:48:35.931901,35095.5,374,refund,HYDERABAD,0
43810,2024-08-22 06:17:35.710773,143221.65,211,purchase,KOLKATA,0
92727,2024-04-07 02:51:35.996433,116491.65,764,purchase,CHENNAI,0
7390,2024-04-11 02:27:35.504649,206908.35,445,purchase,CHENNAI,0
80262,2024-09-19 04:34:35.939799,364530.38,291,cash_out,BENGALURU,1
23800,2024-08-20 02:37:35.583068,223777.95,611,purchase,JAIPUR,0
19017,2024-04-10 06:16:35.554223,348905.7,148,purchase,PUNE,0
91936,2024-07-27 14:31:35.992814,73307.85,284,refund,MUMBAI,0
41750,2024-05-27 22:40:35.697901,186362.55,991,purchase,DELHI,0
72032,2023-12-09 19:53:35.898853,271613.92,865,purchase,CHENNAI,0
17040,2024-03-31 18:58:35.545759,379479.38,468,transfer,DELHI,1
29987,2024-07-30 22:06:35.609404,241522.05,389,purchase,MUMBAI,0
75516,2024-04-24 00:33:35.917129,234432.0,330,purchase,AHMEDABAD,0
8751,2023-12-12 17:09:35.510345,150923.02,653,purchase,SURAT,0
54843,2024-01-27 03:20:35.797659,27677.1,264,refund,BENGALURU,0
38254,2024-10-21 05:18:35.669658,83306.85,614,refund,SURAT,0
37181,2024-10-12 05:18:35.662400,366786.75,652,cash_out,SURAT,0
96635,2024-06-07 00:33:36.013118,369944.85,313,cash_out,KOLKATA,0
31108,2023-12-10 06:56:35.614930,119289.22,545,purchase,MUMBAI,0
64395,2024-09-01 23:38:35.847900,404617.95,713,transfer,KOLKATA,0
41274,2023-11-13 10:45:35.695227,137746.12,97,purchase,DELHI,0
90365,2024-05-27 17:48:35.986901,376117.5,482,transfer,DELHI,1
89965,2023-10-24 16:32:35.985397,298275.45,663,purchase,SURAT,0
91774,2023-12-21 04:31:35.991939,117224.25,512,purchase,HYDERABAD,0
7745,2024-05-18 20:40:35.506186,50036.25,509,refund,SURAT,0
20458,2024-06-06 16:21:35.560560,343491.22,262,purchase,BENGALURU,1
6966,2024-04-18 00:58:35.502850,259191.08,139,purchase,DELHI,0
5437,2024-01-14 12:47:35.495983,98187.38,474,refund,BENGALURU,0
18746,2024-08-29 21:05:35.552799,17697.9,562,refund,CHENNAI,0
83649,2024-02-14 13:06:35.952615,242188.65,314,purchase,KOLKATA,0
77617,2023-12-13 08:03:35.926726,381426.38,57,transfer,CHENNAI,0
48280,2024-04-17 12:42:35.738834,181468.65,962,purchase,BENGALURU,0
16124,2024-06-23 05:47:35.541439,53972.32,788,refund,AHMEDABAD,0
69837,2024-03-29 10:17:35.886952,252680.18,921,purchase,AHMEDABAD,0
48447,2024-03-11 23:38:35.739831,412240.13,709,transfer,JAIPUR,0
37059,2023-12-13 00:01:35.661550,18659.02,888,refund,PUNE,0
89296,2024-03-08 23:17:35.982592,304078.5,508,purchase,DELHI,0
73455,2024-01-30 06:08:35.906593,49360.58,580,refund,HYDERABAD,0
42760,2024-03-12 02:28:35.704006,136686.82,195,purchase,HYDERABAD,0
54248,2024-08-28 02:04:35.793823,222661.72,167,purchase,MUMBAI,0
36915,2023-11-02 14:38:35.660649,349066.57,499,purchase,AHMEDABAD,0
33267,2024-08-14 20:31:35.628900,396070.95,108,transfer,DELHI,1
13899,2024-09-26 02:52:35.531770,328430.02,284,cash_out,KOLKATA,0
34529,2024-09-22 02:51:35.637243,22742.78,748,refund,SURAT,0
90035,2024-09-27 18:50:35.985736,82880.32,465,refund,HYDERABAD,0
70300,2023-10-31 18:31:35.889379,149364.6,74,purchase,SURAT,0
64281,2024-03-31 14:15:35.847512,125488.28,362,purchase,AHMEDABAD,0
10642,2024-04-10 12:32:35.518442,359320.5,902,purchase,CHENNAI,0
901,2024-04-21 10:52:35.467065,382744.72,53,transfer,CHENNAI,0
18793,2024-02-18 11:08:35.552991,163081.88,887,purchase,BENGALURU,0
11283,2024-01-12 06:52:35.521039,67625.25,332,refund,CHENNAI,0
15655,2023-11-25 06:59:35.539506,88761.75,925,refund,CHENNAI,0
25587,2024-09-08 21:35:35.590798,332220.08,547,purchase,JAIPUR,0
33980,2023-12-25 03:47:35.633703,369189.98,729,cash_out,JAIPUR,0
86054,2024-10-18 19:43:35.961451,343306.42,400,purchase,PUNE,0
21091,2023-12-15 20:43:35.562816,298027.12,673,purchase,DELHI,0
59880,2024-02-22 18:28:35.827840,46435.95,771,refund,KOLKATA,0
67438,2023-11-17 05:29:35.861543,170530.8,143,purchase,MUMBAI,0
22834,2024-05-07 14:19:35.571533,377638.8,338,transfer,JAIPUR,0
51479,2024-04-01 09:08:35.759408,102494.7,433,refund,SURAT,0
33217,2024-03-18 02:09:35.628570,7932.38,445,refund,DELHI,0
2502,2023-10-29 21:14:35.482804,316473.3,366,purchase,BENGALURU,0
9745,2024-08-24 05:27:35.514568,75857.92,852,refund,AHMEDABAD,0
8176,2024-10-01 05:44:35.508016,128729.7,379,purchase,MUMBAI,0
16693,2024-05-11 21:52:35.544355,316434.53,519,purchase,MUMBAI,0
82124,2023-11-28 02:41:35.946727,158544.38,451,purchase,JAIPUR,0
48493,2024-06-15 01:20:35.740111,264844.8,597,purchase,DELHI,0
78634,2024-01-07 02:44:35.931993,52890.75,329,refund,DELHI,0
66674,2024-06-15 16:23:35.858627,27658.12,670,refund,DELHI,0
88109,2024-06-28 07:39:35.969271,200889.98,147,purchase,AHMEDABAD,0
48794,2024-06-30 08:55:35.742175,242155.65,746,purchase,AHMEDABAD,0
37764,2024-08-01 16:45:35.666377,267004.65,310,purchase,KOLKATA,0
59869,2024-03-16 23:29:35.827804,222361.42,936,purchase,CHENNAI,0
569,2024-03-27 11:35:35.465659,289862.1,573,purchase,JAIPUR,0
37480,2024-06-18 18:49:35.664402,352553.85,917,purchase,AHMEDABAD,0
37253,2024-08-31 21:43:35.662886,143653.95,635,purchase,MUMBAI,0
67570,2024-05-09 02:47:35.862044,35438.7,233,refund,AHMEDABAD,0
40453,2024-10-18 13:07:35.690750,401171.92,74,transfer,DELHI,1
54036,2024-01-31 17:49:35.792351,322185.6,420,purchase,HYDERABAD,1
18713,2024-08-21 01:51:35.552685,10024.58,33,refund,KOLKATA,0
78681,2023-12-30 07:25:35.932167,394322.78,677,transfer,HYDERABAD,1
27175,2024-08-20 09:43:35.598198,275840.4,187,purchase,PUNE,0
66518,2024-07-01 14:40:35.857900,356052.68,690,purchase,MUMBAI,1
25672,2024-04-09 15:07:35.591307,352988.62,93,purchase,DELHI,0
56935,2024-05-02 04:44:35.811741,375183.6,319,transfer,BENGALURU,1
2856,2024-09-01 19:09:35.484549,376435.13,610,transfer,DELHI,1
20067,2023-12-01 13:12:35.559200,69427.05,54,refund,AHMEDABAD,0
10516,2023-11-04 23:58:35.517924,300963.3,820,purchase,PUNE,0
94987,2024-01-16 18:44:36.006182,55832.7,766,refund,AHMEDABAD,0
15148,2024-07-18 22:23:35.536940,271192.35,100,purchase,CHENNAI,0
71231,2024-03-01 13:25:35.894490,91725.98,535,refund,KOLKATA,0
71362,2024-08-29 14:52:35.895186,150644.17,332,purchase,JAIPUR,0
7081,2023-10-24 14:31:35.503385,103297.42,457,purchase,HYDERABAD,0
67483,2023-12-16 17:44:35.861740,266961.75,941,purchase,SURAT,0
28170,2024-02-22 23:11:35.602196,87890.55,831,refund,KOLKATA,0
70319,2024-04-05 22:51:35.889476,311154.53,894,cash_out,SURAT,0
1232,2024-01-23 22:56:35.468779,157542.82,868,purchase,HYDERABAD,0
47582,2024-10-08 23:57:35.734597,405858.75,326,transfer,AHMEDABAD,0
89262,2023-10-30 22:53:35.982386,314442.15,485,cash_out,CHENNAI,0
17546,2024-08-25 22:54:35.547974,68584.73,987,refund,PUNE,0
6476,2024-01-20 21:20:35.500700,334976.4,950,purchase,AHMEDABAD,0
85920,2024-05-21 05:13:35.961004,293578.73,762,purchase,PUNE,0
69876,2024-01-08 03:42:35.887161,116327.48,92,purchase,MUMBAI,0
80207,2024-04-08 22:37:35.939615,14754.3,170,refund,JAIPUR,0
87096,2023-11-19 17:57:35.965284,10083.98,68,refund,MUMBAI,0
76886,2024-06-07 18:36:35.923075,94487.25,723,refund,KOLKATA,0
36559,2024-09-02 04:16:35.658595,24941.4,229,refund,HYDERABAD,0
41950,2024-05-03 13:59:35.699054,311939.92,707,purchase,AHMEDABAD,0
40554,2024-07-14 17:47:35.691272,155322.75,465,purchase,JAIPUR,0
28127,2024-04-10 13:18:35.602038,263034.75,624,purchase,BENGALURU,0
97435,2024-08-22 20:54:36.016598,46087.8,698,refund,BENGALURU,0
20194,2024-01-03 06:06:35.559642,42727.58,485,refund,PUNE,0
42854,2024-02-02 08:07:35.704599,52800.0,827,refund,SURAT,0
80955,2024-04-06 00:18:35.942517,37788.3,978,refund,CHENNAI,0
6649,2024-04-16 16:53:35.501485,2343.0,915,refund,CHENNAI,0
42664,2024-03-29 20:27:35.703462,308431.2,739,purchase,JAIPUR,0
21659,2024-07-22 13:26:35.565184,119454.22,799,purchase,BENGALURU,0
24564,2023-12-17 01:57:35.586396,86177.02,722,refund,DELHI,0
20986,2024-09-30 05:22:35.562442,295133.02,434,purchase,KOLKATA,0
40808,2023-12-09 17:22:35.692648,235788.3,119,purchase,AHMEDABAD,0
32571,2024-05-22 12:24:35.624501,222111.45,347,purchase,DELHI,0
79138,2024-01-13 07:53:35.934825,243032.62,853,purchase,SURAT,0
10138,2024-05-10 18:05:35.516314,39702.3,534,refund,BENGALURU,0
15875,2024-06-11 03:45:35.540492,380171.55,776,transfer,BENGALURU,1
38661,2024-03-08 08:27:35.672386,156470.32,701,purchase,CHENNAI,0
6946,2024-03-24 23:51:35.502784,140807.7,417,purchase,KOLKATA,0
95071,2024-01-14 19:06:36.006548,13061.4,34,refund,KOLKATA,0
31138,2024-01-22 15:25:35.615137,326343.6,109,purchase,KOLKATA,0
40871,2024-06-12 09:33:35.692981,364449.52,719,purchase,HYDERABAD,1
59186,2024-03-26 21:19:35.824803,154425.15,277,purchase,AHMEDABAD,0
59424,2024-02-01 15:46:35.825728,50350.58,799,refund,JAIPUR,0
47783,2024-07-11 08:07:35.735917,69569.77,979,refund,HYDERABAD,0
18626,2024-02-28 01:20:35.552344,120513.52,289,purchase,HYDERABAD,0
4361,2024-07-08 12:57:35.491388,70525.12,622,refund,JAIPUR,0
80255,2024-03-21 06:42:35.939776,271335.08,234,purchase,JAIPUR,0
43117,2024-07-14 20:46:35.706324,28886.55,267,refund,CHENNAI,0
19742,2024-07-24 07:35:35.557841,317973.15,743,purchase,BENGALURU,1
98129,2024-08-03 20:46:36.019649,318549.0,541,purchase,BENGALURU,1
54907,2024-02-29 06:28:35.798084,102263.7,741,refund,HYDERABAD,0
26173,2024-02-07 19:56:35.594220,370143.68,111,purchase,KOLKATA,0
12662,2024-05-24 04:19:35.526831,79577.85,47,refund,KOLKATA,0
1476,2024-02-24 03:00:35.470273,45961.58,217,refund,JAIPUR,0
69905,2024-07-30 09:14:35.887312,362908.43,188,purchase,SURAT,0
71144,2024-06-02 01:00:35.893994,322869.53,294,cash_out,KOLKATA,0
99604,2024-01-29 02:07:36.025997,100545.22,860,refund,HYDERABAD,0
37235,2024-08-04 21:29:35.662767,250801.65,822,purchase,BENGALURU,0
15521,2024-01-20 03:16:35.538954,244531.65,697,purchase,CHENNAI,0
11273,2024-01-06 23:03:35.520986,38045.7,777,refund,BENGALURU,0
74841,2024-01-21 01:16:35.913583,331376.92,715,cash_out,AHMEDABAD,0
93480,2024-05-08 01:08:35.999602,127380.0,624,purchase,CHENNAI,0
25711,2024-09-29 11:56:35.591513,181345.72,42,purchase,DELHI,0
34997,2024-09-25 06:39:35.647047,406328.18,344,transfer,MUMBAI,1
8622,2024-04-13 18:05:35.509828,2334.75,224,refund,AHMEDABAD,0
70605,2023-12-30 13:00:35.890971,23811.98,966,refund,PUNE,0
73212,2023-11-14 18:18:35.905371,218869.2,652,purchase,AHMEDABAD,0
92691,2024-01-06 15:53:35.996291,199828.2,376,purchase,MUMBAI,0
59024,2024-09-04 20:42:35.824260,63320.4,125,refund,CHENNAI,0
80832,2024-04-10 10:08:35.942054,142699.43,785,purchase,HYDERABAD,0
38231,2024-08-22 02:30:35.669494,378181.65,582,transfer,AHMEDABAD,0
30939,2023-10-27 16:06:35.613801,385185.9,695,transfer,HYDERABAD,1
54580,2024-01-27 16:40:35.795942,259391.55,666,purchase,HYDERABAD,0
85996,2024-08-15 10:23:35.961257,87186.82,590,refund,BENGALURU,0
49439,2024-07-11 20:42:35.746475,135564.83,182,purchase,JAIPUR,0
59457,2024-02-02 20:16:35.825910,104841.82,731,purchase,KOLKATA,0
58788,2024-08-08 02:04:35.823472,296171.7,792,purchase,DELHI,0
64978,2024-09-28 12:22:35.850304,46888.88,451,refund,KOLKATA,0
65833,2024-05-23 02:19:35.854486,194624.1,541,purchase,PUNE,0
44557,2024-08-20 06:58:35.715319,304343.32,83,purchase,MUMBAI,0
44197,2023-11-10 02:23:35.713155,357862.72,580,cash_out,AHMEDABAD,0
5146,2023-11-19 17:05:35.494820,243747.08,334,purchase,AHMEDABAD,0
99795,2024-10-21 01:12:36.026776,144819.68,960,purchase,CHENNAI,0
61172,2024-04-18 10:57:35.834398,19138.35,574,refund,MUMBAI,0
34171,2024-08-14 14:34:35.634969,155409.38,103,purchase,CHENNAI,0
6299,2024-05-27 02:11:35.499928,128828.7,917,purchase,AHMEDABAD,0
21983,2023-10-23 04:53:35.566609,95548.2,352,refund,CHENNAI,0
50864,2024-06-11 00:31:35.755211,35990.62,672,refund,SURAT,0
4125,2024-01-28 16:45:35.490246,92094.75,811,refund,SURAT,0
19636,2023-12-06 19:48:35.557276,147277.35,857,purchase,AHMEDABAD,0
93713,2024-07-01 04:47:36.000599,330377.85,911,cash_out,KOLKATA,0
82907,2024-01-12 15:45:35.949605,194765.18,354,purchase,DELHI,0
12344,2024-01-19 06:10:35.525500,259666.28,220,purchase,BENGALURU,0
3195,2024-04-08 19:44:35.486066,397732.5,913,transfer,CHENNAI,0
80527,2024-04-08 00:47:35.940808,163580.17,770,purchase,BENGALURU,0
34786,2024-02-21 02:46:35.645655,35355.38,338,refund,JAIPUR,0
53157,2024-07-02 20:18:35.786563,214929.0,878,purchase,HYDERABAD,0
83861,2024-07-20 07:40:35.953348,257305.95,682,purchase,JAIPUR,0
76660,2024-05-29 05:16:35.921887,45792.45,647,refund,PUNE,0
13082,2023-11-21 15:22:35.528535,192056.7,161,purchase,PUNE,0
86140,2024-08-09 00:35:35.961894,352553.02,490,cash_out,MUMBAI,1
14038,2024-04-22 08:30:35.532352,62815.5,930,refund,SURAT,0
89020,2024-02-15 22:54:35.973073,85148.25,339,refund,AHMEDABAD,0
10282,2024-09-20 12:16:35.516899,377867.32,42,transfer,SURAT,0
6516,2024-04-26 05:30:35.500864,368397.98,205,cash_out,HYDERABAD,1
43253,2024-01-07 11:08:35.707181,26215.2,819,refund,BENGALURU,0
60719,2024-04-11 17:14:35.831571,51157.42,76,refund,KOLKATA,0
24209,2023-11-06 22:18:35.584852,164014.12,233,purchase,AHMEDABAD,0
52818,2024-08-28 15:24:35.769993,375974.78,476,transfer,JAIPUR,0
13172,2024-05-25 01:52:35.528905,37190.18,541,refund,SURAT,0
28343,2024-04-19 13:21:35.602838,410377.28,808,transfer,BENGALURU,1
42229,2023-11-09 04:25:35.700735,405570.82,452,transfer,CHENNAI,0
6124,2023-10-26 00:49:35.499131,308083.88,882,purchase,MUMBAI,0
86306,2024-02-15 11:09:35.962470,30681.75,120,refund,SURAT,0
4733,2024-01-23 16:32:35.492948,332861.1,327,purchase,MUMBAI,1
84325,2024-08-23 15:59:35.955085,214833.3,630,purchase,HYDERABAD,0
50720,2024-07-11 01:50:35.754346,171176.78,919,purchase,JAIPUR,0
23644,2023-11-27 06:27:35.582445,97081.88,60,refund,CHENNAI,0
86085,2024-03-26 14:23:35.961554,359716.5,548,purchase,SURAT,0
4738,2023-11-30 13:42:35.492971,213202.28,78,purchase,MUMBAI,0
27456,2024-09-17 18:34:35.599283,210810.6,629,purchase,CHENNAI,0
29945,2024-04-27 09:04:35.609257,408261.98,554,transfer,MUMBAI,1
39472,2024-07-11 12:11:35.685374,299031.98,1,purchase,HYDERABAD,1
93541,2024-08-02 17:03:35.999901,391342.88,425,transfer,DELHI,1
24039,2024-09-21 03:47:35.584242,89922.52,806,refund,SURAT,0
65827,2024-04-06 03:43:35.854451,384261.9,491,transfer,BENGALURU,1
29904,2024-03-07 04:27:35.609110,297266.47,719,purchase,SURAT,1
60419,2024-06-26 06:56:35.829790,207548.55,254,purchase,CHENNAI,0
80372,2024-03-24 23:27:35.940206,172133.78,108,purchase,JAIPUR,0
5658,2024-08-19 20:31:35.496910,30496.12,493,refund,BENGALURU,0
76311,2024-07-31 00:33:35.920518,378387.08,48,transfer,MUMBAI,1
96627,2023-11-20 20:38:36.013082,58561.8,684,refund,KOLKATA,0
13473,2024-06-07 00:20:35.530116,34900.8,869,refund,SURAT,0
30408,2023-11-05 17:28:35.610921,337894.42,699,purchase,CHENNAI,0
68771,2024-09-11 08:21:35.870924,392681.85,199,transfer,DELHI,1
67260,2024-01-12 15:31:35.860906,218255.4,152,purchase,KOLKATA,0
62688,2024-03-25 11:40:35.840846,20023.58,649,refund,PUNE,0
27983,2024-09-23 08:15:35.601404,343028.4,554,purchase,MUMBAI,0
90827,2024-03-11 02:27:35.988481,183123.6,62,purchase,HYDERABAD,0
54124,2023-11-27 13:50:35.792913,98422.5,254,refund,AHMEDABAD,0
46839,2024-02-26 18:18:35.729625,12666.22,928,refund,SURAT,0
36855,2024-03-09 06:33:35.660291,247568.48,943,purchase,PUNE,0
37435,2024-10-08 16:25:35.664102,324739.8,561,purchase,KOLKATA,0
22566,2024-09-28 23:11:35.569974,302026.72,600,purchase,MUMBAI,0
71555,2024-08-30 10:04:35.896212,344388.0,791,purchase,JAIPUR,0
33814,2024-04-22 07:29:35.632531,71563.8,693,refund,PUNE,0
44731,2024-02-20 05:49:35.716453,376316.32,287,transfer,KOLKATA,0
51987,2024-01-18 01:47:35.762806,91556.85,774,refund,AHMEDABAD,0
37363,2024-05-23 16:09:35.663623,180394.5,428,purchase,KOLKATA,0
35250,2024-03-01 06:20:35.648712,99638.55,641,refund,CHENNAI,0
95842,2023-12-19 11:29:36.009774,288321.82,7,purchase,HYDERABAD,1
15822,2024-10-15 06:00:35.540314,377096.78,266,transfer,DELHI,1
87136,2023-12-20 21:24:35.965417,231732.6,990,purchase,CHENNAI,0
31409,2024-09-26 02:11:35.617137,220708.12,639,purchase,KOLKATA,0
40726,2024-04-19 05:59:35.692218,149574.15,336,purchase,BENGALURU,0
3679,2024-09-07 10:09:35.488302,337169.25,17,purchase,JAIPUR,1
91227,2023-12-11 05:44:35.990053,16696.35,461,refund,CHENNAI,0
41221,2024-01-23 02:57:35.694947,133423.12,661,purchase,DELHI,0
80968,2024-09-06 01:29:35.942568,154797.22,710,purchase,PUNE,0
71112,2024-06-23 07:47:35.893815,159180.45,290,purchase,KOLKATA,0
66076,2024-07-02 16:59:35.855675,400959.9,92,transfer,JAIPUR,0
64184,2024-04-16 15:11:35.847187,74555.25,588,refund,BENGALURU,0
37248,2024-03-08 19:45:35.662852,144851.02,751,purchase,BENGALURU,0
71355,2023-12-15 05:46:35.895150,262972.05,669,purchase,PUNE,0
75407,2024-09-16 15:31:35.916636,339174.82,111,purchase,HYDERABAD,1
60650,2024-07-07 03:13:35.831130,378310.35,38,transfer,JAIPUR,0
79298,2024-07-20 16:20:35.935495,109149.15,331,purchase,JAIPUR,0
76983,2024-07-03 17:54:35.923493,229809.53,708,purchase,PUNE,0
87714,2024-02-22 07:03:35.967723,316186.2,81,purchase,DELHI,0
83827,2023-11-29 05:53:35.953235,284714.92,72,purchase,MUMBAI,0
1146,2024-06-24 05:02:35.468202,134879.25,767,purchase,MUMBAI,0
23623,2024-03-02 06:53:35.582367,285425.25,46,purchase,BENGALURU,0
14897,2024-10-20 07:56:35.535900,238420.05,710,purchase,BENGALURU,0
87711,2023-10-31 16:23:35.967708,408495.45,779,transfer,HYDERABAD,1
84107,2024-05-24 09:18:35.954291,356736.6,603,purchase,MUMBAI,1
50861,2024-09-21 07:44:35.755188,234000.52,448,purchase,PUNE,0
62231,2024-08-19 20:18:35.839278,164624.62,710,purchase,PUNE,0
4369,2024-03-11 01:58:35.491435,20031.0,284,refund,DELHI,0
68612,2024-08-22 22:20:35.869907,333043.42,479,cash_out,JAIPUR,0
56078,2024-07-03 07:06:35.806167,383210.85,778,transfer,BENGALURU,1
64462,2024-08-18 22:06:35.848141,89894.48,124,refund,DELHI,0
9732,2024-02-12 02:17:35.514517,327218.92,676,cash_out,KOLKATA,0
43129,2024-04-12 13:33:35.706399,234205.95,261,purchase,CHENNAI,0
32998,2024-02-23 03:17:35.627120,138623.92,149,purchase,PUNE,0
38165,2024-03-19 17:14:35.669050,14670.15,153,refund,SURAT,0
64622,2024-10-17 01:45:35.848809,128808.9,878,purchase,CHENNAI,0
68955,2024-06-28 17:17:35.881715,282868.58,677,purchase,SURAT,0
1603,2024-02-26 08:24:35.470740,260654.62,110,purchase,CHENNAI,0
97314,2024-02-25 12:04:36.016100,144302.4,597,purchase,CHENNAI,0
25345,2024-05-09 00:35:35.589807,252408.75,702,purchase,KOLKATA,0
78528,2024-08-30 22:01:35.931572,384916.95,489,transfer,PUNE,0
70139,2024-09-03 03:50:35.888538,168770.25,450,purchase,SURAT,0
33956,2024-08-06 05:52:35.633465,113684.18,63,purchase,AHMEDABAD,0
18566,2024-04-17 11:42:35.552016,87095.25,589,refund,BENGALURU,0
35905,2023-11-01 14:15:35.654424,360116.62,948,purchase,HYDERABAD,1
50204,2024-05-18 10:38:35.751198,227323.8,253,purchase,CHENNAI,1
83369,2023-11-08 14:47:35.951439,388865.4,719,transfer,KOLKATA,0
40278,2024-08-02 20:42:35.689794,97895.32,221,refund,SURAT,0
20129,2024-01-13 03:51:35.559422,233629.28,184,purchase,DELHI,0
12612,2023-12-11 22:54:35.526631,224169.82,608,purchase,PUNE,0
9694,2024-02-27 12:43:35.514390,75791.1,165,refund,JAIPUR,0
11552,2024-02-26 05:06:35.522139,341367.68,751,cash_out,JAIPUR,0
54447,2024-04-22 17:22:35.795093,24575.1,320,refund,KOLKATA,0
67202,2024-01-31 06:52:35.860714,183362.85,630,purchase,DELHI,0
73452,2024-04-15 10:35:35.906583,23704.72,110,refund,PUNE,0
76508,2024-01-06 05:01:35.921319,43236.6,188,refund,BENGALURU,0
49714,2024-02-18 08:22:35.748308,338716.95,526,purchase,DELHI,1
97944,2023-12-17 10:10:36.018859,192701.02,224,purchase,DELHI,0
77212,2023-12-28 05:14:35.924738,245918.48,206,purchase,JAIPUR,0
7877,2024-03-25 23:00:35.506741,272275.58,25,purchase,JAIPUR,0
34408,2024-03-01 10:08:35.636442,312456.38,192,purchase,HYDERABAD,1
62577,2024-02-06 17:51:35.840474,105841.72,560,purchase,HYDERABAD,0
62900,2024-01-06 13:32:35.841868,207934.65,429,purchase,KOLKATA,0
6250,2024-05-04 03:47:35.499698,213631.28,573,purchase,DELHI,0
37002,2024-02-10 02:48:35.661179,258228.3,317,purchase,SURAT,0
60912,2024-02-10 05:24:35.832799,115671.6,607,purchase,MUMBAI,0
79668,2024-05-24 19:28:35.937036,398295.15,958,transfer,AHMEDABAD,1
82222,2024-04-09 23:47:35.947071,348663.15,321,cash_out,PUNE,0
19910,2023-10-24 20:18:35.558517,180168.45,820,purchase,SURAT,0
74643,2024-07-15 11:12:35.912749,67595.55,427,refund,JAIPUR,0
70212,2024-08-02 00:27:35.888929,56762.48,904,refund,MUMBAI,0
18051,2024-01-01 00:38:35.550006,351233.02,935,cash_out,SURAT,0
80448,2024-01-02 14:15:35.940544,252594.38,844,purchase,MUMBAI,0
1105,2024-08-25 01:10:35.467931,287404.42,669,purchase,JAIPUR,0
56548,2024-10-21 08:52:35.809160,334869.98,315,purchase,BENGALURU,1
93188,2024-05-19 17:37:35.998420,75195.45,751,refund,KOLKATA,0
68337,2023-12-11 14:17:35.868119,145504.43,283,purchase,MUMBAI,0
69469,2024-10-15 21:32:35.884849,207862.88,834,purchase,BENGALURU,0
97421,2024-04-08 08:02:36.016552,321871.27,915,purchase,AHMEDABAD,0
8717,2024-05-02 09:30:35.510183,123952.12,595,purchase,MUMBAI,0
4044,2024-04-03 03:22:35.489912,320899.42,293,cash_out,DELHI,1
5719,2024-05-05 00:04:35.497152,12358.5,234,refund,KOLKATA,0
2333,2024-07-06 05:09:35.481740,404025.6,140,transfer,JAIPUR,0
48709,2024-03-11 13:05:35.741537,88163.63,278,refund,DELHI,0
61463,2024-05-29 18:19:35.836273,141468.52,816,purchase,MUMBAI,0
28631,2024-09-21 15:19:35.604043,64433.32,777,refund,CHENNAI,0
31547,2024-05-25 00:01:35.618043,137943.3,381,purchase,CHENNAI,0
9797,2024-08-23 21:13:35.514795,90176.62,59,refund,AHMEDABAD,0
51081,2024-04-15 04:33:35.756626,116991.6,790,purchase,KOLKATA,0
785,2024-01-20 08:03:35.466471,365444.48,705,purchase,KOLKATA,0
16735,2024-04-02 15:33:35.544546,292577.18,839,purchase,HYDERABAD,1
46786,2023-12-19 10:21:35.729260,250672.95,261,purchase,CHENNAI,0
25860,2024-08-25 20:10:35.592485,102389.1,144,refund,DELHI,0
11637,2024-06-03 23:52:35.522488,220236.22,955,purchase,SURAT,0
18356,2024-09-16 11:25:35.551170,34135.2,146,refund,JAIPUR,0
23059,2023-11-17 07:30:35.572314,130320.3,457,purchase,PUNE,0
90790,2024-07-04 22:55:35.988356,152997.9,815,purchase,AHMEDABAD,0
68152,2024-04-26 14:30:35.867037,323311.72,559,purchase,AHMEDABAD,0
43044,2024-07-14 03:14:35.705862,225455.18,967,purchase,SURAT,0
33256,2023-12-03 17:49:35.628826,159127.65,330,purchase,HYDERABAD,0
77335,2024-01-26 05:10:35.925469,104638.05,166,purchase,SURAT,0
23878,2023-12-06 00:44:35.583558,130948.95,14,purchase,SURAT,0
14209,2024-09-19 22:59:35.533001,355070.93,343,cash_out,BENGALURU,1
69789,2024-01-03 04:44:35.886683,347417.4,97,cash_out,AHMEDABAD,0
90001,2023-11-04 08:51:35.985517,41110.57,145,refund,AHMEDABAD,0
73112,2024-07-28 18:25:35.904851,263522.32,567,purchase,CHENNAI,0
6948,2024-02-06 06:34:35.502790,250381.72,528,purchase,BENGALURU,0
3942,2024-03-02 09:55:35.489435,315258.08,344,purchase,HYDERABAD,0
72987,2024-05-10 08:11:35.904179,338137.8,147,purchase,BENGALURU,0
3421,2024-03-30 23:31:35.487079,160530.98,378,purchase,BENGALURU,0
26900,2023-11-14 12:42:35.597186,352836.82,958,purchase,MUMBAI,1
23854,2024-04-03 06:01:35.583408,153452.48,926,purchase,CHENNAI,1
70231,2024-01-21 13:18:35.889027,379189.8,446,transfer,AHMEDABAD,0
46968,2024-05-23 00:00:35.730494,407641.57,394,transfer,KOLKATA,0
71664,2024-07-04 04:46:35.896782,237619.8,412,purchase,AHMEDABAD,0
22698,2024-08-21 21:27:35.570838,78800.7,638,refund,CHENNAI,0
55581,2024-09-04 11:58:35.802996,85173.0,489,refund,CHENNAI,0
93904,2024-03-06 14:47:36.001458,105628.87,121,purchase,DELHI,0
33967,2024-05-27 12:43:35.633540,226285.12,837,purchase,JAIPUR,0
18189,2024-02-13 22:31:35.550539,354163.43,895,cash_out,BENGALURU,1
33981,2024-05-02 04:31:35.633710,104595.98,131,purchase,JAIPUR,0
71394,2024-10-05 03:32:35.895363,313429.88,117,cash_out,AHMEDABAD,0
10766,2023-11-18 19:22:35.518970,135434.48,37,purchase,CHENNAI,0
66566,2023-11-30 09:47:35.858132,236644.65,961,purchase,JAIPUR,0
42504,2023-12-06 22:29:35.702478,46225.58,812,refund,DELHI,0
23437,2024-05-17 21:28:35.581713,207966.0,695,purchase,JAIPUR,0
85304,2024-01-04 16:12:35.958789,7439.02,21,refund,DELHI,0
33277,2024-02-28 02:35:35.628966,210108.52,318,purchase,DELHI,0
57071,2024-08-17 07:18:35.812618,207701.18,461,purchase,AHMEDABAD,0
82621,2024-09-20 20:13:35.948444,159827.25,782,purchase,AHMEDABAD,0
96379,2024-10-11 17:21:36.012056,42244.95,527,refund,JAIPUR,0
42161,2024-07-09 03:36:35.700293,64151.18,615,refund,SURAT,0
77558,2023-11-19 20:00:35.926523,408761.1,671,transfer,CHENNAI,0
38626,2024-01-27 22:19:35.672155,329366.4,583,cash_out,PUNE,0
56796,2023-10-24 00:27:35.810863,238494.3,373,purchase,DELHI,0
55948,2024-07-06 01:20:35.805324,358384.12,918,cash_out,SURAT,0
61753,2023-10-22 04:39:35.837664,293090.32,380,purchase,CHENNAI,0
28345,2024-05-22 03:26:35.602852,186898.8,608,purchase,HYDERABAD,0
29673,2024-01-02 14:59:35.608210,247814.32,649,purchase,HYDERABAD,0
34060,2024-09-29 10:49:35.634225,344327.78,1000,purchase,SURAT,0
71315,2023-11-10 18:29:35.894939,134975.78,258,purchase,PUNE,0
81127,2024-07-03 03:06:35.943123,8130.38,434,refund,BENGALURU,0
89459,2024-08-10 06:34:35.983576,60779.4,472,refund,DELHI,0
99347,2024-03-02 18:27:36.024750,89048.02,794,refund,DELHI,0
46086,2024-07-02 09:02:35.724828,293186.85,294,purchase,MUMBAI,0
30912,2023-12-03 10:30:35.613623,134820.68,295,purchase,HYDERABAD,0
73864,2024-09-22 06:40:35.908654,351103.5,180,purchase,HYDERABAD,1
50487,2024-09-04 10:29:35.752814,129177.68,202,purchase,MUMBAI,0
45294,2023-12-17 11:15:35.719872,122818.58,294,purchase,SURAT,0
51923,2024-04-16 01:59:35.762387,171758.4,598,purchase,DELHI,0
79210,2024-04-26 04:40:35.935119,268007.03,606,purchase,SURAT,0
57437,2024-05-17 04:01:35.815045,234739.72,102,purchase,SURAT,0
12114,2024-06-28 16:36:35.524554,115320.98,932,purchase,AHMEDABAD,0
71727,2024-07-11 06:33:35.897134,118022.85,719,purchase,CHENNAI,0
97235,2024-10-21 02:32:36.015733,127799.92,814,purchase,PUNE,0
28499,2024-01-04 04:36:35.603532,359177.78,967,cash_out,DELHI,1
83879,2024-01-16 01:11:35.953416,216885.9,828,purchase,CHENNAI,0
60198,2024-09-18 06:38:35.828941,133946.17,573,purchase,SURAT,0
48226,2024-04-24 17:10:35.738522,281870.32,52,purchase,MUMBAI,0
3255,2024-10-11 18:07:35.486345,363919.05,201,purchase,SURAT,0
20596,2024-06-29 16:30:35.561026,59083.2,647,refund,HYDERABAD,0
44833,2023-12-31 03:21:35.717100,298572.45,138,purchase,PUNE,0
97401,2024-05-28 13:29:36.016485,138987.75,368,purchase,DELHI,0
1729,2024-05-23 06:58:35.471302,3765.3,114,refund,DELHI,0
29112,2024-07-01 05:03:35.605935,265546.05,302,purchase,MUMBAI,0
60944,2024-05-30 11:40:35.832998,319991.1,600,purchase,BENGALURU,1
58206,2024-01-25 18:37:35.821412,186177.75,288,purchase,KOLKATA,0
41846,2024-05-16 06:06:35.698456,91382.78,958,refund,PUNE,0
92429,2024-03-14 04:38:35.995181,250053.37,995,purchase,SURAT,0
15113,2024-10-19 07:39:35.536820,51128.55,988,refund,HYDERABAD,0
30250,2024-07-20 03:38:35.610367,395690.62,957,transfer,JAIPUR,0
17550,2024-08-08 11:28:35.547987,240113.78,78,purchase,KOLKATA,0
81387,2024-08-06 13:21:35.944159,188684.92,674,purchase,MUMBAI,0
35487,2024-07-21 08:23:35.650468,98940.6,582,refund,KOLKATA,0
63854,2024-10-19 05:24:35.845968,102031.05,931,refund,MUMBAI,0
91943,2024-04-30 04:42:35.992856,139688.18,952,purchase,HYDERABAD,0
55136,2024-08-30 11:05:35.799565,133854.6,696,purchase,SURAT,0
68971,2024-09-22 01:56:35.881835,38636.4,480,refund,KOLKATA,0
71543,2024-08-21 06:00:35.896150,126803.32,40,purchase,AHMEDABAD,0
7930,2024-01-26 16:38:35.506950,293301.53,777,purchase,MUMBAI,0
76821,2024-08-04 13:51:35.922781,288596.55,499,purchase,HYDERABAD,0
29675,2024-06-08 18:26:35.608217,78510.3,213,refund,KOLKATA,0
20500,2024-06-16 23:14:35.560703,266041.05,142,purchase,HYDERABAD,0
44719,2024-02-21 14:09:35.716375,37832.02,662,refund,HYDERABAD,0
37100,2024-04-26 14:42:35.661854,229400.32,500,purchase,PUNE,0
60461,2024-02-07 23:56:35.830027,155845.8,983,purchase,PUNE,0
88181,2024-09-12 21:04:35.969512,285959.85,792,purchase,AHMEDABAD,0
34245,2023-10-28 18:55:35.635453,334672.8,962,purchase,KOLKATA,0
83755,2024-05-25 14:17:35.952978,15946.42,581,refund,KOLKATA,0
90510,2024-04-30 12:51:35.987383,134285.25,770,purchase,JAIPUR,0
96694,2024-03-26 10:18:36.013351,151666.35,712,purchase,PUNE,0
47755,2024-10-06 02:00:35.735733,305614.65,971,purchase,KOLKATA,0
25592,2024-06-24 11:57:35.590830,269925.15,942,purchase,BENGALURU,0
24301,2024-09-13 03:02:35.585189,133681.35,505,purchase,AHMEDABAD,0
9631,2024-03-22 15:16:35.514150,256258.2,265,purchase,KOLKATA,0
42928,2024-07-18 20:28:35.705085,110434.5,217,purchase,MUMBAI,0
92930,2024-07-29 13:48:35.997310,322059.38,658,purchase,HYDERABAD,0
69881,2024-05-12 04:10:35.887185,48533.1,27,refund,DELHI,0
93795,2024-02-19 18:55:36.000959,378175.88,349,transfer,HYDERABAD,1
95467,2024-03-18 10:15:36.008176,175242.38,823,purchase,KOLKATA,0
84054,2024-04-15 14:20:35.954098,409257.75,389,transfer,BENGALURU,1
12125,2023-10-24 13:59:35.524607,409897.12,67,transfer,JAIPUR,0
60852,2023-11-06 19:26:35.832409,257424.75,578,purchase,JAIPUR,0
60952,2023-12-16 23:49:35.833045,177714.9,702,purchase,DELHI,0
32872,2024-01-09 01:58:35.626339,22581.9,561,refund,CHENNAI,0
57511,2023-12-31 16:09:35.815517,55047.3,958,refund,SURAT,0
47857,2024-02-21 05:21:35.736404,53656.35,48,refund,CHENNAI,0
70998,2024-10-03 22:09:35.893159,22588.5,154,refund,JAIPUR,0
34799,2024-10-15 12:58:35.645740,82086.68,804,refund,MUMBAI,0
37735,2024-03-30 11:22:35.666180,30319.58,993,refund,SURAT,0
66236,2024-05-20 11:49:35.856476,223699.58,720,purchase,PUNE,0
63630,2023-11-06 14:39:35.844895,18781.12,181,refund,BENGALURU,0
3980,2024-07-22 13:35:35.489605,334938.45,346,purchase,DELHI,1
21101,2024-03-29 01:07:35.562849,167364.45,854,purchase,CHENNAI,0
67909,2024-08-09 09:39:35.865367,278581.88,828,purchase,CHENNAI,1
40318,2024-09-05 18:12:35.690022,297149.32,357,purchase,PUNE,0
27358,2024-02-11 14:33:35.598918,287906.03,377,purchase,BENGALURU,0
70842,2023-12-30 09:27:35.892205,28200.15,443,refund,PUNE,0
34226,2024-05-13 10:10:35.635327,312770.7,385,purchase,HYDERABAD,1
66772,2024-10-06 14:42:35.859110,98610.6,105,refund,KOLKATA,0
71264,2024-06-11 11:54:35.894670,228217.28,720,purchase,MUMBAI,0
46539,2023-12-20 19:15:35.727641,25841.48,669,refund,MUMBAI,0
18439,2024-01-21 09:27:35.551501,339173.18,921,purchase,BENGALURU,1
56668,2024-07-20 00:08:35.810026,334710.75,715,cash_out,SURAT,0
35927,2024-05-01 06:07:35.654570,335387.25,768,purchase,CHENNAI,0
90590,2024-04-25 12:30:35.987650,410133.9,621,transfer,MUMBAI,1
53089,2024-03-04 12:00:35.786105,58771.35,809,refund,AHMEDABAD,0
82904,2024-07-30 00:47:35.949588,45167.1,859,refund,AHMEDABAD,0
8524,2024-07-20 11:12:35.509402,246553.72,111,purchase,MUMBAI,0
34515,2024-06-09 12:26:35.637151,46974.68,588,refund,DELHI,0
56516,2024-03-03 18:19:35.808956,311550.52,532,purchase,KOLKATA,0
43435,2024-04-15 02:49:35.708331,305164.2,214,purchase,DELHI,0
54648,2024-10-15 15:02:35.796381,273278.77,345,purchase,PUNE,0
82951,2024-10-08 14:24:35.949759,220315.42,790,purchase,AHMEDABAD,0
26374,2024-02-27 03:33:35.594927,371029.72,865,transfer,DELHI,1
34461,2024-01-23 13:38:35.636792,273669.0,869,purchase,KOLKATA,0
3307,2024-06-05 00:55:35.486590,312235.28,419,cash_out,SURAT,0
22006,2024-04-20 13:04:35.566802,317537.55,301,purchase,AHMEDABAD,0
31049,2024-08-19 21:52:35.614530,158931.3,705,purchase,CHENNAI,0
88834,2024-09-07 18:49:35.972356,319033.28,44,purchase,KOLKATA,0
79581,2023-11-05 20:15:35.936622,33798.6,207,refund,PUNE,0
33697,2024-01-20 18:32:35.631754,214913.32,632,purchase,MUMBAI,0
48426,2024-01-15 14:06:35.739701,226246.35,715,purchase,HYDERABAD,0
60634,2024-03-20 18:13:35.831036,319781.55,284,purchase,BENGALURU,0
94097,2024-06-24 19:19:36.002293,116545.28,184,purchase,AHMEDABAD,0
95123,2024-09-21 18:36:36.006779,18184.65,705,refund,MUMBAI,0
57928,2024-08-14 16:32:35.819579,166050.22,158,purchase,CHENNAI,0
76239,2024-04-07 12:29:35.920279,357530.25,809,purchase,AHMEDABAD,0
4794,2024-09-19 04:47:35.493228,329094.98,86,cash_out,BENGALURU,0
88154,2024-07-08 04:01:35.969421,246806.18,468,purchase,CHENNAI,0
92147,2024-04-09 11:03:35.993867,319397.1,459,purchase,SURAT,0
82456,2024-05-14 17:58:35.947873,264299.48,214,purchase,SURAT,0
56267,2024-02-20 11:04:35.807374,378128.02,323,transfer,HYDERABAD,1
12857,2024-10-13 00:55:35.527643,204731.18,896,purchase,SURAT,0
81367,2024-08-06 12:46:35.944093,3084.68,581,refund,BENGALURU,0
4674,2024-02-04 02:01:35.492734,183227.55,360,purchase,BENGALURU,0
95006,2024-10-18 16:01:36.006249,52613.55,8,refund,BENGALURU,0
18119,2024-07-30 00:31:35.550251,380161.65,373,transfer,SURAT,0
40264,2024-01-05 14:12:35.689703,18767.1,688,refund,PUNE,0
33329,2024-09-04 11:08:35.629309,72840.08,804,refund,MUMBAI,0
78884,2024-05-30 13:26:35.932993,333842.85,81,purchase,DELHI,0
4637,2024-01-19 03:03:35.492542,129366.6,23,purchase,AHMEDABAD,0
32956,2023-11-15 05:52:35.626840,295247.7,301,purchase,HYDERABAD,0
72884,2024-07-10 19:45:35.903641,329537.18,495,purchase,CHENNAI,0
42568,2024-06-16 07:50:35.702883,91519.72,835,refund,AHMEDABAD,0
27659,2023-11-27 10:31:35.600182,345246.82,569,purchase,AHMEDABAD,0
30124,2023-11-05 00:17:35.609920,260347.72,83,purchase,MUMBAI,0
36305,2023-12-20 20:30:35.657072,189824.25,293,purchase,PUNE,0
46867,2024-03-08 19:40:35.729808,50820.0,946,refund,PUNE,0
41771,2023-12-14 15:31:35.698021,243069.75,437,purchase,SURAT,0
10579,2023-10-23 05:13:35.518182,76376.85,193,refund,CHENNAI,0
83367,2024-07-07 05:01:35.951432,240757.28,38,purchase,HYDERABAD,0
95703,2024-03-19 13:52:36.009175,191424.75,588,purchase,MUMBAI,0
12752,2024-08-08 12:56:35.527203,366846.98,412,purchase,DELHI,1
50866,2023-10-21 16:36:35.755223,362779.72,449,purchase,JAIPUR,0
17344,2024-10-18 02:42:35.547179,91852.2,964,refund,SURAT,0
70119,2024-09-19 07:44:35.888437,318829.5,577,purchase,SURAT,0
36218,2024-03-17 02:09:35.656496,353711.32,645,cash_out,PUNE,0
48619,2023-11-29 13:01:35.740938,143364.38,484,purchase,AHMEDABAD,0
25878,2024-07-13 16:44:35.592602,166911.52,887,purchase,CHENNAI,0
53438,2024-10-03 11:30:35.788439,172759.95,312,purchase,BENGALURU,0
58119,2024-05-27 16:55:35.820836,81500.92,19,refund,DELHI,0
34995,2023-11-07 05:17:35.647034,252244.58,644,purchase,CHENNAI,0
43708,2023-11-10 21:38:35.710115,214008.3,622,purchase,SURAT,0
41013,2024-02-13 07:17:35.693858,147277.35,445,purchase,SURAT,0
15985,2023-12-19 14:10:35.540883,206852.25,121,purchase,MUMBAI,0
74790,2024-08-16 14:33:35.913321,183489.08,966,purchase,SURAT,0
32156,2024-04-03 15:50:35.622142,250491.45,900,purchase,MUMBAI,0
47966,2024-01-05 06:47:35.737055,334672.8,99,purchase,KOLKATA,0
2451,2024-08-20 03:18:35.482492,56722.87,893,refund,CHENNAI,0
13615,2023-11-09 21:32:35.530646,309891.45,248,purchase,KOLKATA,0
14196,2024-05-11 09:07:35.532950,382998.82,992,transfer,MUMBAI,1
88612,2023-12-06 03:37:35.971589,31684.95,770,refund,AHMEDABAD,0
80252,2024-05-22 09:26:35.939765,196624.72,216,purchase,CHENNAI,0
43635,2024-08-28 02:13:35.709638,219493.72,945,purchase,AHMEDABAD,0
22548,2024-01-10 09:16:35.569857,345574.35,496,purchase,PUNE,0
64383,2024-09-22 11:02:35.847860,394800.45,422,transfer,HYDERABAD,1
13011,2024-04-13 00:46:35.528275,67606.28,720,refund,HYDERABAD,0
93432,2023-11-27 16:58:35.999438,82052.03,99,refund,MUMBAI,0
74510,2023-11-14 03:03:35.912190,320417.62,740,cash_out,HYDERABAD,1
72878,2024-02-15 11:08:35.903611,118791.75,282,purchase,KOLKATA,0
75323,2024-06-14 23:49:35.916135,237807.9,759,purchase,JAIPUR,0
33061,2024-05-16 04:35:35.627534,325654.72,742,cash_out,HYDERABAD,1
49550,2023-11-09 16:53:35.747212,108813.38,741,purchase,AHMEDABAD,0
55401,2024-02-04 22:09:35.801290,3502.13,520,refund,JAIPUR,0
19653,2024-07-13 05:03:35.557354,359029.28,85,cash_out,JAIPUR,0
54056,2023-12-01 21:28:35.792484,376433.48,587,transfer,CHENNAI,0
44303,2024-06-02 11:16:35.713696,64239.45,230,refund,KOLKATA,0
17914,2023-11-11 19:13:35.549378,400884.0,30,transfer,HYDERABAD,1
5589,2024-10-09 10:04:35.496587,319326.15,875,purchase,MUMBAI,1
97112,2024-05-02 06:25:36.015219,50696.25,838,refund,MUMBAI,0
49823,2024-04-27 21:59:35.749029,210507.0,431,purchase,KOLKATA,0
61661,2024-05-20 15:12:35.837316,25648.42,328,refund,MUMBAI,0
8562,2024-09-25 18:42:35.509554,261460.65,695,purchase,AHMEDABAD,0
97010,2024-02-21 00:42:36.014781,156849.83,36,purchase,JAIPUR,0
79983,2024-08-18 14:39:35.938701,360608.32,840,purchase,JAIPUR,0
88253,2023-12-02 14:18:35.970176,411968.7,509,transfer,BENGALURU,1
14071,2023-10-21 13:27:35.532505,182673.15,357,purchase,BENGALURU,0
59522,2024-02-28 14:44:35.826296,230291.32,540,purchase,KOLKATA,0
45775,2024-06-03 06:45:35.722754,184267.05,58,purchase,SURAT,0
12510,2024-07-07 18:17:35.526226,31564.5,964,refund,JAIPUR,0
85984,2023-11-23 10:55:35.961217,233875.12,201,purchase,CHENNAI,0
79836,2024-08-28 08:45:35.938032,391578.0,326,transfer,MUMBAI,1
51596,2024-07-08 22:29:35.760193,18576.52,343,refund,AHMEDABAD,0
1080,2024-01-03 21:52:35.467768,52169.7,918,refund,BENGALURU,0
44862,2024-07-27 21:21:35.717289,32467.88,305,refund,CHENNAI,0
31551,2024-08-02 06:59:35.618069,155484.45,338,purchase,DELHI,0
67220,2024-09-21 20:57:35.860774,395591.62,639,transfer,DELHI,1
18872,2024-10-09 09:27:35.553415,27508.8,220,refund,DELHI,0
66542,2024-09-08 23:14:35.858026,73641.98,548,refund,KOLKATA,0
72237,2023-11-20 22:25:35.899973,294761.77,986,purchase,SURAT,0
89130,2023-10-23 18:18:35.973472,207952.8,583,purchase,CHENNAI,0
26845,2024-02-05 02:31:35.597003,290606.25,818,purchase,KOLKATA,0
15871,2024-01-08 18:53:35.540479,53702.55,661,refund,CHENNAI,0
23279,2024-06-08 04:01:35.573083,161443.43,484,purchase,SURAT,0
40195,2024-09-21 02:00:35.689215,323847.97,174,cash_out,MUMBAI,1
70264,2024-04-11 06:25:35.889202,224054.32,604,purchase,SURAT,0
79035,2024-06-23 16:04:35.933808,274357.05,333,purchase,DELHI,0
26842,2024-01-14 15:25:35.596990,45789.15,803,refund,HYDERABAD,0
14586,2024-03-12 11:55:35.534582,287514.15,902,purchase,SURAT,0
6739,2024-06-03 06:02:35.501907,263470.35,54,purchase,MUMBAI,0
80699,2024-05-25 23:50:35.941498,126676.28,228,purchase,AHMEDABAD,0
20186,2024-01-01 02:52:35.559616,105189.98,925,purchase,AHMEDABAD,0
53406,2024-07-25 09:32:35.788227,164164.28,68,purchase,HYDERABAD,0
53561,2024-06-15 18:11:35.789220,19786.8,4,refund,BENGALURU,0
55105,2024-03-01 22:23:35.799366,242861.85,587,purchase,MUMBAI,0
85928,2024-09-24 07:57:35.961031,193333.8,931,purchase,SURAT,0
40372,2024-05-28 09:42:35.690314,57483.52,738,refund,AHMEDABAD,0
80891,2024-07-12 02:46:35.942250,376923.52,560,transfer,AHMEDABAD,0
26329,2024-05-04 22:09:35.594778,40929.9,841,refund,PUNE,0
86898,2024-02-05 14:09:35.964573,202666.2,702,purchase,DELHI,0
26910,2024-02-02 06:21:35.597220,185729.78,857,purchase,MUMBAI,0
27146,2024-09-20 11:48:35.598102,344476.28,255,purchase,AHMEDABAD,0
16400,2024-08-26 18:57:35.542588,337382.92,513,purchase,HYDERABAD,1
98360,2024-05-03 22:27:36.020627,168845.32,632,purchase,DELHI,0
30635,2023-12-09 05:55:35.611778,85345.42,738,refund,MUMBAI,0
83753,2023-11-12 19:08:35.952971,97775.7,701,refund,CHENNAI,0
54321,2023-12-11 23:45:35.794291,107424.9,881,purchase,HYDERABAD,0
53189,2024-10-03 10:51:35.786775,307548.45,874,purchase,KOLKATA,0
63077,2024-02-12 22:36:35.842832,300578.02,555,purchase,HYDERABAD,1
70347,2024-03-15 11:54:35.889633,356131.88,22,purchase,SURAT,0
17586,2024-01-03 05:41:35.548110,113015.92,392,purchase,CHENNAI,0
32462,2024-02-17 23:52:35.623884,384384.0,263,transfer,BENGALURU,1
97970,2024-08-24 13:23:36.018961,271453.05,914,purchase,CHENNAI,0
96378,2024-02-18 03:45:36.012052,314467.72,147,cash_out,MUMBAI,0
6491,2024-10-19 01:40:35.500770,294791.47,761,purchase,PUNE,0
27381,2024-04-14 17:53:35.598999,387585.0,713,transfer,SURAT,0
22104,2024-08-28 11:55:35.567164,205785.52,220,purchase,MUMBAI,0
70746,2023-12-07 12:43:35.891709,162959.78,907,purchase,KOLKATA,0
86929,2024-01-02 18:06:35.964685,219015.22,98,purchase,MUMBAI,0
36396,2023-11-12 18:55:35.657679,262474.58,87,purchase,CHENNAI,0
34534,2024-01-17 17:47:35.637276,328677.52,545,purchase,JAIPUR,0
26180,2024-07-03 07:09:35.594243,99147.68,989,refund,DELHI,0
75130,2024-07-01 08:49:35.915123,122069.48,902,purchase,MUMBAI,0
697,2024-10-12 22:01:35.466144,295175.92,665,purchase,HYDERABAD,0
16115,2024-07-18 18:28:35.541410,19911.38,46,refund,SURAT,0
69065,2024-04-13 23:27:35.882470,339352.2,822,cash_out,PUNE,0
13347,2024-01-26 10:22:35.529557,298874.4,662,purchase,PUNE,0
92100,2024-03-21 22:38:35.993621,231615.45,741,purchase,CHENNAI,0
52294,2024-04-11 04:36:35.764819,181362.22,728,purchase,MUMBAI,0
57505,2024-07-23 20:23:35.815478,400751.18,625,transfer,DELHI,1
21387,2024-09-27 06:27:35.564094,34709.4,345,refund,CHENNAI,0
18739,2024-02-09 04:46:35.552776,331640.1,334,cash_out,AHMEDABAD,0
81522,2024-05-27 23:50:35.944628,374389.12,235,transfer,PUNE,0
84358,2024-04-04 00:28:35.955196,122614.8,163,purchase,KOLKATA,0
56240,2024-08-03 18:00:35.807191,398985.68,847,transfer,MUMBAI,1
10612,2024-04-08 05:56:35.518311,85522.8,33,refund,CHENNAI,0
60550,2024-07-05 23:51:35.830534,312905.18,397,cash_out,SURAT,0
34447,2024-03-03 00:11:35.636699,65708.78,882,refund,HYDERABAD,0
54305,2023-11-07 23:39:35.794191,21939.22,108,refund,AHMEDABAD,0
2536,2024-03-25 11:32:35.483005,95265.22,334,refund,JAIPUR,0
58760,2024-10-18 10:22:35.823377,157487.55,422,purchase,MUMBAI,0
72175,2024-03-17 11:30:35.899652,198340.72,8,purchase,PUNE,0
628,2024-07-01 04:00:35.465911,253431.75,350,purchase,KOLKATA,0
36122,2023-12-12 21:36:35.655859,92282.02,998,refund,BENGALURU,0
36165,2024-07-27 16:11:35.656150,300738.08,189,purchase,BENGALURU,1
24320,2024-05-12 03:44:35.585252,128765.18,243,purchase,JAIPUR,0
33625,2024-04-28 03:14:35.631279,158569.95,505,purchase,KOLKATA,0
41076,2024-01-17 14:30:35.694198,10136.78,980,refund,HYDERABAD,0
73017,2023-10-27 17:14:35.904350,68487.38,978,refund,SURAT,0
47103,2024-07-09 11:27:35.731386,376559.7,998,transfer,BENGALURU,1
79366,2024-03-31 19:48:35.935822,84795.15,25,refund,KOLKATA,0
88390,2024-04-02 09:21:35.970721,300111.9,927,purchase,SURAT,0
25201,2024-09-07 15:24:35.589090,387967.8,962,transfer,SURAT,0
94029,2024-03-04 10:15:36.001970,37438.5,401,refund,BENGALURU,1
81917,2024-10-20 08:39:35.946012,410283.22,172,transfer,HYDERABAD,1
77360,2023-11-28 01:01:35.925557,377639.62,317,transfer,HYDERABAD,1
11899,2024-01-17 08:33:35.523595,113219.7,201,purchase,DELHI,0
21202,2023-11-29 17:33:35.563296,168761.18,13,purchase,AHMEDABAD,0
92642,2024-02-01 11:52:35.996118,9612.9,696,refund,AHMEDABAD,0
37511,2024-01-23 19:36:35.664611,326944.2,351,purchase,BENGALURU,0
36188,2024-01-14 02:19:35.656302,346963.65,517,cash_out,SURAT,0
45362,2024-05-22 12:09:35.720252,231896.78,952,purchase,PUNE,0
54092,2024-05-12 03:51:35.792706,330941.32,908,cash_out,KOLKATA,0
60104,2024-01-10 06:46:35.828625,150018.83,858,purchase,KOLKATA,0
38547,2023-12-28 03:06:35.671627,309313.12,745,cash_out,PUNE,0
53205,2024-09-03 10:20:35.786885,279058.73,862,purchase,PUNE,0
80963,2023-12-28 23:02:35.942544,162591.0,293,purchase,JAIPUR,0
54370,2024-03-02 22:40:35.794599,10997.25,826,refund,JAIPUR,0
75085,2023-12-04 15:12:35.914907,7114.8,551,refund,PUNE,0
65785,2023-11-25 00:41:35.854225,65156.02,902,refund,AHMEDABAD,0
69942,2023-11-13 11:09:35.887518,261277.5,548,purchase,JAIPUR,0
98548,2023-12-10 19:09:36.021376,316013.77,218,purchase,SURAT,0
75472,2024-08-28 23:02:35.916963,18694.5,828,refund,PUNE,0
79352,2024-10-12 08:34:35.935764,127221.6,53,purchase,SURAT,0
95723,2023-11-05 06:57:36.009251,139112.33,979,purchase,JAIPUR,0
60671,2024-04-19 03:21:35.831265,287010.08,994,purchase,SURAT,0
9121,2023-11-03 02:22:35.511884,387778.05,41,transfer,DELHI,1
62145,2024-03-23 20:27:35.838991,46094.4,383,refund,MUMBAI,0
48141,2024-01-10 07:36:35.738053,147529.8,593,purchase,DELHI,0
51261,2024-05-26 15:02:35.757975,327741.98,845,purchase,BENGALURU,1
89889,2024-05-06 17:18:35.985142,23368.95,502,refund,DELHI,0
18077,2024-09-14 04:22:35.550097,330246.68,181,cash_out,BENGALURU,0
55992,2024-03-28 19:23:35.805624,316540.95,997,purchase,PUNE,0
95701,2024-08-14 05:57:36.009168,14391.3,173,refund,JAIPUR,0
84572,2024-10-08 23:41:35.955998,398002.28,697,transfer,HYDERABAD,1
78286,2024-03-18 15:01:35.930297,56974.5,950,refund,SURAT,0
85522,2024-05-02 11:29:35.959535,26070.0,112,refund,CHENNAI,0
26074,2024-08-02 17:54:35.593738,260121.68,918,purchase,MUMBAI,0
13496,2024-02-21 22:32:35.530195,369034.05,525,cash_out,BENGALURU,1
84429,2023-12-09 01:07:35.955452,205288.05,244,purchase,DELHI,0
2069,2023-12-25 16:18:35.472687,363759.0,846,purchase,KOLKATA,0
45922,2024-08-26 10:30:35.723730,12839.48,991,refund,JAIPUR,0
58342,2023-10-24 17:39:35.821976,281239.2,502,purchase,JAIPUR,0
54975,2023-11-28 05:48:35.798513,270121.5,608,purchase,JAIPUR,0
27883,2024-08-09 16:49:35.601055,88427.62,130,refund,HYDERABAD,0
96860,2024-06-24 07:18:36.014149,215637.68,536,purchase,DELHI,0
54868,2024-02-21 18:51:35.797828,282366.15,137,purchase,KOLKATA,0
67447,2024-09-06 04:09:35.861608,3518.62,909,refund,AHMEDABAD,0
97670,2024-08-18 15:26:36.017643,64879.65,769,refund,CHENNAI,0
45361,2024-04-23 19:17:35.720247,266342.18,961,purchase,BENGALURU,0
75694,2024-06-10 08:26:35.917917,335859.98,274,purchase,MUMBAI,1
5706,2024-05-28 04:40:35.497109,285590.25,963,purchase,DELHI,0
10570,2024-07-03 08:17:35.518134,358691.02,425,purchase,DELHI,1
1481,2024-08-02 11:22:35.470289,202413.75,264,purchase,JAIPUR,0
92916,2024-04-26 23:40:35.997263,400954.95,840,transfer,JAIPUR,0
51580,2024-04-10 14:29:35.760089,303956.4,840,purchase,MUMBAI,0
93906,2024-07-26 07:24:36.001464,326181.9,919,purchase,PUNE,0
81961,2024-02-25 20:34:35.946158,410230.42,381,transfer,SURAT,0
45848,2024-10-17 07:24:35.723237,275465.02,525,purchase,SURAT,0
23256,2024-04-08 23:30:35.572997,340902.37,349,cash_out,MUMBAI,1
9554,2023-11-29 07:38:35.513800,122779.8,418,purchase,CHENNAI,0
19991,2024-09-24 07:26:35.558910,295623.9,208,purchase,JAIPUR,0
57051,2024-01-19 14:06:35.812486,228074.55,794,purchase,AHMEDABAD,0
72106,2024-08-26 08:15:35.899253,166605.45,394,purchase,PUNE,0
75372,2023-10-25 21:06:35.916428,83739.15,749,refund,KOLKATA,0
12397,2024-04-07 14:16:35.525782,393113.32,512,transfer,CHENNAI,0
95441,2024-07-17 05:13:36.008071,224282.85,414,purchase,SURAT,0
15205,2024-07-20 08:10:35.537391,63812.92,128,refund,CHENNAI,0
13494,2024-06-22 06:01:35.530189,268106.85,24,purchase,PUNE,0
46435,2024-03-27 10:36:35.727030,40780.57,371,refund,PUNE,0
64001,2023-10-29 06:24:35.846511,263950.5,790,purchase,PUNE,0
53947,2024-06-03 17:32:35.791767,267005.47,452,purchase,SURAT,0
89996,2023-11-19 16:55:35.985500,224885.92,936,purchase,BENGALURU,0
30079,2024-05-29 01:03:35.609769,356645.02,438,cash_out,KOLKATA,0
46230,2024-09-10 18:50:35.725796,17808.45,138,refund,BENGALURU,0
94375,2023-11-06 12:32:36.003581,323210.25,452,purchase,SURAT,0
31165,2023-10-27 17:05:35.615486,366100.35,194,purchase,JAIPUR,0
23561,2024-04-09 12:58:35.582152,347639.32,462,purchase,PUNE,0
38778,2024-09-17 00:50:35.673171,62560.58,58,refund,PUNE,0
93267,2023-11-24 05:28:35.998716,377713.05,68,transfer,BENGALURU,1
75960,2024-04-04 00:21:35.919025,321052.05,328,cash_out,HYDERABAD,0
97745,2024-07-30 00:23:36.017997,42925.58,338,refund,JAIPUR,0
52579,2024-07-08 02:37:35.766691,264489.22,903,purchase,CHENNAI,0
94398,2024-09-07 14:48:36.003658,324080.62,532,purchase,PUNE,0
54304,2024-01-21 23:14:35.794185,329816.85,235,cash_out,HYDERABAD,1
31462,2024-04-01 06:02:35.617472,65337.52,918,refund,CHENNAI,0
20906,2024-03-24 09:50:35.562147,316950.15,331,purchase,JAIPUR,0
22456,2024-06-26 21:38:35.569251,399401.48,330,transfer,HYDERABAD,1
17492,2024-04-26 14:11:35.547780,205456.35,437,purchase,AHMEDABAD,0
70182,2024-01-11 06:00:35.888768,133549.35,958,purchase,PUNE,0
30292,2024-03-23 14:28:35.610507,375904.65,283,transfer,PUNE,0
80898,2024-08-20 22:50:35.942273,367326.3,205,cash_out,CHENNAI,0
92985,2024-10-09 19:15:35.997520,20055.75,81,refund,PUNE,0
85684,2023-10-23 17:01:35.960114,5213.18,270,refund,BENGALURU,0
21245,2023-10-25 23:52:35.563483,295152.0,382,purchase,JAIPUR,0
1505,2023-11-04 06:35:35.470383,41184.0,662,refund,KOLKATA,0
96064,2023-11-09 10:10:36.010738,38394.67,823,refund,SURAT,0
63835,2024-01-14 00:38:35.845865,262222.95,910,purchase,HYDERABAD,0
15599,2024-02-05 14:02:35.539216,129077.02,347,purchase,HYDERABAD,0
94899,2024-01-10 18:37:36.005813,133849.65,359,purchase,SURAT,0
81583,2024-09-30 13:57:35.944838,245571.98,399,purchase,JAIPUR,0
68131,2023-11-24 09:38:35.866898,361494.38,648,purchase,AHMEDABAD,0
744,2024-05-23 09:03:35.466301,233524.5,875,purchase,HYDERABAD,0
58524,2024-07-21 19:58:35.822583,231796.12,343,purchase,SURAT,0
59504,2024-09-28 06:23:35.826183,12260.32,400,refund,JAIPUR,1
2889,2023-11-11 06:08:35.484675,80732.03,24,refund,PUNE,0
65091,2024-09-16 09:16:35.850799,10770.38,575,refund,KOLKATA,0
69850,2024-08-18 04:43:35.887022,33247.5,993,refund,AHMEDABAD,0
96710,2024-08-28 17:37:36.013406,86945.92,544,refund,HYDERABAD,0
75665,2023-10-29 09:34:35.917789,382674.6,319,transfer,PUNE,0
84443,2024-06-22 11:02:35.955500,296246.77,175,purchase,SURAT,0
51791,2024-07-06 00:33:35.761489,303425.1,45,purchase,SURAT,0
97273,2024-10-12 20:07:36.015917,79949.1,40,refund,JAIPUR,0
2601,2023-11-04 10:47:35.483393,405649.2,170,transfer,CHENNAI,0
25982,2024-02-16 04:41:35.593283,285627.38,778,purchase,BENGALURU,0
89748,2024-01-29 02:26:35.984602,264089.1,640,purchase,AHMEDABAD,0
33210,2024-01-08 05:30:35.628524,203198.32,642,purchase,AHMEDABAD,0
35900,2024-07-02 20:24:35.654391,19424.62,999,refund,JAIPUR,0
36338,2024-10-20 13:15:35.657285,169156.35,985,purchase,HYDERABAD,0
90482,2024-01-24 02:45:35.987290,35582.25,667,refund,CHENNAI,0
51518,2024-04-26 20:27:35.759664,4067.25,847,refund,SURAT,0
98193,2024-02-16 16:48:36.019897,235134.9,53,purchase,DELHI,0
26418,2024-01-23 16:05:35.595113,36200.18,29,refund,SURAT,0
11060,2024-06-14 14:23:35.520136,179704.8,484,purchase,HYDERABAD,0
73839,2023-10-22 01:48:35.908496,124233.45,970,purchase,HYDERABAD,0
54526,2024-09-07 21:33:35.795599,171526.58,359,purchase,BENGALURU,0
44109,2024-02-15 02:10:35.712650,344044.8,21,cash_out,CHENNAI,0
75507,2024-03-31 05:24:35.917097,219823.72,478,purchase,BENGALURU,0
7664,2024-07-05 13:29:35.505868,364981.65,699,purchase,AHMEDABAD,0
55732,2024-10-04 20:05:35.803951,21578.7,757,refund,KOLKATA,0
18205,2024-10-07 06:23:35.550598,311053.88,127,purchase,BENGALURU,0
48435,2024-07-19 03:24:35.739756,110119.35,314,purchase,CHENNAI,0
6651,2024-01-10 06:20:35.501491,135325.57,408,purchase,CHENNAI,0
23415,2023-11-05 21:00:35.573549,172694.78,928,purchase,MUMBAI,0
50494,2024-04-04 20:11:35.752859,66047.85,662,refund,AHMEDABAD,0
40137,2024-06-18 14:59:35.688914,279250.95,242,purchase,KOLKATA,0
66514,2023-12-29 00:13:35.857830,8789.55,107,refund,MUMBAI,0
55569,2024-03-24 16:02:35.802911,325746.3,626,purchase,DELHI,1
36845,2024-02-10 14:14:35.660231,383304.07,386,transfer,MUMBAI,1
74000,2024-09-21 00:44:35.909378,50993.25,126,refund,DELHI,0
40990,2024-02-26 06:36:35.693736,374588.78,557,transfer,PUNE,0
49011,2023-11-18 08:55:35.743632,214340.78,440,purchase,MUMBAI,0
92209,2024-08-27 00:35:35.994111,118668.0,82,purchase,HYDERABAD,0
11274,2024-08-31 18:30:35.520991,352201.57,73,purchase,SURAT,0
68837,2024-06-23 13:15:35.871369,4205.85,157,refund,HYDERABAD,0
82899,2024-03-18 11:37:35.949553,102345.38,513,refund,CHENNAI,0
16810,2024-01-15 17:51:35.544800,218010.38,405,purchase,BENGALURU,0
96044,2023-11-22 10:06:36.010644,235502.85,693,purchase,KOLKATA,0
25090,2023-12-15 02:20:35.588595,50125.35,716,refund,MUMBAI,0
56698,2024-07-13 20:13:35.810224,162308.02,605,purchase,KOLKATA,0
46530,2024-07-15 02:53:35.727585,21792.37,236,refund,CHENNAI,0
60172,2024-03-28 07:07:35.828853,301266.08,644,purchase,CHENNAI,0
50519,2023-12-04 14:13:35.752995,57555.3,831,refund,BENGALURU,0
50469,2024-05-03 17:49:35.752719,138739.43,622,purchase,MUMBAI,0
46222,2024-10-20 09:47:35.725743,93201.08,816,refund,BENGALURU,0
77660,2024-03-26 08:48:35.926992,304794.6,152,purchase,AHMEDABAD,0
5616,2024-02-11 14:18:35.496712,195.52,916,refund,DELHI,0
58237,2024-10-07 07:24:35.821621,113568.67,384,purchase,KOLKATA,0
31603,2024-06-21 14:35:35.618410,146289.0,921,purchase,MUMBAI,0
15663,2023-11-29 16:12:35.539556,292864.27,471,purchase,SURAT,0
61180,2024-08-07 23:27:35.834441,209296.72,191,purchase,JAIPUR,0
69527,2024-08-30 07:42:35.885165,75879.38,235,refund,MUMBAI,0
50034,2024-01-05 02:32:35.750251,326999.48,906,cash_out,PUNE,0
55549,2023-12-15 15:19:35.802782,407692.72,789,transfer,DELHI,1
46411,2024-08-05 03:15:35.726876,84822.38,472,refund,DELHI,0
28529,2024-03-06 13:27:35.603645,250503.0,161,purchase,KOLKATA,0
92721,2024-03-20 15:55:35.996397,200378.48,368,purchase,MUMBAI,0
86118,2024-10-15 10:07:35.961802,48623.02,359,refund,MUMBAI,0
11697,2024-05-02 20:44:35.522747,91759.8,990,refund,KOLKATA,0
53883,2024-04-09 06:44:35.791362,42230.92,895,refund,HYDERABAD,0
5773,2024-10-18 00:50:35.497403,20219.92,100,refund,MUMBAI,0
97869,2024-05-27 19:10:36.018553,6776.55,890,refund,CHENNAI,0
64413,2023-11-22 10:33:35.847960,211739.55,947,purchase,JAIPUR,0
340,2024-06-21 12:12:35.464360,124709.48,636,purchase,BENGALURU,0
41939,2024-10-05 05:47:35.698992,283498.88,502,purchase,PUNE,0
49899,2024-10-15 07:23:35.749498,37523.48,430,refund,BENGALURU,0
59552,2024-01-05 08:52:35.826430,337651.05,241,purchase,AHMEDABAD,0
23851,2024-04-03 19:09:35.583387,214782.15,619,purchase,AHMEDABAD,0
23890,2024-06-16 14:44:35.583636,52045.95,334,refund,HYDERABAD,0
3966,2024-05-13 19:44:35.489535,69872.55,825,refund,HYDERABAD,0
40565,2024-02-27 07:07:35.691338,275615.18,619,purchase,HYDERABAD,0
19048,2024-02-29 09:31:35.554426,307459.35,507,purchase,PUNE,0
85211,2024-03-07 21:48:35.958443,250247.25,478,purchase,PUNE,0
28915,2023-10-24 11:19:35.605145,165457.88,708,purchase,MUMBAI,0
64717,2024-01-28 14:25:35.849138,48334.28,24,refund,DELHI,0
69950,2023-11-27 02:28:35.887557,117633.45,92,purchase,MUMBAI,0
79743,2024-01-31 20:54:35.937418,265678.88,517,purchase,SURAT,0
60348,2024-04-06 21:27:35.829448,9760.58,346,refund,AHMEDABAD,0
68472,2024-09-10 14:32:35.869046,98421.68,544,refund,CHENNAI,0
35080,2023-11-05 10:56:35.647591,167666.4,250,purchase,PUNE,0
29973,2024-07-14 09:19:35.609349,346359.75,735,purchase,DELHI,1
11737,2024-10-07 17:40:35.522900,156671.62,304,purchase,SURAT,0
92392,2024-02-28 19:46:35.995049,132291.22,644,purchase,CHENNAI,0
77903,2024-01-31 21:00:35.928301,161512.72,385,purchase,DELHI,0
64346,2024-03-20 15:44:35.847736,137793.15,174,purchase,DELHI,0
41412,2024-09-22 21:03:35.695998,374079.75,186,transfer,MUMBAI,1
57298,2024-03-20 21:01:35.814171,172360.65,872,purchase,KOLKATA,0
63651,2024-04-12 11:13:35.845011,126845.4,53,purchase,JAIPUR,0
45345,2024-05-15 07:10:35.720150,314653.35,879,purchase,SURAT,0
68096,2024-02-25 08:30:35.866665,20204.25,712,refund,HYDERABAD,0
7532,2024-09-18 16:02:35.505316,205050.45,73,purchase,HYDERABAD,0
81855,2023-10-26 15:00:35.945788,122698.95,399,purchase,PUNE,0
80421,2024-05-05 06:50:35.940454,203235.45,348,purchase,PUNE,0
10401,2024-09-01 21:45:35.517410,389490.75,11,transfer,JAIPUR,0
40781,2023-10-28 19:16:35.692508,381445.35,573,transfer,KOLKATA,0
68516,2024-01-06 07:41:35.869302,102266.17,517,refund,HYDERABAD,0
67802,2024-04-04 05:52:35.864658,214449.68,282,purchase,HYDERABAD,0
1741,2024-03-09 10:03:35.471349,379375.42,454,transfer,JAIPUR,0
53543,2024-06-17 19:38:35.789105,135120.98,596,purchase,JAIPUR,0
49685,2024-08-14 00:02:35.748115,35103.75,39,refund,MUMBAI,0
80277,2023-11-19 08:05:35.939851,204666.0,544,purchase,KOLKATA,0
7564,2024-05-14 04:23:35.505487,76653.23,373,refund,KOLKATA,0
46578,2024-08-06 18:35:35.727881,261473.02,610,purchase,JAIPUR,0
99446,2024-03-09 22:16:36.025176,265767.97,758,purchase,SURAT,0
58577,2024-10-03 14:36:35.822760,21131.55,382,refund,BENGALURU,0
41913,2024-04-18 04:21:35.698841,324652.35,756,cash_out,BENGALURU,1
84470,2024-03-29 04:29:35.955592,282362.85,903,purchase,CHENNAI,0
90149,2024-05-26 12:43:35.986131,34529.55,992,refund,HYDERABAD,0
62547,2024-07-14 20:21:35.840372,409718.1,566,transfer,DELHI,1
27654,2024-05-05 17:29:35.600157,346311.08,892,purchase,CHENNAI,0
62678,2023-11-08 02:12:35.840812,89076.08,107,refund,CHENNAI,0
10956,2023-10-23 05:46:35.519739,224548.5,541,purchase,HYDERABAD,0
83971,2024-03-19 05:56:35.953819,387616.35,914,transfer,HYDERABAD,1
72855,2023-11-22 00:45:35.903482,136497.08,990,purchase,KOLKATA,0
85543,2024-06-01 11:54:35.959623,271052.1,878,purchase,PUNE,0
88446,2024-03-23 17:33:35.970935,19567.35,38,refund,HYDERABAD,0
72306,2023-12-19 15:48:35.900342,386322.75,135,transfer,AHMEDABAD,0
56245,2024-08-12 01:21:35.807223,267556.58,434,purchase,JAIPUR,0
5142,2024-01-01 05:45:35.494802,13558.88,822,refund,PUNE,0
36220,2023-11-24 02:38:35.656509,142621.88,138,purchase,DELHI,0
30602,2024-09-24 22:50:35.611619,246317.78,796,purchase,AHMEDABAD,0
43644,2024-02-07 06:09:35.709696,305910.82,30,purchase,JAIPUR,0
3751,2024-07-15 06:20:35.488616,150041.93,417,purchase,CHENNAI,0
89594,2023-12-20 00:13:35.984089,364510.58,666,cash_out,AHMEDABAD,0
92509,2024-04-17 06:09:35.995532,50893.42,986,refund,HYDERABAD,0
4029,2024-01-12 16:47:35.489851,397928.02,883,transfer,CHENNAI,0
45714,2024-07-24 18:52:35.722355,307021.27,362,purchase,SURAT,0
13970,2024-05-04 06:38:35.532077,199169.85,987,purchase,MUMBAI,0
79955,2024-05-15 20:41:35.938596,35959.28,842,refund,KOLKATA,0
10391,2023-10-21 13:00:35.517362,188447.32,191,purchase,BENGALURU,0
20696,2023-11-01 05:57:35.561382,135850.28,113,purchase,JAIPUR,0
78921,2024-02-15 08:56:35.933185,161289.15,440,purchase,BENGALURU,0
69660,2024-09-07 10:15:35.885962,197019.9,499,purchase,HYDERABAD,0
66550,2023-11-04 09:23:35.858067,121217.25,518,purchase,HYDERABAD,0
80966,2023-12-13 05:22:35.942562,43146.68,815,refund,SURAT,0
9847,2024-10-15 09:06:35.515021,55623.98,391,refund,HYDERABAD,0
86975,2024-05-31 22:13:35.964840,239233.5,416,purchase,KOLKATA,0
27295,2024-03-28 15:06:35.598681,337782.22,593,purchase,JAIPUR,0
89639,2023-10-30 03:36:35.984238,372824.1,168,transfer,CHENNAI,0
22584,2024-05-08 23:38:35.570091,363189.75,789,cash_out,DELHI,1
49190,2024-07-09 07:47:35.744789,185854.35,416,purchase,HYDERABAD,0
91965,2024-06-04 18:01:35.992949,295790.55,741,purchase,HYDERABAD,0
99555,2024-05-06 19:51:36.025759,57562.72,647,refund,PUNE,0
53570,2024-05-22 10:09:35.789280,79723.05,337,refund,CHENNAI,0
84561,2023-10-23 16:50:35.955961,142703.55,632,purchase,DELHI,0
17092,2024-08-05 13:27:35.546048,204691.58,944,purchase,HYDERABAD,0
81290,2024-01-30 21:35:35.943837,278064.6,153,purchase,KOLKATA,0
89102,2023-11-03 03:05:35.973356,117183.0,940,purchase,KOLKATA,0
19846,2024-04-23 04:23:35.558301,7378.8,912,refund,PUNE,0
67102,2024-07-07 01:25:35.860313,383356.88,164,transfer,JAIPUR,0
37766,2024-05-30 14:56:35.666390,75716.02,350,refund,PUNE,0
86736,2024-04-11 21:20:35.964021,13883.1,748,refund,PUNE,0
57471,2024-03-15 01:08:35.815265,360005.25,761,cash_out,DELHI,1
65869,2023-11-15 18:09:35.854680,310865.78,264,purchase,KOLKATA,0
87813,2024-08-13 05:39:35.968190,368638.88,138,cash_out,DELHI,1
12254,2024-07-03 10:36:35.525144,62690.1,318,refund,CHENNAI,0
81593,2024-03-04 12:20:35.944880,118026.15,398,purchase,PUNE,0
10308,2024-10-04 19:37:35.517014,371806.88,826,transfer,JAIPUR,0
86060,2024-05-30 04:24:35.961471,101592.98,481,refund,DELHI,0
41386,2024-03-20 02:22:35.695854,144249.6,324,purchase,BENGALURU,0
553,2023-11-14 09:57:35.465473,351177.75,897,purchase,DELHI,0
77437,2024-04-03 07:56:35.925950,121490.32,512,purchase,SURAT,0
10035,2024-07-03 12:41:35.515872,143740.57,460,purchase,MUMBAI,0
55669,2024-03-08 15:34:35.803556,67742.4,726,refund,BENGALURU,0
14156,2024-05-26 20:52:35.532792,173872.05,410,purchase,SURAT,0
51059,2024-01-03 08:42:35.756481,270053.02,437,purchase,PUNE,0
2457,2024-04-14 14:55:35.482527,36253.8,497,refund,AHMEDABAD,0
33141,2024-03-10 18:02:35.628070,402760.05,732,transfer,CHENNAI,0
80993,2023-11-07 23:33:35.942659,52733.18,241,refund,DELHI,0
85505,2024-07-22 01:25:35.959478,20409.68,759,refund,DELHI,0
71467,2023-12-06 05:16:35.895752,395057.85,642,transfer,DELHI,1
6256,2024-02-10 17:13:35.499718,14716.35,346,refund,AHMEDABAD,0
90633,2024-07-29 06:11:35.987829,315808.35,280,purchase,PUNE,0
83542,2024-10-15 18:02:35.952210,105875.55,420,purchase,JAIPUR,0
21574,2023-12-21 14:11:35.564900,49976.85,444,refund,SURAT,0
50559,2024-05-09 18:54:35.753227,90876.22,297,refund,SURAT,0
38055,2024-08-06 07:00:35.668315,33245.85,978,refund,HYDERABAD,0
60114,2024-05-01 22:39:35.828659,63032.48,453,refund,AHMEDABAD,0
3795,2023-11-12 16:45:35.488810,276814.72,218,purchase,MUMBAI,0
25127,2024-03-19 05:48:35.588719,371108.1,382,transfer,JAIPUR,0
48671,2024-04-01 14:56:35.741287,328514.18,883,purchase,AHMEDABAD,0
53374,2024-07-09 22:52:35.788015,100360.42,123,refund,BENGALURU,0
39206,2024-08-10 21:52:35.683997,8212.05,534,refund,AHMEDABAD,0
6153,2024-05-25 21:38:35.499255,241243.2,170,purchase,HYDERABAD,0
40342,2024-08-14 01:31:35.690144,39984.45,455,refund,PUNE,0
43116,2024-07-28 04:23:35.706318,230350.72,578,purchase,DELHI,0
51755,2023-12-16 02:28:35.761252,277244.55,722,purchase,MUMBAI,0
47728,2024-04-05 12:17:35.735553,389083.2,785,transfer,MUMBAI,1
92628,2024-08-31 02:20:35.996070,142109.55,606,purchase,BENGALURU,0
87603,2023-12-17 19:52:35.967187,75372.82,810,refund,PUNE,0
78348,2024-08-26 21:14:35.930640,375191.85,539,transfer,CHENNAI,0
19276,2024-05-17 04:19:35.555756,319124.03,829,cash_out,DELHI,1
63386,2023-10-23 14:02:35.843923,318654.6,147,purchase,CHENNAI,0
25270,2024-06-29 06:14:35.589474,405770.48,362,transfer,HYDERABAD,1
16942,2024-05-25 00:48:35.545340,133510.57,225,purchase,PUNE,0
62151,2024-10-20 14:03:35.839011,116142.68,372,purchase,BENGALURU,0
25853,2023-12-19 18:57:35.592440,167582.25,830,purchase,JAIPUR,0
29002,2024-08-18 04:29:35.605480,142160.7,325,purchase,PUNE,0
36806,2024-05-21 04:03:35.659996,11732.32,556,refund,MUMBAI,0
59747,2024-01-02 12:15:35.827388,185382.45,414,purchase,JAIPUR,0
60877,2024-09-15 13:17:35.832573,122137.12,825,purchase,DELHI,0
18988,2024-04-13 19:51:35.554034,179132.25,411,purchase,CHENNAI,0
48957,2024-05-21 12:28:35.743263,181358.92,348,purchase,JAIPUR,0
37879,2024-02-23 13:04:35.667144,215217.75,978,purchase,SURAT,0
99187,2024-07-08 13:18:36.024098,207554.32,42,purchase,HYDERABAD,0
43959,2023-10-26 03:53:35.711746,70079.62,623,refund,KOLKATA,0
62815,2023-11-16 10:21:35.841362,264605.55,265,purchase,KOLKATA,0
3023,2024-01-21 21:12:35.485261,305994.98,761,purchase,AHMEDABAD,0
46757,2024-03-29 16:37:35.729067,70968.15,761,refund,JAIPUR,0
74555,2024-04-11 17:15:35.912420,155987.7,353,purchase,JAIPUR,0
81013,2024-03-03 20:28:35.942742,313254.98,57,purchase,SURAT,0
23951,2024-05-29 08:06:35.583923,241098.82,422,purchase,HYDERABAD,0
21363,2024-08-21 21:28:35.563941,325879.95,57,purchase,MUMBAI,1
19358,2023-11-28 02:08:35.556049,300559.88,388,purchase,KOLKATA,0
26348,2024-07-20 02:32:35.594841,191361.22,206,purchase,CHENNAI,0
36948,2024-07-14 09:19:35.660847,250019.55,850,purchase,MUMBAI,0
75225,2024-09-08 13:36:35.915613,384021.0,547,transfer,HYDERABAD,1
48012,2024-04-12 10:47:35.737310,104582.78,659,purchase,KOLKATA,0
67714,2024-03-17 19:48:35.864051,405109.65,721,transfer,AHMEDABAD,0
38724,2024-03-08 17:39:35.672808,260665.35,830,purchase,PUNE,0
43252,2024-09-03 09:14:35.707175,188310.38,904,purchase,BENGALURU,0
33453,2024-04-09 09:21:35.630135,166268.02,394,purchase,KOLKATA,0
92858,2023-10-26 21:25:35.997050,123266.55,130,purchase,KOLKATA,0
54261,2024-07-30 17:53:35.793905,380108.85,841,transfer,JAIPUR,0
95113,2024-03-23 04:58:36.006733,52227.45,312,refund,HYDERABAD,0
67830,2024-03-16 17:17:35.864843,167671.35,846,purchase,AHMEDABAD,0
18107,2024-05-15 12:55:35.550206,14837.62,403,refund,AHMEDABAD,0
16688,2024-07-03 16:12:35.544338,4275.15,991,refund,PUNE,0
41389,2024-09-20 19:38:35.695871,120200.85,570,purchase,JAIPUR,0
21483,2024-07-02 13:26:35.564579,133461.08,607,purchase,MUMBAI,0
22084,2023-12-06 02:58:35.567096,78778.42,87,refund,SURAT,0
35446,2024-01-01 04:45:35.650191,126489.82,348,purchase,SURAT,0
76158,2024-01-05 18:32:35.919843,18363.68,6,refund,SURAT,0
63909,2024-03-10 10:42:35.846194,186538.28,252,purchase,DELHI,0
2562,2024-02-17 16:47:35.483179,374455.95,71,transfer,JAIPUR,0
80490,2024-08-19 18:30:35.940685,23577.68,473,refund,DELHI,0
49757,2024-04-02 13:36:35.748592,338439.75,459,purchase,JAIPUR,0
59413,2024-02-10 13:46:35.825559,120947.48,270,purchase,CHENNAI,0
12748,2024-03-08 19:54:35.527190,213293.85,679,purchase,KOLKATA,0
9345,2024-06-18 03:18:35.512830,317489.7,296,cash_out,AHMEDABAD,0
36439,2024-10-19 19:38:35.657923,18358.72,920,refund,PUNE,0
40815,2024-03-05 01:12:35.692684,386203.95,958,transfer,AHMEDABAD,0
53884,2024-09-19 09:34:35.791368,367266.08,177,purchase,DELHI,1
76559,2024-03-10 21:21:35.921506,353460.52,48,purchase,DELHI,1
75989,2024-06-06 20:04:35.919166,135899.78,717,purchase,HYDERABAD,0
28576,2023-12-24 20:15:35.603814,137461.5,781,purchase,HYDERABAD,0
45231,2024-05-11 07:05:35.719523,262904.4,1,purchase,HYDERABAD,0
86172,2024-04-10 19:51:35.962004,167906.48,720,purchase,SURAT,0
39363,2024-04-08 06:17:35.684807,96523.35,299,refund,PUNE,0
25123,2024-04-25 12:10:35.588706,327063.82,7,purchase,JAIPUR,0
80833,2023-12-31 11:58:35.942058,59499.82,251,refund,JAIPUR,0
4918,2024-03-07 12:19:35.493845,311615.7,571,purchase,HYDERABAD,0
88716,2024-10-11 15:59:35.971938,349639.12,476,purchase,JAIPUR,0
43686,2024-03-15 05:06:35.709972,406880.93,941,transfer,BENGALURU,1
14134,2024-08-19 06:36:35.532719,405669.82,116,transfer,JAIPUR,0
89874,2024-06-22 12:12:35.985092,42857.92,108,refund,PUNE,0
66047,2024-03-13 11:51:35.855512,327124.05,506,purchase,CHENNAI,0
80474,2023-11-23 00:53:35.940631,327036.6,870,cash_out,KOLKATA,0
54407,2024-07-09 04:47:35.794835,198072.6,468,purchase,PUNE,0
23224,2024-10-01 04:58:35.572886,199749.82,463,purchase,AHMEDABAD,0
31318,2024-07-31 08:56:35.616528,104888.02,919,purchase,HYDERABAD,0
36794,2024-04-06 01:40:35.659926,190367.92,513,purchase,MUMBAI,0
61005,2024-08-01 02:14:35.833365,133679.7,191,purchase,CHENNAI,0
21330,2024-06-14 07:21:35.563783,360797.25,737,purchase,DELHI,1
50432,2024-04-11 07:18:35.752521,16718.62,420,refund,DELHI,0
98930,2024-06-19 21:04:36.023018,180444.82,334,purchase,AHMEDABAD,0
55264,2024-07-26 21:23:35.800386,15845.78,585,refund,PUNE,0
79903,2024-03-01 22:57:35.938391,98448.08,936,refund,MUMBAI,0
54332,2024-03-24 20:54:35.794361,292633.28,499,purchase,DELHI,0
88593,2024-05-25 06:09:35.971526,88817.02,723,refund,AHMEDABAD,0
64584,2024-07-20 13:39:35.848682,181071.82,617,purchase,HYDERABAD,0
26196,2023-10-25 12:47:35.594296,129074.55,191,purchase,SURAT,0
1590,2024-08-10 14:53:35.470681,411156.08,467,transfer,SURAT,0
26044,2023-11-30 02:49:35.593605,99246.68,153,refund,BENGALURU,0
72814,2024-03-22 22:19:35.903270,40486.05,909,refund,KOLKATA,0
76024,2023-10-23 15:50:35.919301,155119.8,88,purchase,PUNE,0
58745,2023-12-12 09:16:35.823327,312149.48,755,purchase,MUMBAI,0
85739,2024-09-27 11:49:35.960298,326992.05,125,purchase,MUMBAI,1
40785,2024-02-28 21:49:35.692528,27702.68,566,refund,MUMBAI,0
87598,2024-03-04 19:35:35.967170,99127.88,214,refund,AHMEDABAD,0
98111,2024-08-06 07:10:36.019582,231465.3,461,purchase,KOLKATA,0
27550,2024-08-02 10:35:35.599613,48964.58,625,refund,AHMEDABAD,0
10176,2024-05-07 08:25:35.516467,408808.12,851,transfer,KOLKATA,0
43825,2024-03-10 10:34:35.710871,357641.62,747,purchase,BENGALURU,1
47914,2023-12-01 08:49:35.736763,183206.1,849,purchase,SURAT,0
10399,2024-04-24 03:03:35.517398,65447.25,479,refund,SURAT,0
6808,2024-04-19 06:58:35.502270,193936.05,411,purchase,CHENNAI,0
77901,2023-12-24 05:29:35.928294,172739.32,420,purchase,CHENNAI,0
13893,2024-03-17 21:16:35.531745,151923.75,533,purchase,PUNE,0
89650,2024-05-07 01:43:35.984275,99958.65,297,refund,JAIPUR,0
38010,2024-09-06 01:54:35.668020,47223.82,716,refund,PUNE,0
75529,2023-11-17 03:24:35.917179,353632.95,30,cash_out,JAIPUR,0
54173,2023-11-28 21:21:35.793229,329939.78,911,purchase,CHENNAI,0
1507,2024-07-10 10:33:35.470390,373109.55,172,transfer,BENGALURU,1
24826,2024-01-28 18:20:35.587445,12490.5,746,refund,KOLKATA,0
21112,2024-02-29 02:12:35.562886,246447.3,579,purchase,BENGALURU,0
93441,2024-02-23 09:59:35.999469,94903.05,223,refund,JAIPUR,0
9780,2024-06-10 14:10:35.514712,260146.42,356,purchase,JAIPUR,0
48061,2024-10-20 18:23:35.737590,129666.9,80,purchase,JAIPUR,0
3563,2024-02-11 17:08:35.487724,17575.8,847,refund,MUMBAI,0
53989,2024-02-24 09:42:35.792054,129219.75,60,purchase,MUMBAI,0
23914,2024-03-31 17:04:35.583785,307461.82,160,purchase,KOLKATA,0
17517,2024-09-14 12:57:35.547878,240546.08,456,purchase,BENGALURU,0
48210,2024-01-01 19:27:35.738437,244224.75,266,purchase,KOLKATA,0
65535,2023-12-19 15:37:35.852943,30065.48,24,refund,PUNE,0
87951,2024-06-26 17:49:35.968660,86960.78,661,refund,AHMEDABAD,0
40397,2023-12-27 13:23:35.690462,348896.62,869,purchase,BENGALURU,1
51989,2024-01-17 17:32:35.762818,179587.65,838,purchase,BENGALURU,0
53059,2024-05-12 15:47:35.785913,383799.9,652,transfer,AHMEDABAD,0
9747,2024-10-06 14:57:35.514579,173446.35,764,purchase,SURAT,0
76191,2024-03-26 19:29:35.920041,5689.2,116,refund,HYDERABAD,0
31196,2024-06-22 14:27:35.615703,324291.0,388,purchase,HYDERABAD,1
78772,2024-10-17 08:26:35.932551,74481.82,372,refund,SURAT,0
15373,2024-04-19 12:29:35.538257,177037.58,69,purchase,AHMEDABAD,0
84173,2024-03-09 23:15:35.954518,268107.68,680,purchase,SURAT,0
85800,2024-06-02 21:29:35.960502,47124.82,879,refund,BENGALURU,0
82864,2024-10-08 12:49:35.949436,230574.3,244,purchase,BENGALURU,0
41735,2024-04-25 04:23:35.697815,93566.55,452,refund,MUMBAI,0
40915,2024-08-18 23:32:35.693219,32444.78,896,refund,KOLKATA,0
79220,2024-10-15 09:54:35.935156,207747.38,63,purchase,PUNE,0
45541,2024-03-07 19:21:35.721293,197747.55,135,purchase,DELHI,0
77846,2024-03-11 21:11:35.928053,35694.45,808,refund,HYDERABAD,0
69296,2024-10-13 12:36:35.883864,115318.5,164,purchase,JAIPUR,0
39704,2024-06-30 01:25:35.686609,357486.52,931,cash_out,SURAT,0
57129,2024-02-10 10:44:35.813001,106641.15,597,purchase,JAIPUR,0
8305,2024-02-24 14:12:35.508526,245643.75,73,purchase,JAIPUR,0
53674,2023-12-01 22:01:35.790029,6719.62,377,refund,PUNE,0
38042,2024-05-01 01:29:35.668229,94324.72,997,refund,HYDERABAD,0
34325,2024-09-20 00:22:35.635911,237803.78,361,purchase,SURAT,0
63782,2024-02-07 02:43:35.845525,20838.68,56,refund,SURAT,0
7636,2024-08-24 06:43:35.505775,128053.2,433,purchase,PUNE,0
81964,2023-11-12 03:43:35.946169,283005.52,528,purchase,HYDERABAD,0
38746,2023-10-23 16:15:35.672953,2178.0,541,refund,KOLKATA,0
98701,2024-07-10 03:12:36.022029,329853.97,186,cash_out,HYDERABAD,0
32578,2023-12-30 21:19:35.624544,13806.38,14,refund,KOLKATA,0
45411,2024-10-19 19:46:35.720522,235481.4,974,purchase,AHMEDABAD,0
44154,2024-08-02 18:37:35.712914,307577.32,128,purchase,HYDERABAD,1
11903,2024-01-07 20:18:35.523614,147125.55,110,purchase,BENGALURU,0
62221,2024-09-18 22:50:35.839244,110315.7,390,purchase,HYDERABAD,0
25605,2024-08-04 09:15:35.590914,316921.27,347,purchase,HYDERABAD,0
52157,2023-11-02 14:10:35.763918,394563.68,512,transfer,BENGALURU,1
58757,2024-03-30 04:50:35.823367,103591.95,677,purchase,MUMBAI,0
70276,2023-10-22 00:30:35.889261,257994.0,760,purchase,SURAT,0
76096,2024-08-05 12:00:35.919594,253336.05,162,purchase,HYDERABAD,0
84268,2023-11-11 08:26:35.954895,319907.78,276,purchase,JAIPUR,0
97439,2024-03-29 04:24:36.016612,375272.7,813,transfer,SURAT,0
44353,2024-03-18 03:17:35.713977,326558.1,763,cash_out,AHMEDABAD,0
32303,2023-11-01 20:49:35.622992,292091.25,946,purchase,BENGALURU,0
32585,2023-12-22 19:43:35.624584,126741.45,858,purchase,KOLKATA,0
10911,2024-08-01 06:29:35.519576,387483.52,21,transfer,AHMEDABAD,0
84775,2024-05-30 01:41:35.956711,265563.38,611,purchase,CHENNAI,0
98317,2024-09-18 20:38:36.020440,85915.5,743,refund,MUMBAI,0
5945,2024-02-15 09:04:35.498316,128694.22,630,purchase,HYDERABAD,1
39351,2024-10-12 19:05:35.684740,56442.38,75,refund,SURAT,0
78652,2023-11-30 04:30:35.932064,114353.25,914,purchase,KOLKATA,0
3147,2024-09-14 12:22:35.485872,237600.82,481,purchase,KOLKATA,0
9461,2024-09-29 07:14:35.513367,158892.52,334,purchase,DELHI,0
91657,2024-10-14 06:59:35.991548,99494.18,708,refund,AHMEDABAD,0
44054,2023-11-19 08:24:35.712357,87233.02,374,refund,DELHI,0
27048,2024-08-29 12:02:35.597711,344675.93,908,purchase,MUMBAI,1
38163,2024-05-19 21:14:35.669036,129960.6,188,purchase,HYDERABAD,0
55260,2024-02-24 22:23:35.800361,72840.9,290,refund,HYDERABAD,0
27274,2023-12-09 12:44:35.598608,286575.3,701,purchase,JAIPUR,0
13096,2023-11-05 18:54:35.528590,400645.58,756,transfer,JAIPUR,0
84742,2024-08-19 08:14:35.956585,127961.62,744,purchase,DELHI,0
84119,2024-07-09 16:48:35.954331,140565.15,240,purchase,CHENNAI,0
34003,2024-10-07 06:27:35.633853,51340.58,720,refund,MUMBAI,0
61390,2024-06-23 21:09:35.835794,124395.15,840,purchase,SURAT,0
9496,2024-02-11 00:36:35.513493,321760.73,373,cash_out,AHMEDABAD,0
80098,2024-05-24 18:29:35.939150,394363.2,199,transfer,MUMBAI,1
83742,2024-08-31 13:02:35.952935,319434.22,160,purchase,KOLKATA,0
92606,2024-09-27 11:33:35.995992,67155.82,301,refund,PUNE,0
75699,2024-07-02 00:35:35.917936,85067.4,377,refund,KOLKATA,0
79956,2024-01-16 13:28:35.938600,42276.3,561,refund,KOLKATA,0
57796,2024-04-27 06:50:35.817344,394038.15,890,transfer,AHMEDABAD,0
34490,2024-08-02 15:55:35.636986,386170.13,66,transfer,JAIPUR,0
722,2024-03-20 21:52:35.466228,241124.4,689,purchase,AHMEDABAD,0
1488,2024-03-28 07:02:35.470326,282944.48,841,purchase,DELHI,1
80045,2024-09-05 01:41:35.938959,167278.65,893,purchase,DELHI,0
16382,2023-12-23 17:33:35.542474,258614.4,839,purchase,AHMEDABAD,0
46143,2024-04-04 08:57:35.725210,135370.95,879,purchase,DELHI,0
73203,2024-10-03 13:53:35.905325,217618.5,614,purchase,KOLKATA,0
88558,2024-01-23 06:10:35.971349,287359.88,238,purchase,SURAT,0
70958,2024-02-16 03:45:35.892947,135394.05,840,purchase,KOLKATA,0
74992,2024-05-09 02:01:35.914374,142490.7,653,purchase,SURAT,0
82318,2024-03-21 14:12:35.947395,275471.62,626,purchase,HYDERABAD,0
34220,2024-05-29 13:49:35.635287,104034.15,526,purchase,DELHI,0
76685,2024-07-19 23:53:35.922039,341834.62,766,cash_out,DELHI,1
12404,2023-12-18 18:17:35.525811,196226.25,684,purchase,KOLKATA,0
81858,2024-02-24 18:07:35.945798,397947.82,105,transfer,CHENNAI,0
92700,2023-10-28 15:35:35.996321,123896.85,720,purchase,SURAT,0
9147,2024-01-16 08:16:35.512001,233832.22,195,purchase,PUNE,0
19688,2024-06-03 01:23:35.557478,118814.85,797,purchase,SURAT,0
26759,2024-05-24 02:04:35.596618,81472.05,157,refund,HYDERABAD,0
51857,2024-05-20 09:00:35.761942,379463.7,734,transfer,BENGALURU,1
92066,2023-12-30 11:09:35.993433,79511.02,334,refund,AHMEDABAD,0
91111,2024-03-04 21:33:35.989612,301155.52,248,purchase,DELHI,0
19177,2024-07-10 13:15:35.555168,33942.15,803,refund,HYDERABAD,0
3037,2023-10-28 00:23:35.485315,187529.92,691,purchase,KOLKATA,0
92685,2024-02-01 00:57:35.996271,403809.45,947,transfer,JAIPUR,0
45340,2023-12-21 14:55:35.720121,227450.02,388,purchase,MUMBAI,0
35820,2024-02-25 19:05:35.653861,369639.6,53,purchase,AHMEDABAD,0
99981,2024-05-02 20:03:36.027541,65567.7,939,refund,SURAT,0
74717,2024-02-24 07:02:35.913009,77885.78,542,refund,DELHI,0
12892,2024-08-20 14:15:35.527798,1963.5,633,refund,AHMEDABAD,0
42742,2024-04-12 20:13:35.703903,274268.77,542,purchase,BENGALURU,0
47173,2024-06-29 22:14:35.731852,213090.08,863,purchase,KOLKATA,0
24335,2024-01-16 18:41:35.585474,165449.62,465,purchase,HYDERABAD,0
87243,2024-10-20 13:18:35.965861,271831.72,543,purchase,KOLKATA,0
19238,2024-07-06 00:26:35.555618,352528.28,468,cash_out,PUNE,0
13039,2024-06-06 02:39:35.528369,328142.1,28,cash_out,CHENNAI,0
51935,2024-09-26 15:26:35.762465,191786.92,524,purchase,AHMEDABAD,0
34698,2023-12-25 15:00:35.645062,197619.68,707,purchase,DELHI,0
50224,2024-08-02 12:50:35.751332,311411.1,584,purchase,SURAT,0
74266,2024-06-22 14:27:35.910850,262902.75,931,purchase,MUMBAI,0
74959,2024-02-20 03:09:35.914194,32184.08,413,refund,AHMEDABAD,0
92352,2024-07-05 19:58:35.994904,99343.2,291,refund,AHMEDABAD,0
1368,2023-11-25 21:10:35.469764,265143.45,838,purchase,JAIPUR,0
25721,2023-12-18 11:47:35.591575,351915.3,843,purchase,HYDERABAD,1
42011,2024-06-23 03:07:35.699405,192092.18,426,purchase,DELHI,0
20168,2024-04-17 03:39:35.559555,36363.52,669,refund,SURAT,0
84105,2023-12-17 22:50:35.954284,21393.08,146,refund,KOLKATA,0
12698,2024-03-16 00:21:35.526983,304468.73,706,purchase,MUMBAI,1
92819,2024-09-29 12:46:35.996853,207749.85,914,purchase,BENGALURU,0
77050,2024-03-11 11:01:35.923788,238830.9,502,purchase,PUNE,0
40334,2024-06-27 16:35:35.690104,208036.95,562,purchase,BENGALURU,0
59810,2024-06-24 23:15:35.827606,108032.92,614,purchase,JAIPUR,0
14913,2024-03-25 01:42:35.535977,242328.9,896,purchase,DELHI,0
92414,2024-06-08 05:41:35.995130,185043.37,443,purchase,AHMEDABAD,0
89065,2023-12-20 21:36:35.973222,339834.0,924,purchase,MUMBAI,1
16948,2023-11-26 06:42:35.545360,156896.85,876,purchase,PUNE,0
12811,2023-12-30 07:40:35.527473,14746.05,408,refund,MUMBAI,0
48681,2024-09-26 17:37:35.741353,112713.98,563,purchase,BENGALURU,0
34924,2024-05-26 08:06:35.646562,381821.55,450,transfer,KOLKATA,0
25509,2024-10-10 17:51:35.590489,218125.05,205,purchase,KOLKATA,0
40292,2023-12-13 16:41:35.689871,387086.7,354,transfer,AHMEDABAD,0
17459,2024-01-12 09:48:35.547643,214728.52,647,purchase,KOLKATA,0
83468,2024-07-31 22:05:35.951945,294261.0,936,purchase,JAIPUR,0
46490,2023-10-31 16:49:35.727367,201437.78,153,purchase,DELHI,0
87525,2023-12-10 12:19:35.966885,35494.8,82,refund,SURAT,0
10276,2024-07-24 17:47:35.516877,403817.7,180,transfer,MUMBAI,1
37606,2023-11-04 23:16:35.665243,193689.38,22,purchase,HYDERABAD,0
54040,2024-07-25 21:44:35.792378,58140.22,463,refund,MUMBAI,0
98589,2024-04-22 10:14:36.021585,96785.7,688,refund,PUNE,0
60690,2024-01-08 16:52:35.831390,74934.75,744,refund,KOLKATA,0
93386,2024-06-02 19:50:35.999283,285894.68,49,purchase,DELHI,0
66029,2024-07-09 16:27:35.855405,224918.92,864,purchase,JAIPUR,0
25674,2023-12-31 02:52:35.591318,309392.32,844,cash_out,DELHI,1
57214,2024-09-24 21:00:35.813623,287658.53,332,purchase,JAIPUR,0
93637,2024-07-09 06:47:36.000342,350638.2,145,purchase,BENGALURU,1
40675,2023-11-26 14:25:35.691942,36011.25,804,refund,MUMBAI,0
80224,2024-06-26 14:59:35.939672,164434.05,10,purchase,DELHI,0
75861,2023-11-23 08:54:35.918571,300196.88,337,purchase,PUNE,0
89256,2024-02-08 15:57:35.982349,17385.22,7,refund,DELHI,0
62383,2024-05-24 16:30:35.839808,138588.45,926,purchase,MUMBAI,0
6922,2023-11-21 06:48:35.502671,204972.9,582,purchase,DELHI,0
14377,2024-01-21 06:00:35.533747,31571.92,803,refund,AHMEDABAD,0
64627,2024-07-29 12:24:35.848835,270204.82,470,purchase,MUMBAI,0
26474,2023-12-16 19:02:35.595434,372213.6,645,transfer,CHENNAI,0
52249,2024-05-04 01:36:35.764525,68872.65,695,refund,BENGALURU,0
137,2024-01-03 07:07:35.463537,377842.58,806,transfer,PUNE,0
31119,2024-03-12 14:39:35.615001,391512.82,564,transfer,DELHI,1
18122,2024-09-23 15:06:35.550275,251085.45,531,purchase,SURAT,0
411,2023-10-21 20:49:35.464659,140827.5,985,purchase,KOLKATA,0
94324,2024-10-16 09:27:36.003330,180212.18,171,purchase,CHENNAI,0
72167,2024-06-09 11:45:35.899611,294690.82,327,purchase,DELHI,1
90595,2024-07-24 01:14:35.987666,378028.2,60,transfer,AHMEDABAD,0
24034,2024-06-08 03:20:35.584221,26613.68,185,refund,DELHI,0
87388,2024-03-20 16:00:35.966392,193205.1,227,purchase,SURAT,0
89738,2023-12-31 12:05:35.984568,237439.13,511,purchase,MUMBAI,0
83208,2024-03-07 06:19:35.950843,333127.58,221,purchase,AHMEDABAD,0
15014,2024-07-12 16:39:35.536377,146820.3,704,purchase,JAIPUR,0
52325,2024-01-26 21:35:35.765017,148675.72,13,purchase,DELHI,0
59548,2024-03-30 06:49:35.826417,1995.68,381,refund,KOLKATA,0
73991,2024-04-22 04:00:35.909348,227984.62,507,purchase,BENGALURU,0
78615,2023-11-23 11:02:35.931927,241218.45,892,purchase,DELHI,0
47696,2024-04-30 03:07:35.735345,408153.08,825,transfer,CHENNAI,0
860,2024-01-29 16:33:35.466870,133365.38,420,purchase,AHMEDABAD,0
91092,2024-07-22 02:36:35.989523,119402.25,447,purchase,DELHI,0
88839,2024-05-19 20:15:35.972387,6498.52,204,refund,BENGALURU,0
76340,2024-01-21 14:06:35.920618,205263.3,227,purchase,BENGALURU,0
66149,2024-05-02 01:23:35.856002,264913.28,782,purchase,MUMBAI,0
954,2024-01-02 19:49:35.467243,37167.07,771,refund,SURAT,0
30243,2024-06-15 10:41:35.610343,75429.75,194,refund,MUMBAI,0
35046,2024-09-08 07:46:35.647366,23770.72,63,refund,MUMBAI,0
14946,2024-02-13 00:43:35.536115,237123.98,804,purchase,JAIPUR,0
40504,2024-06-19 20:59:35.691011,114123.9,642,purchase,PUNE,0
66701,2024-10-04 01:23:35.858727,403245.15,123,transfer,AHMEDABAD,0
75981,2024-03-16 07:27:35.919139,89598.3,802,refund,PUNE,0
24231,2024-02-23 15:58:35.584935,16343.25,446,refund,MUMBAI,0
36199,2024-07-22 19:06:35.656373,67991.55,135,refund,MUMBAI,0
9687,2023-11-29 05:06:35.514357,69679.5,167,refund,KOLKATA,0
68141,2024-09-28 07:22:35.866966,3663.0,520,refund,AHMEDABAD,0
61769,2023-12-21 23:30:35.837730,382889.1,614,transfer,CHENNAI,0
49585,2023-11-30 18:49:35.747444,301733.02,305,purchase,HYDERABAD,0
49345,2024-06-27 18:17:35.745836,272409.22,546,purchase,SURAT,0
36936,2024-06-26 10:12:35.660773,130878.83,225,purchase,AHMEDABAD,0
97740,2024-09-22 06:47:36.017967,237024.15,134,purchase,CHENNAI,0
81892,2024-05-02 03:53:35.945923,7093.35,498,refund,CHENNAI,0
1553,2024-03-05 12:43:35.470548,213757.5,707,purchase,MUMBAI,0
85932,2024-03-19 02:18:35.961044,315639.22,283,cash_out,HYDERABAD,0
57611,2024-05-12 21:34:35.816164,54711.52,66,refund,DELHI,0
20302,2024-07-28 03:24:35.560002,43626.0,823,refund,DELHI,0
21952,2023-12-27 01:17:35.566424,69540.9,1,refund,BENGALURU,0
40855,2024-08-05 21:13:35.692893,411109.87,621,transfer,HYDERABAD,1
80827,2024-08-15 08:38:35.942038,108705.3,10,purchase,BENGALURU,0
96914,2024-03-26 04:44:36.014383,207066.75,629,purchase,BENGALURU,0
88222,2024-04-18 20:28:35.969897,361227.9,841,purchase,MUMBAI,1
72563,2024-05-12 02:31:35.901948,246379.65,893,purchase,PUNE,0
48560,2024-03-08 03:24:35.740540,146580.22,565,purchase,AHMEDABAD,0
35207,2023-12-19 02:17:35.648431,8976.0,909,refund,CHENNAI,0
5641,2023-11-15 09:05:35.496819,327451.58,108,purchase,JAIPUR,0
84727,2024-03-13 18:30:35.956536,337967.85,594,purchase,BENGALURU,0
42505,2023-10-25 00:47:35.702486,354542.1,206,cash_out,PUNE,0
5236,2024-08-08 08:39:35.495160,363214.5,390,purchase,AHMEDABAD,0
7152,2023-11-23 23:56:35.503646,108279.6,844,purchase,JAIPUR,0
51260,2024-03-29 21:31:35.757968,351981.3,478,purchase,AHMEDABAD,0
69585,2024-07-13 02:02:35.885502,98436.52,794,refund,PUNE,0
3667,2024-04-10 15:16:35.488236,177870.82,534,purchase,DELHI,0
77621,2024-01-24 06:59:35.926752,356540.25,828,purchase,HYDERABAD,1
86545,2024-05-04 18:57:35.963310,155898.6,929,purchase,HYDERABAD,0
48243,2024-02-09 14:44:35.738625,136801.5,627,purchase,SURAT,0
75387,2024-06-07 17:54:35.916520,262213.88,588,purchase,MUMBAI,0
93252,2024-01-11 22:44:35.998661,327586.05,284,cash_out,KOLKATA,0
76550,2024-10-16 02:44:35.921476,408256.2,772,transfer,AHMEDABAD,0
72826,2023-12-28 23:00:35.903336,365808.3,362,cash_out,JAIPUR,0
3281,2024-05-20 04:29:35.486458,167011.35,106,purchase,SURAT,0
99744,2024-05-05 17:53:36.026550,387735.15,870,transfer,BENGALURU,1
14344,2024-03-21 15:11:35.533588,298285.35,547,purchase,CHENNAI,0
8082,2023-11-20 07:02:35.507634,267965.78,842,purchase,AHMEDABAD,0
90275,2024-06-13 13:02:35.986562,412219.5,293,transfer,JAIPUR,0
98222,2024-08-09 23:29:36.020023,278798.02,320,purchase,JAIPUR,0
30327,2024-09-01 22:38:35.610627,255933.98,581,purchase,KOLKATA,0
54542,2024-10-10 08:55:35.795700,107591.55,376,purchase,HYDERABAD,0
53207,2024-01-12 12:44:35.786897,275396.55,364,purchase,CHENNAI,0
38570,2024-08-09 04:57:35.671782,177700.05,48,purchase,DELHI,0
95292,2023-12-05 14:48:36.007465,143925.38,890,purchase,SURAT,0
29803,2023-10-31 15:20:35.608686,143380.05,175,purchase,SURAT,0
92060,2024-09-16 06:47:35.993388,157660.8,776,purchase,CHENNAI,0
51851,2023-11-05 01:35:35.761903,226912.12,365,purchase,KOLKATA,0
84644,2024-01-29 00:42:35.956241,232357.95,262,purchase,BENGALURU,0
43428,2024-10-17 17:15:35.708286,98779.72,40,refund,HYDERABAD,0
36509,2024-05-10 00:43:35.658313,89590.05,67,refund,SURAT,0
44033,2024-03-09 03:54:35.712224,269865.75,627,purchase,AHMEDABAD,0
48764,2024-08-04 00:54:35.741975,194104.35,564,purchase,AHMEDABAD,0
86978,2023-11-06 05:04:35.964850,242275.28,632,purchase,DELHI,0
57706,2023-11-10 14:22:35.816780,209727.38,326,purchase,KOLKATA,0
41408,2024-09-09 01:18:35.695976,336117.38,614,cash_out,KOLKATA,1
27281,2024-01-22 14:52:35.598632,336017.55,394,purchase,CHENNAI,0
18624,2024-02-26 19:30:35.552337,277850.92,416,purchase,DELHI,0
23479,2024-09-27 21:21:35.581857,326166.23,882,purchase,DELHI,0
54596,2024-10-08 20:53:35.796043,271332.6,936,purchase,SURAT,0
77902,2024-10-20 08:45:35.928298,109075.72,704,purchase,KOLKATA,0
23251,2023-12-03 17:30:35.572980,48593.32,199,refund,DELHI,0
23334,2024-04-25 10:14:35.573270,364518.0,165,purchase,JAIPUR,0
33027,2024-04-21 20:53:35.627310,100934.62,453,refund,MUMBAI,0
84311,2024-02-10 00:04:35.955038,411331.8,132,transfer,HYDERABAD,1
69669,2024-02-16 23:44:35.886017,28972.35,392,refund,DELHI,0
11958,2024-04-29 08:07:35.523838,125955.22,773,purchase,PUNE,0
52039,2023-12-23 22:53:35.763145,239612.18,311,purchase,JAIPUR,0
34062,2024-06-27 12:22:35.634238,322352.25,433,purchase,BENGALURU,1
19512,2023-10-26 05:50:35.556709,45839.48,154,refund,MUMBAI,0
80057,2023-10-23 09:47:35.938999,28818.9,197,refund,AHMEDABAD,0
98516,2024-10-06 15:07:36.021251,326092.8,873,purchase,PUNE,0
84646,2024-06-03 08:56:35.956248,241913.1,25,purchase,MUMBAI,0
51566,2024-06-17 17:27:35.759993,50947.05,83,refund,DELHI,0
34351,2024-09-11 15:25:35.636068,128413.72,461,purchase,HYDERABAD,0
3658,2023-11-23 03:56:35.488142,61288.42,495,refund,SURAT,0
25284,2024-02-22 19:34:35.589529,323824.88,700,purchase,AHMEDABAD,0
58705,2024-03-11 09:20:35.823194,134289.38,551,purchase,MUMBAI,0
41548,2024-10-04 10:13:35.696753,231189.75,614,purchase,PUNE,0
86871,2023-12-29 14:50:35.964475,312959.62,933,purchase,MUMBAI,1
97841,2023-11-04 03:15:36.018444,3179.55,725,refund,AHMEDABAD,0
66000,2024-08-17 22:16:35.855257,215188.88,924,purchase,DELHI,0
85611,2023-11-08 08:32:35.959865,348359.55,912,purchase,SURAT,0
19102,2023-12-28 01:21:35.554783,92900.78,31,refund,SURAT,0
47293,2023-11-29 06:30:35.732650,107036.33,366,purchase,PUNE,0
26234,2024-01-27 23:24:35.594422,163549.65,165,purchase,PUNE,0
70126,2024-01-10 15:50:35.888474,348144.22,193,purchase,CHENNAI,0
12059,2024-01-26 12:57:35.524296,47687.48,820,refund,JAIPUR,0
46854,2023-12-09 05:23:35.729723,81128.02,265,refund,SURAT,0
77983,2024-01-23 05:57:35.928734,28602.75,251,refund,BENGALURU,0
99288,2024-01-07 22:19:36.024513,171769.95,532,purchase,CHENNAI,0
80311,2023-11-28 02:39:35.939976,373079.85,349,transfer,DELHI,1
94860,2024-09-17 23:27:36.005669,124812.6,657,purchase,DELHI,0
26987,2024-06-14 10:51:35.597476,171057.15,999,purchase,KOLKATA,0
89487,2024-03-31 17:57:35.983681,200095.5,869,purchase,AHMEDABAD,0
82956,2024-08-30 03:52:35.949776,336041.48,577,cash_out,AHMEDABAD,0
90305,2024-07-09 07:37:35.986676,51428.02,737,refund,BENGALURU,0
28201,2023-12-22 12:50:35.602312,92710.2,82,refund,MUMBAI,0
43770,2024-06-09 16:17:35.710514,265445.4,438,purchase,AHMEDABAD,0
13925,2024-03-01 22:42:35.531886,132264.83,279,purchase,JAIPUR,0
11269,2024-05-11 13:46:35.520963,403961.25,113,transfer,HYDERABAD,1
90186,2024-09-04 12:08:35.986257,200224.2,28,purchase,SURAT,0
42905,2024-08-28 15:10:35.704939,311921.77,359,purchase,HYDERABAD,0
80807,2024-02-22 11:45:35.941970,3430.35,827,refund,MUMBAI,0
42308,2024-02-20 12:50:35.701241,171207.3,926,purchase,BENGALURU,0
13972,2024-04-20 14:45:35.532087,92159.92,34,refund,DELHI,0
42899,2023-12-11 12:19:35.704900,399413.02,103,transfer,HYDERABAD,1
443,2024-07-24 04:31:35.464803,362954.62,275,cash_out,MUMBAI,1
1435,2024-01-28 03:47:35.470132,379325.93,107,transfer,MUMBAI,1
36570,2024-06-10 16:09:35.658657,341958.38,464,purchase,HYDERABAD,1
61514,2024-08-09 15:18:35.836600,341289.3,509,purchase,KOLKATA,0
83556,2023-12-05 04:52:35.952256,209333.85,906,purchase,SURAT,0
26458,2024-06-08 14:12:35.595370,14209.8,572,refund,CHENNAI,0
32463,2024-04-03 21:16:35.623890,381131.02,203,transfer,SURAT,0
66698,2023-10-22 00:47:35.858717,176540.1,929,purchase,CHENNAI,0
53187,2024-03-18 19:42:35.786763,194118.37,780,purchase,DELHI,0
18042,2023-12-17 00:50:35.549976,349526.1,181,cash_out,PUNE,0
37566,2024-08-04 15:27:35.664976,362057.85,130,purchase,JAIPUR,0
38662,2024-02-17 15:27:35.672393,165400.12,781,purchase,DELHI,0
7491,2024-02-11 17:47:35.505141,371833.28,569,transfer,KOLKATA,0
96432,2024-04-30 14:23:36.012270,71751.08,558,refund,AHMEDABAD,0
46148,2024-03-07 10:46:35.725243,250804.95,158,purchase,PUNE,0
72164,2024-07-26 00:48:35.899594,321444.75,3,cash_out,BENGALURU,1
32471,2023-11-03 10:00:35.623936,266943.6,154,purchase,SURAT,0
28394,2024-04-25 01:16:35.603092,101354.55,842,refund,AHMEDABAD,0
74978,2024-08-15 03:20:35.914295,359909.55,797,cash_out,DELHI,1
73929,2024-05-02 13:16:35.909043,355146.0,137,purchase,MUMBAI,1
68997,2023-11-10 02:49:35.882018,219898.8,87,purchase,JAIPUR,0
38886,2023-11-27 08:40:35.681969,157659.98,730,purchase,HYDERABAD,0
14511,2024-07-15 05:08:35.534262,199319.18,985,purchase,HYDERABAD,0
92725,2024-04-18 11:03:35.996421,229023.3,233,purchase,DELHI,0
64415,2024-08-15 08:23:35.847966,173525.55,174,purchase,SURAT,0
18959,2024-01-10 08:17:35.553845,118771.95,712,purchase,JAIPUR,1
98334,2023-11-15 16:55:36.020516,164868.83,352,purchase,PUNE,0
37885,2024-01-05 16:38:35.667184,149872.8,928,purchase,JAIPUR,0
66329,2024-01-13 18:37:35.856866,84466.8,413,refund,JAIPUR,0
52705,2024-04-01 04:29:35.767529,191794.35,225,purchase,KOLKATA,0
5619,2024-02-03 11:35:35.496722,292720.73,764,purchase,DELHI,1
23622,2023-12-21 09:39:35.582361,234813.98,88,purchase,SURAT,0
33185,2024-09-18 06:09:35.628360,151793.4,241,purchase,AHMEDABAD,0
74565,2024-02-17 05:59:35.912481,264386.1,176,purchase,KOLKATA,0
61042,2024-09-17 12:03:35.833625,29386.5,449,refund,BENGALURU,0
49631,2024-05-20 00:27:35.747756,256094.85,494,purchase,SURAT,0
10862,2024-10-19 23:41:35.519366,373313.32,133,transfer,CHENNAI,0
40019,2024-10-16 04:00:35.688297,324314.1,872,cash_out,CHENNAI,0
61096,2024-08-29 15:45:35.833965,277724.7,88,purchase,AHMEDABAD,0
22705,2023-11-27 13:43:35.570883,346252.5,364,purchase,KOLKATA,0
69991,2023-12-16 05:13:35.887761,256769.7,74,purchase,SURAT,0
92862,2023-11-06 19:59:35.997074,328663.5,623,purchase,SURAT,0
36627,2024-08-17 04:07:35.658973,328053.0,383,cash_out,CHENNAI,0
58426,2024-07-25 05:55:35.822256,407018.7,226,transfer,PUNE,0
31168,2024-07-30 17:30:35.615506,265328.25,629,purchase,AHMEDABAD,0
34113,2024-07-29 16:50:35.634573,255919.95,753,purchase,KOLKATA,0
92247,2024-09-09 14:20:35.994314,78295.8,788,refund,KOLKATA,0
38083,2024-10-06 22:09:35.668501,355729.28,562,cash_out,MUMBAI,1
52327,2024-07-30 13:30:35.765030,157941.3,130,purchase,PUNE,0
17505,2023-11-11 16:39:35.547838,190415.78,466,purchase,KOLKATA,0
77034,2024-02-25 06:56:35.923721,221939.85,710,purchase,HYDERABAD,0
37488,2024-03-13 00:43:35.664454,304808.62,240,purchase,JAIPUR,0
11121,2024-06-05 14:42:35.520376,273194.62,34,purchase,KOLKATA,0
94902,2024-10-11 15:52:36.005823,35825.62,86,refund,KOLKATA,0
38622,2024-03-13 00:58:35.672129,29104.35,774,refund,CHENNAI,0
46277,2024-07-22 06:43:35.726109,286693.28,429,purchase,KOLKATA,0
9038,2023-12-08 22:30:35.511550,290834.78,980,purchase,JAIPUR,0
97552,2023-12-06 12:15:36.017088,103258.65,574,purchase,PUNE,0
60349,2024-01-01 01:21:35.829452,196293.08,570,purchase,CHENNAI,0
86152,2023-11-19 14:03:35.961934,82452.15,228,refund,PUNE,0
59425,2024-07-06 21:50:35.825734,103478.92,687,purchase,HYDERABAD,0
44625,2024-07-29 05:36:35.715762,125512.2,715,purchase,CHENNAI,0
24210,2023-12-16 06:53:35.584855,162207.38,550,purchase,HYDERABAD,0
67235,2024-01-14 09:09:35.860823,99359.7,13,refund,MUMBAI,0
23565,2023-12-21 20:59:35.582166,103892.25,297,purchase,CHENNAI,0
12791,2024-02-13 12:46:35.527371,351933.45,162,purchase,BENGALURU,1
72829,2024-02-09 06:21:35.903351,219128.25,737,purchase,SURAT,0
15768,2024-03-31 12:09:35.540117,335363.32,240,purchase,CHENNAI,0
59588,2024-09-04 10:23:35.826573,8255.78,537,refund,SURAT,0
17834,2024-04-12 23:46:35.549084,82908.38,599,refund,SURAT,0
84808,2024-07-02 23:02:35.956845,23994.3,950,refund,KOLKATA,0
81995,2024-01-11 08:35:35.946271,322758.97,489,purchase,HYDERABAD,1
484,2024-03-21 10:46:35.465051,402134.7,303,transfer,PUNE,0
40738,2023-12-26 23:51:35.692284,410978.7,230,transfer,MUMBAI,1
69937,2024-08-27 11:32:35.887489,94226.55,755,refund,SURAT,0
58402,2023-11-05 09:58:35.822177,105566.17,812,purchase,DELHI,0
31436,2024-07-10 12:43:35.617303,60466.72,867,refund,MUMBAI,0
43175,2023-11-21 18:36:35.706691,183172.28,636,purchase,KOLKATA,0
97687,2024-08-08 17:14:36.017730,133888.43,686,purchase,DELHI,0
56563,2024-05-08 10:08:35.809253,80246.1,266,refund,HYDERABAD,0
48915,2023-11-17 20:17:35.742979,73659.3,258,refund,PUNE,0
849,2024-01-13 11:15:35.466805,13366.65,261,refund,CHENNAI,0
40387,2023-11-25 14:24:35.690404,233593.8,48,purchase,MUMBAI,0
7022,2024-09-13 08:20:35.503051,220524.98,768,purchase,HYDERABAD,0
63940,2024-05-07 15:52:35.846306,132624.52,87,purchase,KOLKATA,0
73940,2024-01-31 02:50:35.909106,90443.1,428,refund,BENGALURU,0
88801,2024-01-15 23:43:35.972242,116671.5,34,purchase,HYDERABAD,0
77283,2023-12-31 00:18:35.925174,194651.32,68,purchase,JAIPUR,0
68940,2024-09-29 13:09:35.872036,238362.3,422,purchase,HYDERABAD,0
55374,2024-04-26 00:17:35.801118,322360.5,67,cash_out,MUMBAI,0
69364,2024-01-09 22:57:35.884258,390813.22,207,transfer,BENGALURU,1
52976,2024-06-29 09:26:35.770590,32041.35,751,refund,HYDERABAD,0
31622,2024-05-14 16:47:35.618534,81357.38,997,refund,DELHI,0
50125,2024-01-06 13:07:35.750757,323557.58,477,purchase,KOLKATA,0
18858,2023-12-30 12:08:35.553355,234907.2,763,purchase,CHENNAI,0
12788,2024-03-22 16:33:35.527355,9650.85,633,refund,KOLKATA,0
78031,2023-11-01 15:14:35.928904,10508.02,550,refund,AHMEDABAD,0
16062,2024-06-16 17:43:35.541225,17950.35,838,refund,MUMBAI,0
60769,2023-10-27 21:14:35.831893,66368.78,296,refund,BENGALURU,0
68732,2024-06-21 15:14:35.870665,332215.12,168,purchase,DELHI,1
26297,2023-10-29 08:03:35.594672,337255.88,183,purchase,JAIPUR,0
54485,2024-04-14 16:27:35.795341,333943.5,41,purchase,CHENNAI,0
56970,2024-02-03 05:05:35.811960,231672.38,172,purchase,DELHI,0
85615,2023-11-04 09:06:35.959879,367166.25,541,purchase,DELHI,1
70169,2023-12-05 11:36:35.888688,191655.75,776,purchase,DELHI,0
71678,2024-07-12 09:30:35.896852,58240.05,908,refund,AHMEDABAD,0
56644,2024-05-17 15:47:35.809866,27786.0,420,refund,MUMBAI,0
92312,2024-04-22 16:38:35.994670,104450.78,897,purchase,HYDERABAD,0
75912,2024-05-17 02:39:35.918807,266813.25,981,purchase,MUMBAI,0
56287,2023-12-21 09:07:35.807502,116783.7,314,purchase,DELHI,0
28628,2024-02-29 08:16:35.604025,369733.65,648,purchase,CHENNAI,0
52393,2023-12-05 00:04:35.765466,220631.4,940,purchase,CHENNAI,0
15903,2024-03-02 02:06:35.540586,52923.75,923,refund,CHENNAI,0
14638,2023-12-30 18:32:35.534828,245042.32,742,purchase,DELHI,0
61488,2024-03-11 15:37:35.836435,85727.4,123,refund,JAIPUR,0
74927,2024-04-16 05:09:35.914054,187698.22,884,purchase,AHMEDABAD,0
85654,2023-11-02 07:37:35.960008,69768.6,416,refund,AHMEDABAD,0
56200,2023-11-03 12:01:35.806934,97277.4,205,refund,DELHI,0
8263,2024-04-19 03:59:35.508360,412452.15,223,transfer,KOLKATA,0
71723,2023-11-23 03:01:35.897110,317759.48,698,cash_out,SURAT,0
63326,2024-05-15 04:06:35.843720,120465.68,864,purchase,BENGALURU,0
69235,2024-03-18 01:04:35.883511,381695.32,309,transfer,BENGALURU,1
88404,2024-05-08 09:20:35.970767,80271.68,799,refund,JAIPUR,0
3581,2024-04-09 09:46:35.487811,232297.72,742,purchase,CHENNAI,0
32490,2024-09-24 16:14:35.624048,382116.08,732,transfer,MUMBAI,1
78951,2024-03-13 07:24:35.933359,342912.9,593,purchase,CHENNAI,0
75458,2024-09-16 11:33:35.916881,276265.28,635,purchase,JAIPUR,0
37545,2023-12-29 09:04:35.664836,411360.68,440,transfer,HYDERABAD,1
49117,2023-11-24 10:06:35.744341,405565.05,921,transfer,JAIPUR,0
4048,2024-06-12 18:20:35.489925,312396.15,168,purchase,KOLKATA,0
3346,2024-05-25 16:58:35.486748,169870.8,528,purchase,MUMBAI,0
44597,2024-04-14 14:47:35.715581,331800.15,838,purchase,SURAT,0
57757,2023-12-10 05:30:35.817103,405500.7,583,transfer,KOLKATA,0
60843,2024-10-17 04:00:35.832353,290161.58,658,purchase,KOLKATA,0
26793,2024-02-11 07:32:35.596765,39896.17,322,refund,HYDERABAD,0
65464,2023-12-31 10:50:35.852537,265808.4,866,purchase,PUNE,0
9307,2024-04-07 20:58:35.512652,25105.58,767,refund,PUNE,0
70835,2024-01-28 08:56:35.892169,43023.75,984,refund,MUMBAI,0
8385,2024-10-03 04:58:35.508871,365101.28,725,cash_out,BENGALURU,1
51552,2024-09-23 23:56:35.759888,236270.1,197,purchase,DELHI,0
7807,2024-09-11 20:57:35.506432,308683.65,163,purchase,AHMEDABAD,0
74680,2024-02-13 10:09:35.912882,180247.65,203,purchase,DELHI,0
8093,2024-08-24 12:44:35.507684,262123.12,901,purchase,CHENNAI,0
70227,2024-09-01 14:46:35.889006,372940.42,840,transfer,PUNE,0
61461,2023-12-01 02:10:35.836260,151668.83,342,purchase,AHMEDABAD,0
89022,2024-08-27 15:44:35.973079,333956.7,505,purchase,HYDERABAD,1
31166,2024-07-22 11:00:35.615493,177227.32,420,purchase,BENGALURU,0
37452,2024-03-03 15:22:35.664214,330400.12,613,purchase,KOLKATA,0
71941,2024-08-09 14:42:35.898369,348909.0,69,purchase,PUNE,0
19481,2024-07-20 05:24:35.556606,31407.75,532,refund,PUNE,0
27332,2023-12-28 01:59:35.598823,46060.58,966,refund,DELHI,0
57512,2024-02-07 08:09:35.815524,41351.48,550,refund,HYDERABAD,0
11766,2024-02-20 06:00:35.522996,364331.55,351,purchase,SURAT,0
46319,2024-01-25 20:59:35.726393,189644.4,57,purchase,MUMBAI,0
58253,2024-05-26 17:11:35.821674,122977.8,865,purchase,JAIPUR,0
3355,2024-01-27 13:25:35.486788,38052.3,817,refund,KOLKATA,0
99969,2024-09-23 03:06:36.027480,59818.28,964,refund,KOLKATA,0
91556,2024-06-09 23:52:35.991211,74680.65,544,refund,BENGALURU,0
94821,2024-01-28 12:44:36.005446,154166.1,405,purchase,DELHI,0
11816,2024-08-14 16:43:35.523233,52521.98,362,refund,KOLKATA,0
14383,2024-06-14 14:52:35.533767,250178.78,846,purchase,AHMEDABAD,0
88689,2023-12-19 20:13:35.971848,386830.95,139,transfer,BENGALURU,1
48729,2024-05-29 09:37:35.741737,77017.05,603,refund,SURAT,0
14926,2024-05-05 01:04:35.536020,265558.42,878,purchase,AHMEDABAD,0
68377,2024-07-15 14:39:35.868337,187609.95,815,purchase,BENGALURU,0
95412,2024-07-30 07:51:36.007961,207116.25,252,purchase,KOLKATA,0
70542,2024-07-03 08:58:35.890645,343183.5,23,purchase,SURAT,0
74599,2024-10-01 01:23:35.912596,193571.4,317,purchase,CHENNAI,0
9767,2024-03-27 10:53:35.514669,74009.92,741,refund,KOLKATA,0
73523,2024-10-15 14:34:35.906880,52290.15,605,refund,HYDERABAD,0
97679,2024-06-23 14:00:36.017685,312617.25,657,purchase,CHENNAI,0
91910,2024-09-08 22:37:35.992665,75852.97,246,refund,DELHI,0
5179,2024-08-16 18:24:35.494939,121197.45,177,purchase,CHENNAI,0
34413,2024-01-28 22:12:35.636475,396898.43,920,transfer,SURAT,0
16709,2024-05-25 06:14:35.544422,314284.58,234,purchase,SURAT,0
49999,2024-10-02 19:44:35.750053,334952.48,367,purchase,AHMEDABAD,0
47459,2023-12-14 02:33:35.733772,212270.85,276,purchase,PUNE,0
41979,2024-03-27 06:57:35.699221,295121.47,705,purchase,CHENNAI,0
12478,2024-01-20 20:29:35.526114,139735.2,95,purchase,DELHI,0
9251,2024-09-20 08:50:35.512398,369764.18,812,purchase,MUMBAI,1
75693,2024-07-29 22:50:35.917914,89132.18,587,refund,PUNE,0
94241,2024-03-19 04:54:36.002968,116296.13,540,purchase,CHENNAI,0
36750,2024-07-21 14:13:35.659676,361773.22,54,purchase,JAIPUR,0
45037,2023-12-07 15:24:35.718440,216937.88,143,purchase,KOLKATA,0
34528,2023-10-28 07:19:35.637236,299154.9,819,purchase,MUMBAI,0
1319,2024-06-10 13:19:35.469383,26652.45,395,refund,HYDERABAD,0
37251,2024-03-07 15:25:35.662873,242693.55,175,purchase,CHENNAI,0
75535,2023-12-25 12:41:35.917200,133843.05,336,purchase,DELHI,0
99116,2024-10-06 11:28:36.023814,189352.35,617,purchase,PUNE,0
561,2023-12-17 19:44:35.465520,110961.68,141,purchase,KOLKATA,0
61929,2024-03-11 03:26:35.838264,161130.75,854,purchase,SURAT,0
5548,2024-06-25 14:40:35.496429,319438.35,945,purchase,BENGALURU,1
86116,2024-04-27 15:17:35.961795,391966.57,838,transfer,PUNE,0
28722,2024-04-17 05:00:35.604408,235926.08,347,purchase,MUMBAI,0
73235,2024-07-27 16:43:35.905489,333216.68,499,purchase,AHMEDABAD,0
85790,2024-10-08 18:28:35.960469,397485.82,505,transfer,PUNE,0
85257,2024-07-27 02:03:35.958621,354829.2,559,cash_out,PUNE,0
26858,2024-08-07 16:02:35.597047,365970.0,66,purchase,MUMBAI,1
15630,2023-11-27 14:18:35.539347,56066.18,841,refund,CHENNAI,0
92612,2024-01-05 08:22:35.996016,52192.8,601,refund,KOLKATA,0
85807,2024-01-16 13:03:35.960536,261100.95,937,purchase,HYDERABAD,0
18375,2023-11-06 03:01:35.551245,384603.45,646,transfer,MUMBAI,1
4846,2024-09-13 05:19:35.493515,8096.55,538,refund,MUMBAI,0
12644,2024-04-30 23:44:35.526766,327873.97,862,cash_out,SURAT,0
20422,2023-12-06 06:34:35.560414,210818.02,468,purchase,BENGALURU,0
35141,2023-10-23 00:59:35.647998,11530.2,342,refund,DELHI,0
50678,2023-12-14 06:00:35.754090,87025.12,727,refund,DELHI,0
72780,2024-04-16 21:52:35.903098,206749.13,688,purchase,MUMBAI,0
6180,2024-04-15 19:04:35.499356,389839.72,362,transfer,BENGALURU,1
96058,2024-02-19 20:07:36.010710,24703.8,699,refund,MUMBAI,0
35258,2023-11-19 00:57:35.648764,301205.02,253,purchase,AHMEDABAD,0
11361,2024-10-14 12:28:35.521330,8900.1,311,refund,CHENNAI,0
18954,2024-10-10 20:53:35.553813,408319.72,657,transfer,CHENNAI,0
19443,2024-03-19 07:47:35.556478,45878.25,595,refund,SURAT,0
14190,2023-12-17 04:22:35.532930,360134.78,24,cash_out,DELHI,1
61232,2024-04-04 15:18:35.834757,304821.82,956,purchase,JAIPUR,0
78883,2024-08-16 10:58:35.932987,384252.0,163,transfer,AHMEDABAD,0
68276,2024-04-15 15:51:35.867756,315319.12,302,purchase,SURAT,0
93550,2024-09-13 02:32:35.999935,88732.05,767,refund,CHENNAI,0
37127,2024-07-25 09:38:35.662036,259945.12,320,purchase,MUMBAI,0
52843,2024-03-09 02:29:35.770090,55716.38,995,refund,CHENNAI,0
28203,2023-10-29 18:58:35.602319,99199.65,346,refund,HYDERABAD,0
74627,2024-08-24 02:07:35.912693,112785.75,302,purchase,AHMEDABAD,0
59030,2024-09-08 21:28:35.824279,246663.45,317,purchase,PUNE,0
89687,2024-08-05 23:31:35.984399,342074.7,636,cash_out,JAIPUR,0
38815,2024-05-21 21:41:35.673411,93778.58,200,refund,DELHI,0
42926,2024-06-01 16:45:35.705073,212025.0,871,purchase,MUMBAI,0
97283,2023-12-12 02:27:36.015961,358997.92,680,cash_out,SURAT,0
34825,2024-05-01 00:41:35.645911,159326.48,734,purchase,BENGALURU,0
15248,2024-01-25 20:03:35.537646,402577.72,523,transfer,KOLKATA,0
87190,2024-01-19 05:55:35.965656,212087.7,516,purchase,PUNE,0
88608,2024-07-06 21:10:35.971575,92898.3,607,refund,JAIPUR,0
4184,2024-06-28 19:08:35.490548,82419.15,654,refund,PUNE,0
9784,2024-02-08 01:16:35.514726,393532.42,345,transfer,HYDERABAD,1
17136,2024-02-21 15:56:35.546276,336282.38,107,purchase,JAIPUR,0
27065,2024-09-01 07:17:35.597786,222037.2,684,purchase,PUNE,0
71343,2024-03-20 17:56:35.895090,359763.52,268,purchase,KOLKATA,0
17377,2024-09-24 09:50:35.547315,200056.72,601,purchase,SURAT,0
50331,2023-12-18 16:41:35.751964,399194.4,654,transfer,PUNE,0
68792,2024-08-02 08:32:35.871061,244551.45,725,purchase,BENGALURU,0
69254,2024-09-05 21:39:35.883619,261435.08,517,purchase,MUMBAI,0
95534,2024-03-31 05:40:36.008465,116518.87,304,purchase,AHMEDABAD,0
54342,2023-11-09 14:15:35.794424,191470.95,630,purchase,HYDERABAD,0
58707,2023-10-25 15:46:35.823200,395709.6,163,transfer,AHMEDABAD,0
29391,2024-09-02 16:22:35.607019,286501.88,477,purchase,MUMBAI,0
42334,2024-07-22 18:21:35.701409,349585.5,537,purchase,JAIPUR,0
979,2023-11-20 07:09:35.467330,402217.2,205,transfer,BENGALURU,1
49605,2024-09-07 20:28:35.747576,338693.02,265,purchase,MUMBAI,0
98257,2023-11-26 22:18:36.020185,116023.05,591,purchase,HYDERABAD,0
1283,2024-05-28 14:26:35.469137,121837.65,118,purchase,JAIPUR,0
32349,2024-09-14 18:49:35.623248,142096.35,253,purchase,DELHI,0
48022,2024-08-25 03:30:35.737374,124115.48,268,purchase,DELHI,0
46359,2024-06-03 14:14:35.726653,360156.22,968,purchase,PUNE,0
28156,2024-04-28 04:48:35.602138,214688.92,776,purchase,DELHI,0
30166,2024-06-04 00:36:35.610072,121296.45,427,purchase,SURAT,0
1595,2024-02-20 23:48:35.470698,401677.65,343,transfer,JAIPUR,0
54786,2024-01-10 04:14:35.797262,24985.95,471,refund,DELHI,0
68222,2023-12-28 03:49:35.867448,108291.15,360,purchase,KOLKATA,0
79072,2024-10-01 10:17:35.933951,305490.08,505,purchase,KOLKATA,0
7288,2024-06-23 11:51:35.504174,32307.0,380,refund,PUNE,0
17676,2024-08-15 21:24:35.548450,115573.42,308,purchase,JAIPUR,0
71341,2024-05-09 21:27:35.895080,194132.4,38,purchase,MUMBAI,0
62919,2023-11-06 23:44:35.841972,168129.22,190,purchase,BENGALURU,0
42873,2024-03-18 03:31:35.704736,277059.75,149,purchase,KOLKATA,0
7722,2024-05-26 11:57:35.506111,237073.65,549,purchase,BENGALURU,0
45899,2024-06-21 19:04:35.723577,132303.6,751,purchase,SURAT,0
30498,2024-06-27 22:44:35.611237,333067.35,435,cash_out,AHMEDABAD,0
2554,2024-02-03 08:34:35.483108,90698.02,139,refund,KOLKATA,0
24974,2024-09-20 14:51:35.588181,88419.38,903,refund,SURAT,0
23706,2024-08-21 16:27:35.582702,159993.9,641,purchase,PUNE,0
40906,2024-04-08 07:32:35.693168,258333.9,19,purchase,BENGALURU,0
79892,2023-11-23 04:39:35.938330,57698.85,26,refund,SURAT,0
74465,2024-07-08 09:30:35.911939,341413.88,693,purchase,SURAT,0
91593,2024-05-31 09:15:35.991335,18187.95,591,refund,JAIPUR,0
44200,2023-12-22 01:16:35.713175,64614.0,580,refund,AHMEDABAD,0
141,2023-10-30 04:47:35.463551,251680.28,814,purchase,HYDERABAD,0
53925,2024-04-14 06:22:35.791625,75628.58,859,refund,CHENNAI,0
91883,2024-04-27 13:57:35.992510,203846.78,388,purchase,DELHI,0
37080,2024-03-15 09:13:35.661721,181339.95,472,purchase,PUNE,0
72961,2024-05-23 10:01:35.904049,20598.6,828,refund,CHENNAI,0
19889,2024-05-30 04:28:35.558448,10663.95,850,refund,SURAT,0
18386,2023-12-13 03:06:35.551292,244977.97,612,purchase,DELHI,1
61901,2023-11-09 14:00:35.838171,144564.75,696,purchase,DELHI,0
72640,2024-07-18 22:11:35.902347,336116.55,943,cash_out,DELHI,0
32509,2024-05-25 22:06:35.624149,80701.5,10,refund,JAIPUR,0
62628,2024-10-03 01:38:35.840644,51738.22,997,refund,BENGALURU,0
71189,2023-10-29 19:37:35.894248,211481.32,349,purchase,BENGALURU,0
71532,2024-05-27 02:44:35.896085,46421.1,254,refund,CHENNAI,0
44993,2024-08-26 20:57:35.718155,403358.18,186,transfer,HYDERABAD,1
89827,2023-11-02 15:20:35.984891,243449.25,547,purchase,JAIPUR,0
79918,2024-10-14 03:27:35.938473,287336.77,2,purchase,PUNE,0
22561,2024-10-12 06:44:35.569940,337337.55,888,purchase,SURAT,0
49340,2024-06-23 21:38:35.745803,324620.18,73,purchase,JAIPUR,0
57924,2024-01-23 15:17:35.819552,198334.95,89,purchase,SURAT,0
64336,2024-05-11 17:18:35.847702,2598.75,875,refund,SURAT,0
87991,2024-08-23 03:17:35.968801,203689.2,746,purchase,DELHI,0
7176,2024-03-16 05:28:35.503727,19908.9,18,refund,AHMEDABAD,0
31537,2024-08-01 03:42:35.617977,258293.48,901,purchase,KOLKATA,0
82660,2024-03-26 09:45:35.948574,210624.98,671,purchase,MUMBAI,0
25530,2024-07-23 11:47:35.590565,203502.75,279,purchase,CHENNAI,0
64052,2023-11-03 21:11:35.846683,91167.45,39,refund,SURAT,0
97525,2024-08-13 06:38:36.016987,165848.92,786,purchase,AHMEDABAD,0
22335,2024-05-23 19:20:35.568451,322092.38,892,purchase,MUMBAI,1
69725,2024-04-17 03:18:35.886320,369424.28,346,cash_out,JAIPUR,0
95224,2024-07-24 00:50:36.007147,197841.6,878,purchase,AHMEDABAD,0
9125,2023-10-26 00:44:35.511908,189184.05,868,purchase,CHENNAI,0
85847,2024-05-08 18:46:35.960685,254491.05,948,purchase,HYDERABAD,0
67211,2024-05-21 15:22:35.860744,115910.85,664,purchase,KOLKATA,0
74529,2024-04-23 00:08:35.912279,36127.58,267,refund,CHENNAI,0
2607,2024-05-23 16:45:35.483428,164693.92,423,purchase,SURAT,0
31586,2024-04-01 20:12:35.618297,86307.38,893,refund,KOLKATA,0
61313,2023-10-27 07:26:35.835284,108845.55,497,purchase,CHENNAI,0
30981,2024-03-15 21:36:35.614077,93720.0,428,refund,KOLKATA,0
50620,2024-02-05 14:22:35.753751,282572.4,495,purchase,PUNE,0
37896,2024-04-11 15:56:35.667258,411576.82,444,transfer,CHENNAI,0
14531,2024-04-09 12:29:35.534336,110730.68,666,purchase,JAIPUR,0
21011,2024-05-20 08:27:35.562525,248869.5,664,purchase,AHMEDABAD,0
56866,2024-09-19 00:30:35.811313,59160.75,279,refund,JAIPUR,0
35874,2024-05-05 08:25:35.654219,177030.15,615,purchase,HYDERABAD,0
28336,2024-01-15 01:45:35.602807,326171.18,987,cash_out,PUNE,0
47593,2024-01-27 02:20:35.734669,41905.05,682,refund,DELHI,0
37314,2023-12-20 03:49:35.663294,77354.48,820,refund,MUMBAI,0
98874,2024-10-01 10:48:36.022802,299323.2,811,purchase,BENGALURU,0
84550,2023-12-18 22:59:35.955922,124554.38,257,purchase,AHMEDABAD,0
18151,2024-09-02 21:25:35.550397,194666.18,922,purchase,DELHI,0
16022,2023-12-22 11:39:35.541071,56552.1,921,refund,MUMBAI,0
725,2024-05-27 16:43:35.466238,62040.82,740,refund,KOLKATA,0
97306,2024-07-11 04:36:36.016056,111337.88,365,purchase,PUNE,0
87315,2024-06-20 12:45:35.966146,332803.35,448,purchase,BENGALURU,1
7287,2024-05-26 19:30:35.504169,100679.7,954,refund,KOLKATA,0
72171,2024-06-16 01:34:35.899632,376381.5,179,transfer,JAIPUR,0
92395,2024-03-25 20:22:35.995059,98000.1,677,refund,DELHI,0
63689,2023-11-26 07:25:35.845214,9831.52,602,refund,KOLKATA,0
52917,2024-05-27 09:31:35.770379,238509.15,998,purchase,KOLKATA,0
1187,2023-10-30 21:58:35.468479,364189.65,181,purchase,KOLKATA,0
40934,2024-06-20 07:05:35.693323,182352.22,40,purchase,DELHI,0
33387,2024-03-16 19:43:35.629701,75581.55,687,refund,HYDERABAD,0
67668,2024-07-05 22:23:35.863734,60612.75,757,refund,HYDERABAD,0
70270,2024-03-07 05:14:35.889231,331832.32,188,cash_out,JAIPUR,0
5465,2024-03-23 19:27:35.496077,85317.38,288,refund,PUNE,0
21528,2023-11-08 19:38:35.564730,23587.58,804,refund,HYDERABAD,0
28700,2023-12-27 19:10:35.604328,281687.18,565,purchase,KOLKATA,0
33349,2024-10-08 04:39:35.629441,284644.8,351,purchase,CHENNAI,0
6337,2023-12-13 11:57:35.500111,343842.68,27,purchase,SURAT,0
57945,2024-09-06 17:40:35.819685,379724.4,815,transfer,SURAT,0
84207,2024-09-24 13:21:35.954680,3597.0,898,refund,KOLKATA,0
34821,2024-06-15 19:19:35.645885,46422.75,240,refund,HYDERABAD,0
40737,2024-02-21 00:53:35.692279,237585.98,651,purchase,PUNE,0
94117,2023-10-26 02:11:36.002409,91914.08,910,refund,DELHI,0
27028,2024-02-24 03:09:35.597643,17025.53,137,refund,JAIPUR,0
6371,2023-11-20 11:42:35.500261,198705.38,127,purchase,KOLKATA,0
686,2024-02-28 11:30:35.466108,139024.05,408,purchase,KOLKATA,0
94039,2024-05-12 19:01:36.002027,150879.3,710,purchase,HYDERABAD,0
67051,2024-02-13 08:52:35.860139,65458.8,768,refund,PUNE,0
70616,2023-11-06 09:17:35.891027,219395.55,172,purchase,DELHI,0
7297,2024-10-01 14:44:35.504213,74743.35,674,refund,HYDERABAD,0
32499,2024-06-28 02:10:35.624097,339453.68,160,cash_out,PUNE,0
40989,2024-06-04 05:54:35.693730,210483.08,92,purchase,PUNE,0
9607,2024-07-05 17:55:35.514037,23298.82,226,refund,KOLKATA,0
18316,2024-01-14 08:59:35.551031,288437.32,692,purchase,BENGALURU,0
76945,2023-10-25 06:31:35.923336,312877.95,824,purchase,JAIPUR,0
3685,2024-04-16 05:29:35.488325,351544.87,809,cash_out,SURAT,0
63704,2024-06-19 23:13:35.845265,140811.82,249,purchase,JAIPUR,0
84534,2024-06-25 16:50:35.955859,153254.48,559,purchase,JAIPUR,0
94323,2024-03-05 15:39:36.003326,211616.63,417,purchase,JAIPUR,0
30024,2023-10-21 12:58:35.609527,372216.08,76,transfer,SURAT,0
14356,2024-05-22 09:58:35.533650,224067.52,727,purchase,PUNE,0
52927,2024-08-03 23:09:35.770412,312594.98,480,cash_out,SURAT,0
76215,2024-04-06 06:51:35.920182,370148.62,771,purchase,CHENNAI,0
8608,2023-12-05 23:29:35.509763,273847.2,410,purchase,KOLKATA,0
40558,2024-09-19 19:27:35.691293,262804.58,461,purchase,KOLKATA,0
67087,2024-04-20 17:35:35.860259,58716.08,378,refund,DELHI,0
88448,2023-12-02 09:58:35.970942,47487.82,544,refund,BENGALURU,0
91539,2024-01-05 22:31:35.991154,212020.05,87,purchase,SURAT,0
28385,2024-06-02 15:53:35.603040,178606.72,997,purchase,KOLKATA,0
2456,2024-01-25 19:20:35.482521,295099.2,560,purchase,HYDERABAD,0
78603,2024-04-20 18:50:35.931880,19087.2,651,refund,KOLKATA,0
2770,2024-09-15 06:10:35.484177,377346.75,343,transfer,MUMBAI,1
22025,2024-06-18 02:38:35.566878,382387.5,117,transfer,DELHI,1
96806,2024-07-11 13:26:36.013924,234368.48,832,purchase,MUMBAI,0
26686,2024-05-02 09:29:35.596297,11559.08,569,refund,HYDERABAD,0
89341,2024-09-07 08:10:35.982866,6599.17,79,refund,PUNE,0
40016,2024-07-01 15:09:35.688281,327913.58,791,purchase,JAIPUR,0
40804,2023-10-29 15:46:35.692628,219439.28,619,purchase,SURAT,0
80079,2024-06-01 09:01:35.939087,346281.38,805,purchase,SURAT,0
39274,2024-08-14 17:47:35.684343,15924.15,820,refund,CHENNAI,0
78239,2024-10-10 16:54:35.930132,286127.32,695,purchase,HYDERABAD,0
14708,2024-07-29 09:53:35.535081,85521.15,457,refund,MUMBAI,0
14476,2023-12-20 19:08:35.534122,407861.02,133,transfer,DELHI,1
69239,2024-05-24 06:56:35.883533,12120.9,875,refund,SURAT,0
69187,2024-08-16 01:50:35.883271,124852.2,826,purchase,CHENNAI,0
13915,2024-05-18 09:12:35.531853,208814.92,580,purchase,JAIPUR,0
4983,2023-11-10 09:15:35.494106,363043.72,462,purchase,KOLKATA,1
86490,2024-04-22 15:25:35.963126,355189.72,462,purchase,JAIPUR,1
76452,2024-04-19 12:52:35.921079,75207.0,169,refund,KOLKATA,0
84285,2024-07-14 19:44:35.954952,201033.52,425,purchase,PUNE,0
63716,2024-04-30 14:11:35.845305,142290.22,192,purchase,SURAT,0
97797,2024-02-07 18:59:36.018239,181746.68,956,purchase,MUMBAI,0
26249,2024-03-02 13:34:35.594472,221323.58,725,purchase,JAIPUR,0
78160,2024-06-08 19:14:35.929735,12568.05,500,refund,JAIPUR,0
74350,2024-07-22 21:27:35.911301,52748.02,53,refund,KOLKATA,0
74035,2024-07-11 18:28:35.909550,155704.72,467,purchase,DELHI,0
90410,2024-02-18 21:24:35.987051,275741.4,88,purchase,SURAT,0
3394,2024-02-01 01:21:35.486974,196438.28,155,purchase,MUMBAI,0
56528,2024-08-22 08:00:35.809032,226524.38,713,purchase,DELHI,0
76051,2023-12-02 20:31:35.919391,63198.3,681,refund,CHENNAI,0
18041,2023-11-06 01:11:35.549972,108353.02,982,purchase,KOLKATA,0
38386,2024-09-29 20:52:35.670545,242557.42,950,purchase,DELHI,0
91754,2024-04-21 10:24:35.991871,365224.2,532,purchase,HYDERABAD,1
83860,2024-05-03 06:04:35.953345,131343.3,383,purchase,JAIPUR,0
79304,2024-07-03 07:15:35.935531,228164.48,299,purchase,PUNE,0
34578,2024-07-28 22:37:35.644224,257724.22,14,purchase,SURAT,0
20042,2024-02-18 15:57:35.559116,61624.2,509,refund,CHENNAI,0
13612,2024-01-28 19:18:35.530635,248755.65,446,purchase,BENGALURU,0
71715,2024-01-22 09:53:35.897063,274886.7,432,purchase,JAIPUR,0
63158,2024-04-09 14:59:35.843101,53467.42,841,refund,JAIPUR,0
28098,2024-08-15 09:56:35.601925,809.32,425,refund,JAIPUR,0
83579,2024-07-16 13:43:35.952336,356100.52,647,purchase,MUMBAI,1
64358,2024-01-08 22:20:35.847775,126463.42,990,purchase,JAIPUR,0
22617,2024-01-09 22:42:35.570308,100107.98,103,refund,PUNE,0
2851,2024-05-20 07:26:35.484528,287638.73,635,purchase,BENGALURU,1
27165,2024-05-09 22:09:35.598165,276161.32,331,purchase,KOLKATA,0
65379,2024-09-13 19:03:35.852084,212053.05,730,purchase,BENGALURU,0
30616,2024-01-28 17:58:35.611687,254612.32,132,purchase,DELHI,0
81736,2023-10-21 16:46:35.945355,243757.8,3,purchase,PUNE,0
33286,2024-06-19 14:38:35.629025,51896.62,11,refund,AHMEDABAD,0
30903,2024-09-26 14:22:35.613507,337794.6,594,purchase,KOLKATA,0
36735,2024-10-11 06:16:35.659580,224871.08,348,purchase,AHMEDABAD,0
94753,2024-05-12 08:27:36.005141,160893.98,784,purchase,JAIPUR,0
43860,2024-08-09 23:37:35.711099,27245.62,977,refund,AHMEDABAD,0
84650,2023-12-30 08:14:35.956261,133472.62,131,purchase,JAIPUR,0
53472,2024-04-14 15:04:35.788655,342055.72,816,purchase,JAIPUR,0
59363,2024-08-24 06:07:35.825394,152949.22,123,purchase,AHMEDABAD,0
15291,2024-05-29 19:14:35.537839,257258.92,442,purchase,HYDERABAD,0
91967,2024-05-18 10:10:35.992956,153648.0,932,purchase,MUMBAI,0
31233,2024-03-21 21:01:35.615950,120141.45,189,purchase,SURAT,0
97159,2024-08-14 11:17:36.015429,283106.18,975,purchase,AHMEDABAD,0
12681,2023-11-28 18:27:35.526913,303456.45,866,purchase,MUMBAI,0
47255,2023-11-30 07:44:35.732397,322790.32,679,purchase,JAIPUR,0
1445,2024-01-09 09:20:35.470167,408731.4,200,transfer,BENGALURU,1
15647,2024-06-25 23:39:35.539455,322356.38,764,cash_out,BENGALURU,1
4010,2024-04-04 06:44:35.489757,165733.43,203,purchase,MUMBAI,0
58503,2024-07-04 10:44:35.822513,317622.52,915,purchase,KOLKATA,0
64065,2024-05-29 15:31:35.846726,323411.55,695,purchase,HYDERABAD,0
97939,2024-04-20 17:42:36.018831,123505.8,614,purchase,AHMEDABAD,0
64164,2024-09-07 17:25:35.847120,136806.45,644,purchase,AHMEDABAD,0
46779,2023-11-14 10:32:35.729214,334595.25,844,purchase,BENGALURU,1
20363,2024-03-05 10:50:35.560216,374120.18,656,transfer,DELHI,1
17893,2024-01-25 04:36:35.549296,79983.75,351,refund,AHMEDABAD,0
62080,2024-05-26 16:07:35.838767,332407.35,383,purchase,CHENNAI,0
99680,2023-11-22 14:51:36.026294,210870.0,46,purchase,BENGALURU,0
58233,2024-07-23 22:35:35.821594,224488.28,388,purchase,KOLKATA,0
51199,2024-05-07 12:49:35.757386,400644.75,587,transfer,HYDERABAD,1
76898,2024-03-06 08:08:35.923115,142623.52,634,purchase,HYDERABAD,0
98643,2024-03-04 04:12:36.021816,160121.78,725,purchase,KOLKATA,0
86314,2024-07-03 02:16:35.962497,27125.18,616,refund,AHMEDABAD,0
86121,2024-02-01 10:41:35.961812,410146.28,413,transfer,MUMBAI,1
77731,2024-02-14 03:45:35.927446,406599.6,373,transfer,HYDERABAD,1
89643,2023-11-09 23:13:35.984251,316320.68,875,cash_out,BENGALURU,0
88050,2024-06-01 16:02:35.969040,376277.55,884,transfer,PUNE,1
6671,2024-10-06 12:16:35.501582,292036.8,493,purchase,CHENNAI,1
6144,2024-07-17 07:21:35.499216,288296.25,552,purchase,CHENNAI,0
6616,2024-08-19 13:00:35.501363,104392.2,138,purchase,MUMBAI,0
54886,2024-04-08 17:35:35.797943,411570.22,781,transfer,PUNE,0
24585,2024-01-20 18:16:35.586476,317945.92,624,purchase,MUMBAI,1
80155,2024-08-14 21:32:35.939427,172679.1,662,purchase,DELHI,0
85208,2024-07-16 06:55:35.958433,313093.28,568,purchase,BENGALURU,1
18437,2024-06-16 21:10:35.551494,115002.52,91,purchase,HYDERABAD,0
84761,2024-08-09 02:36:35.956648,237147.9,916,purchase,DELHI,0
89040,2023-11-09 22:30:35.973138,294522.52,171,purchase,JAIPUR,0
43151,2024-02-15 16:54:35.706537,83612.92,334,refund,MUMBAI,0
22001,2024-03-20 07:47:35.566726,44898.15,403,refund,AHMEDABAD,0
95028,2024-06-01 10:48:36.006365,196673.4,508,purchase,MUMBAI,0
89795,2024-10-06 02:33:35.984786,278877.22,951,purchase,BENGALURU,0
58300,2024-04-27 08:05:35.821835,183852.9,582,purchase,BENGALURU,0
98029,2024-08-12 16:57:36.019219,36497.17,213,refund,AHMEDABAD,0
97081,2023-12-30 20:37:36.015101,308633.32,318,purchase,SURAT,0
60296,2024-03-14 23:36:35.829275,358485.6,480,cash_out,HYDERABAD,1
52286,2024-07-02 17:41:35.764769,269640.52,94,purchase,HYDERABAD,0
51177,2024-07-16 09:50:35.757250,143177.92,141,purchase,PUNE,0
78998,2023-10-29 20:56:35.933685,403024.87,394,transfer,MUMBAI,1
34974,2024-06-26 01:47:35.646897,350640.68,326,cash_out,AHMEDABAD,0
56802,2024-09-22 05:11:35.810902,248207.03,554,purchase,MUMBAI,0
75874,2024-05-22 18:27:35.918624,107160.9,161,purchase,AHMEDABAD,0
98184,2024-08-01 19:04:36.019866,175562.48,70,purchase,PUNE,0
54023,2024-08-25 23:39:35.792267,166291.95,580,purchase,MUMBAI,0
74420,2024-03-13 22:27:35.911666,178635.6,665,purchase,KOLKATA,0
39592,2024-09-03 18:44:35.686023,177904.65,685,purchase,MUMBAI,0
93591,2024-09-16 03:22:36.000120,287514.98,199,purchase,BENGALURU,1
85949,2024-02-19 02:26:35.961101,110860.2,59,purchase,KOLKATA,0
44005,2023-12-28 04:16:35.712042,100978.35,851,refund,DELHI,0
75595,2024-08-26 21:25:35.917437,190325.02,140,purchase,MUMBAI,0
78947,2024-08-31 17:55:35.933335,384955.72,355,transfer,BENGALURU,1
98033,2024-08-31 12:13:36.019233,92640.9,910,refund,DELHI,0
98149,2024-08-19 18:47:36.019744,130415.18,938,purchase,DELHI,0
60276,2024-05-29 02:13:35.829209,376860.0,890,transfer,JAIPUR,0
8319,2024-06-27 13:54:35.508582,80468.02,312,refund,DELHI,0
29059,2024-02-15 10:08:35.605757,86557.35,562,refund,MUMBAI,0
66748,2024-03-01 01:36:35.858902,281769.68,656,purchase,BENGALURU,0
24194,2024-08-26 09:36:35.584784,141835.65,564,purchase,CHENNAI,0
15260,2023-12-25 10:15:35.537712,368342.7,807,purchase,JAIPUR,0
77916,2024-09-14 22:36:35.928376,265196.25,536,purchase,DELHI,0
67199,2024-10-12 04:16:35.860704,340554.22,529,cash_out,AHMEDABAD,0
22989,2024-03-07 02:27:35.572076,248838.15,558,purchase,SURAT,0
51558,2024-07-22 01:53:35.759928,325058.25,933,cash_out,KOLKATA,0
23598,2024-03-11 00:30:35.582280,303977.03,340,purchase,SURAT,0
49620,2023-12-31 06:58:35.747682,99207.08,913,refund,MUMBAI,0
36900,2024-10-16 23:59:35.660562,46525.88,529,refund,CHENNAI,0
27846,2024-04-08 05:31:35.600884,152767.72,321,purchase,CHENNAI,0
64750,2024-02-15 23:13:35.849285,84488.25,709,refund,BENGALURU,0
516,2024-06-14 18:33:35.465252,107004.98,273,purchase,PUNE,0
2042,2024-01-06 15:38:35.472596,123665.02,916,purchase,MUMBAI,0
42525,2023-12-12 03:19:35.702608,253935.0,920,purchase,DELHI,0
92329,2024-01-07 09:03:35.994777,359781.68,208,purchase,JAIPUR,0
57691,2024-06-16 00:49:35.816685,285638.92,118,purchase,SURAT,0
76918,2024-04-03 13:04:35.923203,362208.82,943,purchase,MUMBAI,1
44708,2024-01-24 20:43:35.716305,232560.08,551,purchase,KOLKATA,0
81309,2024-07-15 20:59:35.943900,144563.1,291,purchase,PUNE,0
2266,2024-05-03 22:28:35.473380,250757.92,875,purchase,MUMBAI,0
56828,2024-04-04 16:36:35.811066,133096.42,323,purchase,AHMEDABAD,0
41037,2023-12-26 19:59:35.693990,257723.4,292,purchase,AHMEDABAD,0
21471,2024-03-30 05:58:35.564539,7965.38,238,refund,AHMEDABAD,0
54861,2023-11-27 12:54:35.797781,325208.4,680,purchase,PUNE,0
86191,2024-01-16 07:29:35.962074,395412.6,940,transfer,AHMEDABAD,0
94090,2024-10-17 00:50:36.002251,99689.7,437,refund,JAIPUR,0
17658,2024-07-11 10:52:35.548389,217440.3,422,purchase,CHENNAI,0
46817,2024-09-17 09:02:35.729479,216885.08,123,purchase,DELHI,0
75036,2024-10-17 14:31:35.914631,257085.68,424,purchase,JAIPUR,0
55435,2024-01-26 05:50:35.801508,89209.72,568,refund,CHENNAI,0
82319,2024-01-22 00:08:35.947398,111088.72,219,purchase,BENGALURU,0
22914,2024-06-10 23:39:35.571806,289162.5,299,purchase,BENGALURU,0
51748,2024-05-18 11:01:35.761206,58411.65,233,refund,KOLKATA,0
76162,2023-10-21 18:48:35.919866,290528.7,521,purchase,CHENNAI,0
98829,2024-05-17 00:27:36.022556,295261.72,363,purchase,HYDERABAD,0
21829,2024-01-29 07:01:35.565792,2196.15,855,refund,CHENNAI,0
85802,2024-08-26 00:06:35.960511,203364.98,685,purchase,CHENNAI,0
71932,2024-07-12 01:06:35.898323,38838.52,468,refund,HYDERABAD,0
92064,2024-05-24 16:30:35.993426,182763.08,546,purchase,DELHI,0
54365,2024-02-22 01:37:35.794569,185340.38,159,purchase,PUNE,0
92096,2023-12-02 15:43:35.993597,11424.6,870,refund,KOLKATA,0
77100,2023-12-31 04:07:35.924044,140222.78,480,purchase,BENGALURU,0
34875,2024-06-21 23:17:35.646240,293403.82,984,purchase,PUNE,0
12002,2024-05-04 20:51:35.524089,140557.72,398,purchase,JAIPUR,0
81724,2023-11-03 03:46:35.945315,47081.1,998,refund,SURAT,0
79497,2024-08-30 00:12:35.936340,90256.65,793,refund,JAIPUR,0
58953,2024-09-09 18:13:35.824022,73461.3,313,refund,CHENNAI,0
59866,2024-09-08 13:37:35.827794,246691.5,453,purchase,PUNE,0
55968,2024-03-16 10:00:35.805460,352836.82,729,purchase,KOLKATA,0
18194,2024-09-17 11:29:35.550559,352943.25,268,purchase,PUNE,0
54792,2024-06-04 06:24:35.797302,255750.82,166,purchase,PUNE,0
8834,2024-03-31 19:18:35.510691,39568.65,662,refund,MUMBAI,0
15855,2024-04-07 13:53:35.540425,392493.75,244,transfer,DELHI,1
11759,2023-11-05 01:42:35.522972,143644.88,328,purchase,CHENNAI,0
82113,2024-08-20 10:10:35.946675,22497.75,72,refund,MUMBAI,0
34983,2024-08-14 11:20:35.646957,407186.18,764,transfer,PUNE,0
34870,2024-09-02 06:14:35.646207,350933.55,793,purchase,PUNE,0
81206,2024-03-29 21:16:35.943386,57530.55,199,refund,KOLKATA,0
41102,2024-02-27 10:15:35.694331,201879.98,608,purchase,SURAT,0
18195,2024-01-14 03:49:35.550562,378350.78,791,transfer,AHMEDABAD,0
10962,2024-01-28 02:10:35.519759,395758.28,429,transfer,AHMEDABAD,0
26090,2023-12-13 02:36:35.593839,383088.75,25,transfer,SURAT,0
50264,2023-12-03 16:08:35.751570,108441.3,578,purchase,HYDERABAD,0
96325,2024-01-09 08:25:36.011828,28878.3,351,refund,JAIPUR,0
78610,2024-05-12 13:26:35.931910,139727.78,708,purchase,AHMEDABAD,0
98580,2024-09-11 06:17:36.021515,351463.2,178,purchase,BENGALURU,1
66270,2023-11-15 16:18:35.856607,92431.35,616,refund,KOLKATA,0
87591,2024-04-03 00:43:35.967147,83046.15,525,refund,MUMBAI,0
75094,2024-09-03 15:36:35.914960,125430.52,658,purchase,KOLKATA,0
44493,2024-02-03 18:06:35.714900,123804.45,894,purchase,MUMBAI,0
14841,2024-08-30 19:40:35.535644,188662.65,38,purchase,AHMEDABAD,0
22703,2024-05-23 06:43:35.570870,285726.38,333,purchase,BENGALURU,0
23326,2023-12-28 14:39:35.573243,157131.98,886,purchase,DELHI,0
50611,2024-04-16 20:50:35.753510,275466.68,412,purchase,AHMEDABAD,0
44837,2023-12-08 20:46:35.717128,222107.32,693,purchase,MUMBAI,0
61538,2023-11-26 12:59:35.836737,66601.42,363,refund,PUNE,0
96521,2024-03-22 04:26:36.012622,328089.3,626,cash_out,DELHI,0
85084,2024-05-11 01:04:35.957997,98327.62,368,refund,KOLKATA,0
12900,2024-06-29 22:50:35.527839,395690.62,78,transfer,CHENNAI,0
31834,2024-06-06 00:19:35.619954,28335.45,762,refund,PUNE,0
44187,2023-12-26 19:20:35.713093,179263.42,528,purchase,PUNE,0
4852,2024-10-14 09:37:35.493542,339999.0,926,purchase,CHENNAI,0
98576,2024-10-08 20:18:36.021492,239169.98,214,purchase,CHENNAI,0
95930,2023-12-19 23:12:36.010161,25678.12,601,refund,HYDERABAD,0
57551,2023-12-16 06:50:35.815779,109078.2,521,purchase,BENGALURU,0
79863,2023-12-14 23:05:35.938190,396277.2,805,transfer,MUMBAI,1
66056,2024-03-29 08:42:35.855565,206264.85,523,purchase,BENGALURU,0
39561,2024-01-15 10:18:35.685855,121416.9,833,purchase,KOLKATA,0
10901,2024-05-22 07:08:35.519527,234425.4,72,purchase,MUMBAI,0
23930,2024-10-20 10:14:35.583851,85298.4,563,refund,MUMBAI,0
40667,2023-11-09 17:51:35.691898,353500.13,107,purchase,HYDERABAD,1
82208,2024-06-03 19:27:35.947023,71482.12,841,refund,SURAT,0
47965,2024-05-05 16:25:35.737050,210153.9,644,purchase,HYDERABAD,0
58080,2024-04-17 16:12:35.820579,243245.47,810,purchase,BENGALURU,0
85454,2023-12-15 16:21:35.959288,201026.1,983,purchase,MUMBAI,0
5156,2024-07-23 03:06:35.494862,293155.5,105,purchase,JAIPUR,0
9181,2024-05-23 06:13:35.512136,7354.05,873,refund,PUNE,0
80905,2024-05-22 00:30:35.942311,291010.5,186,purchase,HYDERABAD,0
50246,2024-03-02 00:30:35.751463,263451.38,502,purchase,JAIPUR,0
63688,2024-08-30 13:49:35.845211,311751.82,76,purchase,SURAT,0
76227,2023-12-24 22:22:35.920234,4088.7,329,refund,PUNE,0
92219,2024-05-08 12:13:35.994153,137056.42,387,purchase,CHENNAI,0
44523,2024-04-11 20:10:35.715096,404730.98,872,transfer,DELHI,1
23847,2024-06-01 07:58:35.583360,14320.35,442,refund,PUNE,0
31982,2024-06-30 11:20:35.620922,133912.35,362,purchase,PUNE,0
89764,2023-11-02 21:58:35.984676,349490.62,803,purchase,CHENNAI,0
92955,2024-05-23 17:27:35.997394,89702.25,907,refund,KOLKATA,0
95494,2024-02-02 07:37:36.008279,387732.68,59,transfer,BENGALURU,1
95932,2024-10-08 05:51:36.010167,379392.75,524,transfer,DELHI,1
3810,2024-06-29 09:54:35.488869,304701.38,592,purchase,SURAT,0
56704,2024-04-12 14:50:35.810263,128987.1,266,purchase,MUMBAI,0
30131,2023-12-23 08:13:35.609953,310681.8,412,purchase,BENGALURU,0
81483,2023-10-29 11:15:35.944479,265173.15,592,purchase,DELHI,0
25691,2024-05-17 06:43:35.591401,278203.2,443,purchase,CHENNAI,0
73546,2024-04-26 01:12:35.907013,254730.3,98,purchase,AHMEDABAD,0
75540,2024-01-04 07:45:35.917226,159196.95,529,purchase,DELHI,0
14692,2024-09-16 15:57:35.535020,249773.7,284,purchase,HYDERABAD,0
14331,2024-01-10 22:59:35.533527,228081.15,622,purchase,AHMEDABAD,0
9878,2024-10-08 02:39:35.515197,378951.38,275,transfer,SURAT,0
87789,2024-09-16 20:46:35.968066,256529.62,16,purchase,SURAT,0
25847,2024-04-20 06:51:35.592402,126756.3,139,purchase,AHMEDABAD,0
92808,2024-10-02 19:47:35.996813,399212.55,158,transfer,SURAT,0
30735,2024-04-16 06:56:35.612139,336021.68,109,purchase,SURAT,0
17191,2024-08-19 00:09:35.546539,346477.72,17,cash_out,MUMBAI,0
32856,2023-12-09 19:37:35.626234,81543.0,958,refund,KOLKATA,0
55538,2024-09-17 00:51:35.802190,103686.82,567,purchase,MUMBAI,0
63569,2024-09-18 11:13:35.844564,30985.35,381,refund,BENGALURU,0
61321,2024-05-21 21:15:35.835337,68026.2,994,refund,KOLKATA,0
14547,2023-11-30 13:30:35.534422,259794.98,52,purchase,PUNE,0
55641,2024-09-27 17:14:35.803372,208263.82,298,purchase,DELHI,0
1978,2023-11-20 17:00:35.472362,88654.5,691,refund,MUMBAI,0
83583,2023-12-02 07:14:35.952349,96704.02,478,refund,PUNE,0
65686,2024-06-21 02:55:35.853765,36696.0,236,refund,PUNE,0
58560,2024-03-25 06:53:35.822702,195657.0,490,purchase,PUNE,0
22357,2024-01-23 01:03:35.568600,126234.9,497,purchase,AHMEDABAD,0
78334,2024-06-21 02:25:35.930550,295501.8,234,purchase,KOLKATA,0
75650,2024-10-02 05:35:35.917711,272202.15,707,purchase,BENGALURU,0
69178,2024-09-18 14:52:35.883219,80996.85,774,refund,HYDERABAD,0
7427,2024-06-03 05:55:35.504796,160318.95,283,purchase,MUMBAI,0
32073,2023-10-22 12:16:35.621531,86067.3,295,refund,DELHI,0
91941,2023-10-28 01:00:35.992844,127140.75,412,purchase,BENGALURU,0
56910,2024-09-08 04:17:35.811584,172443.15,194,purchase,HYDERABAD,0
87410,2024-08-25 15:37:35.966465,171588.45,378,purchase,KOLKATA,0
77817,2024-09-13 03:42:35.927955,379401.0,968,transfer,SURAT,0
15702,2024-07-13 11:31:35.539804,79654.58,728,refund,DELHI,0
32308,2024-06-09 11:46:35.623025,150256.42,500,purchase,KOLKATA,0
59850,2023-11-21 20:54:35.827739,277949.92,261,purchase,CHENNAI,0
43316,2024-07-12 07:20:35.707559,256931.4,877,purchase,CHENNAI,0
79861,2024-04-20 01:23:35.938178,401905.35,97,transfer,PUNE,0
54011,2024-09-08 18:29:35.792194,355167.45,220,purchase,CHENNAI,0
33301,2024-04-13 01:56:35.629124,57991.72,875,refund,SURAT,0
19318,2024-02-25 21:40:35.555911,179918.48,399,purchase,AHMEDABAD,0
50094,2023-12-20 21:31:35.750581,171581.02,598,purchase,JAIPUR,0
97376,2024-03-22 17:29:36.016364,76885.88,382,refund,AHMEDABAD,0
56760,2024-05-04 02:43:35.810627,343840.2,255,cash_out,JAIPUR,0
36469,2024-03-21 09:24:35.658100,55291.5,865,refund,AHMEDABAD,0
85367,2024-04-20 20:30:35.959000,193329.68,713,purchase,JAIPUR,0
59704,2024-05-07 08:33:35.827142,51167.32,793,refund,PUNE,0
53503,2024-09-21 17:24:35.788850,395024.85,666,transfer,PUNE,0
45263,2024-03-08 06:13:35.719696,236803.88,849,purchase,HYDERABAD,0
51366,2024-10-08 01:22:35.758671,38091.9,109,refund,JAIPUR,0
92614,2024-05-03 17:08:35.996023,243162.97,165,purchase,KOLKATA,0
61676,2024-06-28 10:06:35.837366,66687.23,122,refund,HYDERABAD,0
96153,2024-08-20 01:08:36.011126,160053.3,881,purchase,HYDERABAD,1
75908,2024-01-24 16:43:35.918784,169670.32,764,purchase,PUNE,0
87487,2024-07-12 12:14:35.966737,323272.95,248,purchase,PUNE,0
64562,2024-01-18 02:26:35.848609,145309.72,754,purchase,PUNE,0
87077,2024-08-13 19:27:35.965222,68739.0,378,refund,DELHI,0
44397,2023-12-30 23:25:35.714272,373172.25,489,transfer,AHMEDABAD,0
34715,2024-09-21 10:56:35.645173,375600.22,456,transfer,DELHI,1
13516,2024-09-07 06:35:35.530310,283381.72,19,purchase,CHENNAI,0
4869,2024-08-25 16:18:35.493649,75463.58,239,refund,PUNE,0
33359,2024-06-05 08:32:35.629506,339129.45,327,purchase,AHMEDABAD,0
78213,2024-07-30 13:57:35.930023,110416.35,916,purchase,KOLKATA,0
18060,2024-05-11 16:44:35.550037,47826.08,374,refund,HYDERABAD,0
66907,2024-09-21 20:16:35.859638,22939.95,711,refund,DELHI,0
43533,2024-06-15 18:58:35.708968,72100.88,647,refund,HYDERABAD,1
70782,2023-12-06 11:09:35.891903,271163.47,333,purchase,BENGALURU,0
29552,2024-05-27 11:31:35.607776,80737.8,955,refund,MUMBAI,0
70384,2023-12-08 09:28:35.889818,157839.83,570,purchase,MUMBAI,0
18202,2024-02-29 12:35:35.550585,23627.18,864,refund,CHENNAI,0
83633,2024-05-05 02:55:35.952561,198942.97,409,purchase,PUNE,0
24037,2024-06-27 05:13:35.584232,295431.68,280,purchase,AHMEDABAD,0
12034,2024-08-20 06:55:35.524211,401913.6,106,transfer,CHENNAI,0
33435,2024-06-28 17:56:35.630017,40642.8,79,refund,DELHI,0
72516,2023-12-08 00:25:35.901502,329751.68,893,cash_out,DELHI,0
71138,2023-10-21 19:26:35.893960,103893.08,484,purchase,PUNE,1
78605,2024-06-30 13:01:35.931891,13692.52,500,refund,DELHI,0
17423,2023-12-14 08:35:35.547483,177007.05,53,purchase,HYDERABAD,0
16342,2024-01-03 13:10:35.542314,113590.12,457,purchase,BENGALURU,0
30410,2023-11-13 12:32:35.610928,334468.2,277,purchase,SURAT,0
81045,2023-12-16 23:58:35.942848,223023.9,686,purchase,DELHI,0
7928,2024-03-22 06:29:35.506942,68693.62,653,refund,BENGALURU,0
57564,2024-09-24 18:46:35.815864,280118.85,590,purchase,JAIPUR,0
27896,2023-10-30 04:37:35.601103,57546.22,896,refund,PUNE,0
23508,2024-10-11 11:52:35.581976,134941.12,850,purchase,PUNE,0
14273,2024-08-21 07:30:35.533273,408306.52,523,transfer,BENGALURU,1
11714,2024-10-04 00:44:35.522819,39386.33,307,refund,JAIPUR,0
15694,2024-01-03 10:51:35.539752,48590.85,406,refund,BENGALURU,0
45076,2024-05-13 02:26:35.718664,331480.05,366,cash_out,AHMEDABAD,0
1020,2024-05-04 16:07:35.467469,330102.3,713,purchase,JAIPUR,0
21055,2023-12-04 04:56:35.562686,306479.25,960,purchase,BENGALURU,1
52095,2024-09-11 03:05:35.763521,403700.55,111,transfer,KOLKATA,0
90878,2023-12-02 00:39:35.988651,243241.35,7,purchase,HYDERABAD,0
93499,2024-01-31 19:46:35.999692,273714.38,474,purchase,KOLKATA,0
33024,2024-06-18 11:09:35.627290,205260.82,669,purchase,KOLKATA,0
1262,2024-10-19 21:36:35.468999,77060.78,335,refund,MUMBAI,0
7957,2024-04-05 18:59:35.507064,106309.5,951,purchase,AHMEDABAD,0
4616,2023-11-24 13:19:35.492428,168417.15,900,purchase,CHENNAI,0
67034,2023-12-07 07:31:35.860082,94518.6,133,refund,CHENNAI,0
42946,2024-03-25 02:35:35.705199,322226.03,764,cash_out,PUNE,0
30640,2024-03-04 11:29:35.611808,339408.3,417,purchase,BENGALURU,1
57920,2023-12-20 12:43:35.819526,252012.75,530,purchase,KOLKATA,0
53537,2023-12-03 05:31:35.789069,136577.1,550,purchase,JAIPUR,0
43457,2024-02-26 21:53:35.708471,283171.35,77,purchase,AHMEDABAD,0
98934,2024-05-20 04:25:36.023031,127404.75,953,purchase,DELHI,0
46328,2024-05-11 23:02:35.726452,15680.78,727,refund,BENGALURU,0
50337,2023-11-13 22:49:35.751994,65502.52,730,refund,KOLKATA,0
9205,2024-06-19 06:34:35.512231,82947.97,578,refund,BENGALURU,0
9573,2024-08-05 16:03:35.513902,62456.62,70,refund,SURAT,0
16091,2024-08-08 23:52:35.541329,262218.82,616,purchase,SURAT,0
96160,2023-12-16 15:16:36.011149,15590.85,608,refund,JAIPUR,0
12412,2024-08-05 03:58:35.525844,28135.8,672,refund,MUMBAI,0
82640,2024-07-25 00:25:35.948507,17735.85,243,refund,DELHI,0
65376,2024-09-22 13:38:35.852066,265145.1,622,purchase,JAIPUR,0
48982,2024-08-30 10:06:35.743427,22174.35,85,refund,KOLKATA,0
21668,2024-08-31 10:00:35.565217,45859.28,509,refund,AHMEDABAD,0
70590,2023-12-19 12:31:35.890890,305970.22,669,purchase,AHMEDABAD,0
43573,2023-11-05 15:24:35.709229,81538.88,622,refund,PUNE,0
59048,2024-05-18 16:39:35.824338,176061.6,328,purchase,HYDERABAD,0
46707,2024-08-02 11:36:35.728737,137217.3,534,purchase,BENGALURU,0
15163,2023-12-07 07:54:35.536996,342775.13,816,purchase,BENGALURU,0
1899,2024-04-16 06:24:35.472061,377915.18,401,transfer,HYDERABAD,1
63273,2024-01-26 19:20:35.843496,109530.3,247,purchase,JAIPUR,0
61867,2024-05-30 10:50:35.838057,227530.87,720,purchase,HYDERABAD,0
8126,2024-07-06 07:30:35.507820,236879.78,410,purchase,MUMBAI,0
69591,2023-11-01 12:34:35.885535,324754.65,230,purchase,DELHI,0
84878,2023-12-01 06:13:35.957090,143818.95,437,purchase,HYDERABAD,0
67481,2023-11-08 14:20:35.861734,285382.35,796,purchase,DELHI,0
15272,2024-07-24 18:18:35.537774,75741.6,891,refund,BENGALURU,0
966,2024-01-09 16:54:35.467285,393063.0,431,transfer,AHMEDABAD,0
23707,2024-08-03 12:05:35.582705,145058.92,452,purchase,MUMBAI,0
38843,2024-05-26 15:45:35.681730,325574.7,149,purchase,PUNE,0
17172,2024-01-21 09:52:35.546428,190914.08,177,purchase,JAIPUR,0
94898,2024-04-15 02:30:36.005810,67341.45,796,refund,BENGALURU,0
83483,2024-10-06 11:39:35.951995,181938.08,894,purchase,DELHI,0
52787,2023-11-29 16:06:35.769863,190447.12,807,purchase,CHENNAI,0
93302,2024-01-21 10:49:35.998889,292617.6,63,purchase,BENGALURU,1
82092,2024-08-06 00:16:35.946602,30619.05,751,refund,DELHI,0
59421,2024-09-08 18:05:35.825711,197444.78,638,purchase,KOLKATA,0
58314,2024-05-02 19:46:35.821882,29249.55,381,refund,BENGALURU,0
48830,2024-03-15 20:06:35.742411,266275.35,389,purchase,BENGALURU,0
47302,2024-02-14 12:18:35.732710,319892.92,65,purchase,JAIPUR,0
49151,2023-11-29 21:59:35.744527,390920.48,124,transfer,SURAT,0
78671,2023-11-22 18:21:35.932135,362712.9,319,purchase,PUNE,0
99577,2023-12-11 03:35:36.025861,151992.22,355,purchase,JAIPUR,0
24790,2023-11-17 18:19:35.587307,201818.92,480,purchase,JAIPUR,0
762,2023-10-23 08:43:35.466362,17446.28,344,refund,HYDERABAD,0
3585,2024-06-02 07:51:35.487833,162308.85,342,purchase,DELHI,0
74543,2024-06-23 15:51:35.912355,15071.1,155,refund,MUMBAI,0
90453,2024-09-08 13:31:35.987193,297484.27,233,purchase,JAIPUR,0
15854,2024-01-26 04:29:35.540422,397294.42,497,transfer,MUMBAI,1
94504,2024-01-03 11:38:36.004078,271564.42,899,purchase,AHMEDABAD,0
73175,2023-12-29 10:20:35.905179,59574.08,355,refund,MUMBAI,0
3420,2024-06-10 00:46:35.487075,311448.23,213,cash_out,KOLKATA,0
5068,2023-12-28 23:25:35.494454,289610.47,174,purchase,BENGALURU,0
54610,2024-08-29 21:50:35.796132,28520.25,45,refund,CHENNAI,0
77087,2024-05-28 10:13:35.923971,53978.92,808,refund,HYDERABAD,0
37877,2024-10-20 09:11:35.667131,87346.05,757,refund,CHENNAI,0
76141,2024-04-04 17:55:35.919762,210265.28,879,purchase,JAIPUR,0
57390,2023-11-30 04:37:35.814752,352806.3,510,cash_out,JAIPUR,0
93213,2024-10-12 06:41:35.998506,298197.08,85,purchase,CHENNAI,0
60079,2024-04-08 02:52:35.828541,403217.92,852,transfer,KOLKATA,0
52364,2024-04-22 16:23:35.765277,186429.38,914,purchase,KOLKATA,0
47991,2024-01-06 02:51:35.737197,399917.1,681,transfer,DELHI,1
14817,2023-10-24 16:08:35.535534,263151.08,413,purchase,SURAT,0
13574,2024-06-11 02:30:35.530508,199769.62,696,purchase,JAIPUR,0
35815,2024-03-16 14:34:35.653828,29206.65,384,refund,BENGALURU,0
61409,2024-03-29 04:53:35.835922,275338.8,369,purchase,PUNE,0
83363,2024-05-07 23:02:35.951419,190536.22,433,purchase,SURAT,0
68073,2024-07-18 05:11:35.866514,133674.75,139,purchase,JAIPUR,0
3441,2024-01-29 06:26:35.487165,82862.18,875,refund,BENGALURU,0
74141,2024-06-08 23:56:35.910200,286682.55,914,purchase,HYDERABAD,0
90405,2024-06-22 07:21:35.987035,343607.55,402,purchase,HYDERABAD,1
82887,2024-03-08 02:55:35.949513,374702.63,63,transfer,MUMBAI,1
17335,2023-10-22 11:17:35.547150,200044.35,51,purchase,KOLKATA,0
55410,2024-09-13 22:02:35.801352,93312.45,348,refund,SURAT,0
65328,2024-01-02 03:39:35.851831,378825.98,430,transfer,PUNE,0
80148,2024-01-18 06:43:35.939404,77191.12,791,refund,PUNE,0
32151,2024-01-03 21:44:35.622108,386948.1,640,transfer,PUNE,0
93867,2024-02-26 09:34:36.001296,133890.08,153,purchase,DELHI,0
38793,2024-07-14 22:50:35.673268,32370.52,585,refund,JAIPUR,0
61708,2024-05-07 05:51:35.837473,354791.25,293,cash_out,MUMBAI,1
60327,2023-12-21 21:40:35.829379,376301.48,519,transfer,HYDERABAD,1
26623,2024-08-13 21:45:35.595963,67224.3,133,refund,MUMBAI,0
71913,2024-05-07 15:00:35.898226,145746.15,526,purchase,PUNE,0
30281,2023-11-28 00:17:35.610471,330998.25,141,cash_out,MUMBAI,1
99195,2024-01-03 14:48:36.024125,174741.6,763,purchase,CHENNAI,0
85829,2024-09-25 20:33:35.960609,87125.78,575,refund,BENGALURU,0
51962,2024-08-02 15:28:35.762643,152945.1,710,purchase,SURAT,0
82754,2023-11-01 17:17:35.948933,254754.22,785,purchase,AHMEDABAD,0
79146,2024-06-25 02:37:35.934866,372685.5,623,transfer,BENGALURU,1
27086,2024-01-03 23:54:35.597867,371943.0,189,transfer,CHENNAI,0
73511,2024-06-13 04:32:35.906808,370458.0,108,cash_out,BENGALURU,1
90468,2024-03-08 11:55:35.987243,83187.23,852,refund,PUNE,0
9463,2024-09-25 17:59:35.513374,335228.85,177,purchase,BENGALURU,1
82686,2024-04-22 05:06:35.948660,394921.72,604,transfer,PUNE,0
75963,2023-10-30 17:05:35.919055,17325.0,484,refund,AHMEDABAD,0
33650,2023-11-29 07:42:35.631444,139222.88,472,purchase,JAIPUR,0
3220,2024-06-05 15:16:35.486205,305047.05,786,purchase,BENGALURU,0
10665,2024-07-11 16:48:35.518545,375335.4,119,transfer,JAIPUR,0
79532,2023-12-18 14:02:35.936458,58624.5,95,refund,DELHI,0
59963,2024-10-02 21:22:35.828118,120592.72,401,purchase,AHMEDABAD,0
52549,2023-12-06 02:32:35.766496,378398.62,925,transfer,PUNE,0
29198,2024-07-09 00:47:35.606309,46452.45,137,refund,KOLKATA,0
54350,2023-11-12 23:07:35.794474,195303.08,272,purchase,HYDERABAD,0
71837,2024-08-10 11:26:35.897806,55607.48,1,refund,SURAT,0
9049,2024-04-26 12:36:35.511587,303169.35,591,purchase,CHENNAI,0
7686,2023-11-03 19:26:35.505951,113507.62,110,purchase,MUMBAI,0
99123,2024-07-05 06:45:36.023853,214673.25,767,purchase,DELHI,0
62704,2024-01-24 06:40:35.840899,335569.58,887,purchase,BENGALURU,1
78762,2024-09-27 13:29:35.932516,84007.28,268,refund,SURAT,0
68411,2024-02-09 12:46:35.868695,322559.32,381,purchase,MUMBAI,0
50618,2024-05-15 04:30:35.753556,110540.1,709,purchase,JAIPUR,0
86329,2024-10-09 08:52:35.962546,99190.58,654,refund,BENGALURU,0
16000,2024-09-01 02:35:35.540949,338517.3,21,cash_out,DELHI,1
61158,2023-11-24 02:31:35.834323,144762.75,605,purchase,SURAT,0
67958,2024-03-01 17:30:35.865746,197726.92,353,purchase,SURAT,0
62936,2024-07-27 22:11:35.842066,63231.3,824,refund,PUNE,0
57954,2024-02-15 01:43:35.819741,273667.35,901,purchase,HYDERABAD,0
84708,2024-09-03 16:53:35.956473,161565.52,76,purchase,BENGALURU,0
26072,2024-06-08 23:53:35.593725,235256.18,795,purchase,JAIPUR,0
82983,2024-03-29 11:41:35.949867,402491.1,830,transfer,HYDERABAD,1
79957,2024-05-23 04:43:35.938603,190221.9,675,purchase,DELHI,0
63017,2023-12-30 04:51:35.842515,211445.85,766,purchase,JAIPUR,0
37243,2024-01-20 10:41:35.662820,272847.3,976,purchase,MUMBAI,0
27821,2024-04-05 15:08:35.600801,77244.75,946,refund,JAIPUR,0
61323,2024-06-12 02:42:35.835349,59221.8,392,refund,PUNE,0
34817,2024-06-13 19:58:35.645859,119250.45,946,purchase,SURAT,0
72250,2024-07-03 14:45:35.900042,266742.3,713,purchase,BENGALURU,0
24013,2024-07-08 23:46:35.584151,347824.12,466,cash_out,HYDERABAD,1
59586,2024-10-07 20:04:35.826562,96539.02,344,refund,DELHI,0
29133,2024-04-04 03:33:35.606011,48505.88,625,refund,BENGALURU,0
63349,2023-11-22 14:54:35.843797,342327.98,71,purchase,DELHI,1
34214,2024-09-01 00:40:35.635248,303148.73,251,purchase,PUNE,0
9734,2024-07-04 13:12:35.514524,35116.12,332,refund,PUNE,0
67116,2024-05-15 02:48:35.860374,22823.62,671,refund,JAIPUR,0
24827,2024-03-31 20:16:35.587449,94448.48,561,refund,MUMBAI,0
29870,2024-03-05 23:44:35.608993,400784.18,547,transfer,CHENNAI,0
35291,2024-01-09 14:23:35.648989,140182.35,886,purchase,AHMEDABAD,0
59798,2024-06-11 15:36:35.827567,400984.65,486,transfer,BENGALURU,1
84959,2024-05-04 10:37:35.957362,158160.75,291,purchase,PUNE,0
41633,2024-02-06 00:46:35.697226,81491.02,703,refund,HYDERABAD,0
49219,2024-09-27 13:13:35.744980,361964.62,878,purchase,JAIPUR,1
96807,2024-09-18 11:48:36.013927,274923.82,328,purchase,DELHI,0
54489,2024-05-13 16:31:35.795366,9525.45,861,refund,MUMBAI,0
76739,2024-04-01 22:41:35.922340,186478.88,554,purchase,DELHI,0
56783,2024-07-12 11:30:35.810781,349413.08,772,purchase,HYDERABAD,1
78087,2024-03-23 05:47:35.929185,346188.15,370,cash_out,SURAT,0
40972,2024-02-17 14:25:35.693532,285460.73,322,purchase,KOLKATA,0
15132,2023-11-13 19:05:35.536884,155340.08,670,purchase,HYDERABAD,0
91689,2023-12-12 09:44:35.991656,213479.48,216,purchase,DELHI,0
45160,2023-10-21 18:17:35.719118,211286.63,297,purchase,PUNE,0
81140,2024-03-11 18:31:35.943167,285624.08,665,purchase,SURAT,0
44649,2024-05-04 10:23:35.715919,294110.02,574,purchase,AHMEDABAD,0
95334,2024-09-26 03:10:36.007644,283029.45,872,purchase,SURAT,0
63335,2024-05-24 07:33:35.843749,15585.9,260,refund,PUNE,0
26881,2024-02-23 07:26:35.597123,240002.4,232,purchase,AHMEDABAD,0
90358,2024-09-12 19:28:35.986878,104389.72,661,purchase,SURAT,0
77233,2024-02-09 01:25:35.924865,167294.32,27,purchase,PUNE,0
59153,2023-12-13 12:42:35.824689,60608.62,697,refund,PUNE,0
16330,2024-08-30 02:24:35.542275,167873.48,784,purchase,MUMBAI,0
92918,2023-12-10 03:44:35.997269,192248.92,11,purchase,MUMBAI,0
94569,2024-01-07 03:09:36.004374,8404.28,932,refund,AHMEDABAD,0
16218,2024-05-12 00:32:35.541816,394922.55,568,transfer,JAIPUR,0
10978,2023-11-24 09:50:35.519812,321424.95,245,purchase,MUMBAI,0
13052,2024-09-03 07:30:35.528412,112157.92,383,purchase,SURAT,0
82223,2024-07-28 18:26:35.947074,369433.35,140,purchase,BENGALURU,1
80822,2024-10-19 03:23:35.942021,73667.55,283,refund,SURAT,0
50064,2024-09-28 09:07:35.750419,231164.18,948,purchase,BENGALURU,0
2407,2024-02-26 10:20:35.482212,396754.05,815,transfer,DELHI,1
32094,2024-04-29 00:11:35.621724,60610.27,273,refund,PUNE,0
13069,2024-03-14 13:07:35.528474,342061.5,546,purchase,SURAT,0
14788,2024-04-05 15:36:35.535398,373065.0,415,transfer,SURAT,0
57735,2023-11-03 20:46:35.816969,81842.47,991,refund,KOLKATA,0
84559,2023-12-16 21:40:35.955954,218581.28,545,purchase,DELHI,0
81645,2024-02-24 17:39:35.945053,211487.1,93,purchase,KOLKATA,0
49396,2024-07-09 14:42:35.746180,239337.45,757,purchase,BENGALURU,0
38025,2024-04-23 22:12:35.668119,221162.7,704,purchase,CHENNAI,0
14889,2024-04-17 17:12:35.535867,324995.55,716,purchase,SURAT,0
5371,2024-04-13 15:14:35.495693,186491.25,720,purchase,KOLKATA,0
20410,2023-11-21 00:43:35.560372,357826.42,841,cash_out,BENGALURU,1
97371,2024-05-30 08:05:36.016347,252671.1,550,purchase,PUNE,0
7696,2024-07-12 13:46:35.506008,221748.45,103,purchase,CHENNAI,0
12849,2024-05-01 06:45:35.527617,191067.52,333,purchase,SURAT,0
96903,2023-12-22 18:04:36.014347,4204.2,138,refund,SURAT,0
9469,2024-07-27 23:30:35.513394,383332.95,542,transfer,JAIPUR,0
55411,2023-11-10 13:14:35.801358,158735.78,239,purchase,MUMBAI,0
34181,2023-12-18 22:00:35.635034,112238.78,363,purchase,HYDERABAD,0
52640,2024-06-09 23:54:35.767096,221168.48,911,purchase,BENGALURU,0
35818,2024-06-28 12:54:35.653849,353398.65,855,purchase,MUMBAI,1
44703,2024-08-24 03:28:35.716272,388397.63,729,transfer,SURAT,0
290,2023-11-27 18:01:35.464172,238231.12,67,purchase,PUNE,0
32627,2024-05-12 14:11:35.624831,391616.78,561,transfer,SURAT,0
20987,2024-03-23 22:04:35.562445,191155.8,122,purchase,AHMEDABAD,0
9519,2024-04-04 22:46:35.513635,61268.62,592,refund,BENGALURU,0
92404,2024-02-21 22:33:35.995088,106984.35,956,purchase,KOLKATA,0
48175,2023-11-27 13:31:35.738239,82930.65,416,refund,BENGALURU,0
55100,2024-04-14 03:35:35.799334,343391.4,773,cash_out,DELHI,1
33975,2023-11-12 01:51:35.633670,58658.32,385,refund,MUMBAI,0
26158,2024-02-26 07:08:35.594169,30752.7,459,refund,BENGALURU,0
29204,2024-10-07 00:56:35.606340,151648.2,408,purchase,PUNE,0
51453,2024-09-12 13:54:35.759241,105727.05,833,purchase,KOLKATA,0
11395,2023-11-08 15:16:35.521478,227087.85,562,purchase,JAIPUR,0
83396,2024-10-16 18:04:35.951703,294715.58,938,purchase,KOLKATA,0
89188,2024-01-24 01:31:35.981938,247882.8,714,purchase,PUNE,0
74623,2024-05-15 05:19:35.912679,364727.55,842,cash_out,PUNE,0
64134,2024-05-08 10:53:35.846993,125418.98,507,purchase,HYDERABAD,0
13719,2024-09-29 14:54:35.531078,77722.42,838,refund,SURAT,0
19989,2024-01-03 21:30:35.558897,387781.35,578,transfer,AHMEDABAD,0
8602,2024-06-21 09:46:35.509734,313330.05,707,purchase,CHENNAI,0
78670,2024-10-08 07:49:35.932131,149955.3,786,purchase,HYDERABAD,0
64823,2024-08-05 05:29:35.849634,402804.6,289,transfer,SURAT,0
10129,2024-01-04 15:59:35.516277,182211.15,274,purchase,PUNE,0
55632,2024-08-28 05:01:35.803317,317949.22,642,cash_out,DELHI,1
24980,2024-04-27 09:16:35.588201,76602.08,660,refund,JAIPUR,0
35065,2023-12-10 11:25:35.647492,386123.1,648,transfer,DELHI,1
13015,2023-11-29 16:01:35.528288,56343.38,168,refund,MUMBAI,0
40284,2024-02-12 08:28:35.689827,265103.85,735,purchase,MUMBAI,0
49814,2024-07-31 21:30:35.748968,316857.75,657,purchase,CHENNAI,0
11189,2024-08-16 23:36:35.520674,164014.12,32,purchase,KOLKATA,0
56252,2024-09-26 12:44:35.807270,124884.38,692,purchase,BENGALURU,0
32032,2023-12-07 20:26:35.621253,255159.3,419,purchase,AHMEDABAD,0
91960,2023-11-07 10:32:35.992925,137407.05,828,purchase,AHMEDABAD,0
18971,2024-04-08 01:21:35.553921,163179.22,532,purchase,SURAT,0
58873,2024-06-23 02:56:35.823755,88654.5,832,refund,MUMBAI,0
51070,2024-01-08 17:45:35.756554,165220.28,869,purchase,MUMBAI,0
93567,2023-12-12 08:40:36.000016,341730.68,942,purchase,BENGALURU,1
9188,2024-06-22 19:12:35.512159,352148.78,899,purchase,PUNE,0
57340,2024-05-18 03:38:35.814442,337104.08,982,cash_out,JAIPUR,0
61420,2023-11-08 20:27:35.835995,196095.08,125,purchase,KOLKATA,0
10110,2024-10-20 21:50:35.516183,94493.02,281,refund,CHENNAI,0
45172,2024-09-04 01:14:35.719194,276092.03,392,purchase,KOLKATA,0
42081,2024-02-11 03:25:35.699807,345265.8,648,cash_out,BENGALURU,1
27823,2024-05-07 05:16:35.600808,404015.7,954,transfer,CHENNAI,0
4519,2024-01-12 21:44:35.492024,188081.02,237,purchase,BENGALURU,0
27828,2024-02-19 00:40:35.600825,64059.6,688,refund,AHMEDABAD,0
53763,2024-08-11 14:29:35.790588,68388.38,874,refund,AHMEDABAD,0
88327,2024-02-15 03:15:35.970509,139598.25,205,purchase,CHENNAI,0
82357,2024-10-03 05:07:35.947525,227575.42,227,purchase,JAIPUR,0
71208,2023-11-21 10:33:35.894359,251874.98,726,purchase,HYDERABAD,0
72421,2024-10-16 04:17:35.900952,306662.4,758,purchase,MUMBAI,1
36766,2024-05-24 06:32:35.659763,321052.05,956,purchase,AHMEDABAD,0
82794,2024-07-09 04:18:35.949156,244016.02,398,purchase,SURAT,0
52127,2024-04-15 12:25:35.763724,314617.88,336,purchase,AHMEDABAD,0
75791,2024-08-06 15:25:35.918306,144459.15,81,purchase,BENGALURU,0
96844,2023-12-26 14:29:36.014078,152527.65,51,purchase,MUMBAI,0
72338,2024-06-11 00:29:35.900507,126833.85,509,purchase,BENGALURU,0
50702,2023-12-31 04:18:35.754233,320184.15,141,cash_out,PUNE,0
76462,2023-11-04 11:28:35.921112,71784.9,999,refund,MUMBAI,0
61515,2024-02-18 00:48:35.836606,304462.95,11,purchase,DELHI,1
86608,2024-02-28 10:27:35.963529,63916.05,428,refund,HYDERABAD,0
52975,2024-02-05 22:37:35.770586,226681.95,605,purchase,BENGALURU,0
78033,2024-07-14 17:41:35.928911,303084.38,264,purchase,SURAT,0
57866,2024-02-10 23:34:35.819179,304740.97,105,purchase,MUMBAI,0
3136,2024-02-17 01:48:35.485813,113401.2,40,purchase,AHMEDABAD,0
17824,2024-10-12 17:28:35.549046,393111.68,200,transfer,HYDERABAD,1
60206,2023-11-12 09:57:35.828968,312489.38,203,purchase,MUMBAI,0
60986,2024-02-07 16:50:35.833251,267064.88,989,purchase,DELHI,0
91443,2024-03-08 01:28:35.990791,31397.85,42,refund,CHENNAI,0
56690,2024-09-12 22:39:35.810170,92599.65,25,refund,BENGALURU,0
67639,2024-04-08 15:48:35.863538,183277.88,798,purchase,PUNE,0
64867,2024-02-21 19:46:35.849881,81441.52,122,refund,KOLKATA,0
59686,2024-04-14 13:15:35.827023,214075.12,664,purchase,KOLKATA,0
54181,2024-10-06 23:21:35.793277,342305.7,53,cash_out,DELHI,1
88995,2024-09-15 15:16:35.972989,70824.6,361,refund,CHENNAI,0
54142,2024-06-15 12:31:35.793029,232811.7,824,purchase,CHENNAI,0
2167,2024-01-16 23:01:35.473027,110809.88,472,purchase,MUMBAI,0
21550,2024-06-10 02:05:35.564819,121049.78,649,purchase,SURAT,0
2547,2024-06-05 11:50:35.483070,197836.65,219,purchase,HYDERABAD,0
14434,2023-12-03 07:39:35.533956,148443.07,882,purchase,CHENNAI,0
39370,2024-06-25 19:10:35.684844,174537.0,387,purchase,KOLKATA,0
73442,2024-10-20 17:12:35.906549,305886.08,140,purchase,CHENNAI,0
41658,2024-05-04 07:31:35.697365,385718.02,372,transfer,DELHI,1
43008,2024-04-14 18:52:35.705636,350558.18,444,purchase,DELHI,1
99853,2024-06-27 23:46:36.027019,187960.58,308,purchase,DELHI,0
70289,2024-10-09 15:22:35.889325,248692.12,208,purchase,PUNE,0
39677,2024-08-03 12:34:35.686476,235490.47,324,purchase,KOLKATA,0
63396,2024-09-06 08:34:35.843957,50657.48,226,refund,SURAT,0
29840,2024-03-23 09:22:35.608843,378447.3,776,transfer,PUNE,0
67940,2024-05-05 16:16:35.865622,234780.15,560,purchase,AHMEDABAD,0
12409,2024-05-01 08:58:35.525827,214938.9,440,purchase,HYDERABAD,0
84845,2024-09-01 03:30:35.956967,232343.92,604,purchase,MUMBAI,0
95527,2024-09-27 07:23:36.008427,71644.65,974,refund,JAIPUR,0
21327,2023-12-20 08:31:35.563773,133103.85,93,purchase,CHENNAI,0
26784,2024-01-22 22:41:35.596735,30689.18,795,refund,DELHI,0
19283,2023-12-06 01:15:35.555779,218714.1,664,purchase,PUNE,0
5048,2024-01-07 21:44:35.494375,44808.22,975,refund,CHENNAI,0
6981,2024-06-16 20:50:35.502915,125902.42,848,purchase,BENGALURU,0
15056,2024-01-10 23:30:35.536604,252267.68,981,purchase,KOLKATA,0
30840,2023-12-30 13:38:35.613087,269614.95,390,purchase,PUNE,0
76930,2024-02-17 18:44:35.923271,69958.35,148,refund,AHMEDABAD,0
56268,2024-03-01 02:37:35.807381,345819.38,528,cash_out,BENGALURU,1
27452,2024-06-22 09:53:35.599270,206151.82,321,purchase,KOLKATA,0
24229,2023-12-11 12:28:35.584928,391582.95,384,transfer,CHENNAI,0
3087,2024-09-01 02:39:35.485535,241629.3,21,purchase,MUMBAI,0
72737,2024-02-09 10:47:35.902876,354330.9,44,purchase,HYDERABAD,1
57396,2024-07-25 14:05:35.814788,83898.38,10,refund,CHENNAI,0
82931,2024-05-21 04:02:35.949692,337995.08,526,cash_out,BENGALURU,1
30218,2024-04-24 05:46:35.610247,242880.0,824,purchase,AHMEDABAD,0
97441,2024-06-02 06:26:36.016619,8017.35,679,refund,CHENNAI,0
9815,2024-05-03 22:56:35.514870,164403.52,398,purchase,KOLKATA,0
12151,2024-05-15 02:46:35.524737,219471.45,454,purchase,HYDERABAD,0
46777,2024-08-16 14:10:35.729201,129072.08,399,purchase,DELHI,0
42433,2024-01-27 05:01:35.702057,238123.05,341,purchase,BENGALURU,0
23188,2023-12-24 23:09:35.572755,191412.38,263,purchase,CHENNAI,0
12284,2024-09-12 20:45:35.525260,257843.85,699,purchase,PUNE,0
77595,2024-01-23 00:12:35.926649,365565.75,178,cash_out,SURAT,0
75461,2024-10-13 10:58:35.916898,37900.5,26,refund,KOLKATA,0
88861,2024-08-27 21:39:35.972518,112861.65,806,purchase,KOLKATA,0
21980,2024-05-15 18:35:35.566590,351702.45,262,purchase,SURAT,0
28851,2024-06-11 12:16:35.604921,224495.7,29,purchase,MUMBAI,0
95949,2024-09-09 01:09:36.010244,381489.9,774,transfer,MUMBAI,1
74477,2024-10-17 06:13:35.912010,308276.92,411,purchase,KOLKATA,0
87800,2024-02-29 21:55:35.968117,51924.68,968,refund,AHMEDABAD,0
79856,2024-07-21 09:10:35.938149,2811.6,836,refund,JAIPUR,0
15778,2024-04-20 01:59:35.540151,376072.95,416,transfer,PUNE,0
20362,2023-10-23 21:41:35.560211,1683.0,180,refund,KOLKATA,0
40700,2024-03-09 01:52:35.692074,341109.45,821,cash_out,KOLKATA,0
33695,2024-08-27 16:42:35.631740,266114.48,686,purchase,DELHI,0
59527,2024-02-29 11:55:35.826326,79657.88,26,refund,CHENNAI,0
98474,2024-01-30 05:18:36.021072,349470.0,526,cash_out,JAIPUR,0
34192,2024-01-10 02:09:35.635105,101286.08,796,refund,PUNE,0
91234,2024-09-04 14:27:35.990076,83646.75,526,refund,KOLKATA,0
88336,2024-03-21 12:53:35.970539,244461.52,486,purchase,DELHI,0
71748,2024-07-03 16:25:35.897255,162251.1,678,purchase,SURAT,0
60,2024-08-13 17:38:35.463206,316519.5,277,purchase,DELHI,1
28627,2024-01-10 09:41:35.604020,64966.28,754,refund,BENGALURU,0
76286,2024-06-19 01:40:35.920436,142325.7,529,purchase,KOLKATA,0
2095,2024-06-08 06:47:35.472774,75951.98,543,refund,MUMBAI,0
78728,2024-09-06 07:45:35.932363,50876.92,516,refund,JAIPUR,0
6725,2024-05-29 13:29:35.501858,98860.58,28,refund,PUNE,0
59347,2024-09-19 10:45:35.825340,405606.3,171,transfer,DELHI,1
28793,2024-05-13 08:12:35.604667,4947.52,335,refund,BENGALURU,0
44111,2024-08-04 12:56:35.712661,152006.25,722,purchase,JAIPUR,0
9069,2023-12-30 00:11:35.511663,22013.48,965,refund,CHENNAI,0
4652,2024-08-13 23:24:35.492647,233786.02,527,purchase,JAIPUR,0
12691,2024-06-19 02:41:35.526957,212753.48,209,purchase,CHENNAI,0
37648,2023-11-14 05:58:35.665525,79881.45,524,refund,SURAT,0
76844,2023-10-29 13:44:35.922862,207944.55,889,purchase,HYDERABAD,0
60935,2024-05-06 17:21:35.832942,225555.82,861,purchase,KOLKATA,0
82919,2024-06-12 18:52:35.949653,357954.3,176,purchase,MUMBAI,1
33140,2024-02-24 11:06:35.628064,267382.5,264,purchase,HYDERABAD,0
44328,2024-07-15 07:37:35.713815,346900.95,285,purchase,DELHI,1
24173,2024-10-05 11:06:35.584711,345179.18,813,purchase,BENGALURU,1
66092,2024-04-18 07:54:35.855749,63659.48,642,refund,BENGALURU,0
57399,2024-07-17 02:33:35.814807,322889.32,181,cash_out,HYDERABAD,1
18237,2023-11-09 09:45:35.550722,393775.8,253,transfer,PUNE,0
80846,2023-12-17 20:21:35.942101,353192.4,872,purchase,PUNE,0
66954,2024-08-20 19:57:35.859798,295454.78,43,purchase,MUMBAI,0
11761,2024-02-21 19:35:35.522979,232060.95,939,purchase,PUNE,0
77188,2024-08-16 09:51:35.924588,134909.78,90,purchase,PUNE,0
78265,2024-04-10 22:06:35.930222,204430.87,470,purchase,DELHI,0
44792,2023-11-24 15:53:35.716841,302614.95,715,purchase,MUMBAI,0
79057,2024-01-08 14:52:35.933900,187321.2,348,purchase,HYDERABAD,0
73600,2024-05-30 13:35:35.907292,276524.32,409,purchase,PUNE,0
92233,2023-12-01 12:21:35.994231,231615.45,595,purchase,CHENNAI,0
23531,2024-08-20 20:15:35.582052,290884.27,772,purchase,JAIPUR,0
54830,2024-04-23 18:05:35.797556,83511.45,66,refund,JAIPUR,0
6628,2024-06-02 01:25:35.501402,42350.55,792,refund,DELHI,0
39930,2024-05-05 16:35:35.687836,405015.6,978,transfer,SURAT,0
6815,2024-01-02 12:16:35.502294,197588.32,704,purchase,KOLKATA,0
80622,2024-07-27 00:51:35.941145,409348.5,471,transfer,KOLKATA,0
33728,2024-05-14 19:55:35.631959,346022.32,742,purchase,KOLKATA,0
48666,2023-11-17 05:32:35.741249,373309.2,909,transfer,KOLKATA,0
98107,2024-01-16 02:07:36.019569,378552.9,904,transfer,BENGALURU,1
75145,2023-12-11 06:00:35.915210,30651.22,323,refund,JAIPUR,0
83255,2024-03-30 15:01:35.951019,89041.42,523,refund,PUNE,0
30626,2023-10-23 12:19:35.611721,17669.85,496,refund,HYDERABAD,0
96921,2024-10-19 08:46:36.014407,179843.4,380,purchase,SURAT,0
36858,2024-03-10 20:15:35.660309,157802.7,966,purchase,JAIPUR,0
82541,2023-12-27 17:42:35.948173,365324.85,607,purchase,DELHI,1
50178,2024-09-26 12:20:35.751046,103360.12,835,purchase,JAIPUR,0
29494,2024-06-19 16:19:35.607581,285745.35,394,purchase,HYDERABAD,0
62850,2024-03-14 20:21:35.841586,8763.98,517,refund,AHMEDABAD,0
52339,2023-12-03 21:04:35.765112,59765.48,848,refund,SURAT,0
5787,2024-07-23 22:47:35.497462,101752.2,867,refund,PUNE,0
41104,2024-09-09 14:17:35.694341,45137.4,755,refund,JAIPUR,0
81116,2023-11-03 17:10:35.943087,304482.75,189,purchase,MUMBAI,0
40637,2024-05-12 00:24:35.691743,182286.22,755,purchase,JAIPUR,0
74850,2024-04-02 01:10:35.913632,81599.92,594,refund,PUNE,0
79579,2024-08-25 07:34:35.936615,267505.42,70,purchase,SURAT,0
15804,2024-09-17 02:59:35.540237,69106.95,383,refund,CHENNAI,0
88542,2024-03-31 09:32:35.971258,34363.72,883,refund,DELHI,0
1797,2023-12-28 16:48:35.471626,193115.18,295,purchase,DELHI,0
95128,2024-04-25 02:55:36.006796,145304.78,426,purchase,JAIPUR,0
66477,2023-12-18 16:31:35.857600,163883.78,441,purchase,PUNE,0
3413,2023-12-06 13:33:35.487037,156050.4,439,purchase,AHMEDABAD,0
7210,2024-07-18 03:15:35.503876,89071.95,64,refund,AHMEDABAD,0
70863,2024-09-09 02:03:35.892319,268087.88,392,purchase,AHMEDABAD,0
51836,2024-07-31 15:13:35.761806,223459.5,157,purchase,HYDERABAD,0
37701,2023-12-24 00:50:35.665957,123570.98,123,purchase,MUMBAI,0
33862,2024-09-15 01:08:35.632845,98245.95,279,refund,KOLKATA,0
16412,2023-12-16 07:23:35.542664,170430.98,827,purchase,KOLKATA,0
60998,2024-06-17 19:47:35.833323,231780.45,19,purchase,PUNE,0
69089,2023-12-30 00:38:35.882633,203507.7,342,purchase,SURAT,0
47233,2024-07-15 13:32:35.732253,63716.4,753,refund,SURAT,0
69457,2024-04-10 19:22:35.884785,390398.25,517,transfer,AHMEDABAD,0
14398,2024-06-09 21:23:35.533817,162549.75,911,purchase,SURAT,0
95947,2024-09-09 16:20:36.010237,85234.88,901,refund,DELHI,0
62025,2024-07-17 15:05:35.838583,373285.28,12,transfer,CHENNAI,0
94600,2024-04-26 03:49:36.004507,348421.42,417,cash_out,PUNE,0
58778,2024-09-07 23:05:35.823438,77057.47,895,refund,CHENNAI,0
91451,2024-01-14 01:00:35.990817,119540.85,174,purchase,BENGALURU,0
44671,2023-12-08 02:39:35.716066,49496.7,947,refund,DELHI,0
58272,2024-09-28 04:31:35.821740,395114.78,229,transfer,HYDERABAD,1
56357,2024-07-19 01:48:35.807953,262933.28,966,purchase,MUMBAI,0
28829,2024-05-01 10:37:35.604817,266965.88,947,purchase,JAIPUR,0
47976,2024-01-30 00:57:35.737109,294397.95,176,purchase,SURAT,0
82435,2023-11-18 06:46:35.947803,49123.8,412,refund,CHENNAI,0
76504,2024-02-13 00:13:35.921306,407106.15,982,transfer,AHMEDABAD,0
83474,2023-11-30 09:06:35.951966,387335.85,977,transfer,KOLKATA,0
99489,2024-07-12 05:07:36.025332,333648.97,828,cash_out,PUNE,0
83703,2024-01-07 17:12:35.952805,250525.28,776,purchase,CHENNAI,0
99648,2024-08-21 11:40:36.026187,17626.12,940,refund,PUNE,0
50498,2024-04-03 02:10:35.752884,340710.98,104,cash_out,HYDERABAD,1
52226,2023-11-24 11:43:35.764376,199178.92,994,purchase,KOLKATA,0
44954,2024-01-01 10:21:35.717901,231684.75,424,purchase,DELHI,0
75833,2023-11-08 00:59:35.918467,187780.72,430,purchase,PUNE,0
1887,2024-09-17 21:28:35.472016,354453.82,193,purchase,HYDERABAD,1
36791,2024-03-14 03:37:35.659910,253900.35,537,purchase,MUMBAI,0
38166,2024-03-10 01:49:35.669056,391857.68,766,transfer,PUNE,0
58536,2024-09-02 06:03:35.822623,378360.68,805,transfer,KOLKATA,0
9480,2023-12-24 22:51:35.513431,174288.68,947,purchase,MUMBAI,0
57090,2024-06-11 02:46:35.812745,325854.38,674,cash_out,MUMBAI,0
33835,2024-03-20 16:35:35.632668,179282.4,286,purchase,KOLKATA,0
28418,2024-03-02 12:22:35.603203,362905.95,995,purchase,AHMEDABAD,0
15744,2024-06-05 02:58:35.540034,181787.92,158,purchase,KOLKATA,0
39928,2024-04-17 07:57:35.687826,280525.58,485,purchase,SURAT,0
38727,2024-02-01 09:26:35.672827,195264.3,510,purchase,HYDERABAD,0
78256,2023-11-14 16:41:35.930189,258067.42,994,purchase,DELHI,0
89716,2024-08-20 03:39:35.984494,140117.18,115,purchase,DELHI,0
48665,2024-06-13 15:14:35.741242,244859.18,88,purchase,AHMEDABAD,0
475,2024-01-27 18:05:35.464997,239747.48,84,purchase,DELHI,0
33718,2024-05-04 15:45:35.631893,348366.15,891,purchase,HYDERABAD,1
91783,2024-02-16 07:00:35.991969,232132.72,52,purchase,SURAT,0
96812,2023-11-12 07:42:36.013944,120261.08,190,purchase,HYDERABAD,0
46221,2024-01-25 06:41:35.725736,309804.82,13,purchase,DELHI,1
92892,2024-06-26 05:31:35.997183,77606.92,223,refund,MUMBAI,0
20334,2024-01-19 21:48:35.560118,214894.35,161,purchase,JAIPUR,0
53400,2024-06-13 14:12:35.788188,241215.15,737,purchase,JAIPUR,0
36630,2024-05-31 04:35:35.658992,235793.25,891,purchase,BENGALURU,0
24294,2024-09-09 18:50:35.585165,293639.78,673,purchase,HYDERABAD,0
95657,2024-06-14 07:09:36.008991,138849.98,794,purchase,SURAT,0
64789,2024-05-28 23:50:35.849422,70238.85,18,refund,CHENNAI,0
60098,2024-08-12 10:25:35.828605,209556.6,813,purchase,DELHI,0
83047,2024-02-02 09:25:35.950180,100886.78,680,refund,AHMEDABAD,0
69948,2023-12-07 15:10:35.887547,52756.28,253,refund,BENGALURU,0
41791,2024-02-06 09:54:35.698136,156048.75,992,purchase,KOLKATA,0
67413,2023-12-03 16:12:35.861446,366054.98,358,purchase,CHENNAI,0
18963,2024-04-25 18:37:35.553872,364607.1,101,purchase,MUMBAI,1
12751,2024-07-01 10:45:35.527200,169622.48,8,purchase,MUMBAI,0
31047,2024-10-06 18:43:35.614517,131371.35,192,purchase,JAIPUR,0
91257,2024-01-27 18:17:35.990152,130428.38,850,purchase,PUNE,0
74103,2024-09-12 19:19:35.909977,85024.5,490,refund,JAIPUR,0
80426,2024-09-02 16:39:35.940471,346020.68,381,purchase,JAIPUR,0
82490,2024-07-11 20:43:35.947987,14797.2,481,refund,AHMEDABAD,0
14474,2024-07-11 11:18:35.534112,13064.7,857,refund,KOLKATA,0
78127,2024-05-25 02:33:35.929430,105849.98,685,purchase,MUMBAI,0
97728,2024-10-03 13:46:36.017903,339501.52,59,purchase,DELHI,1
8507,2024-04-17 15:00:35.509346,55130.62,845,refund,PUNE,0
44967,2024-07-12 13:33:35.717987,55049.78,187,refund,PUNE,0
59554,2024-02-23 16:30:35.826437,156820.95,89,purchase,CHENNAI,0
17256,2023-12-30 20:23:35.546857,65799.53,991,refund,CHENNAI,0
61185,2024-03-01 23:15:35.834471,274484.92,480,purchase,HYDERABAD,0
70449,2024-02-23 13:54:35.890163,314598.9,19,purchase,MUMBAI,0
52490,2024-03-19 04:01:35.766110,315178.88,425,cash_out,DELHI,1
96359,2024-07-08 15:39:36.011970,123488.48,531,purchase,CHENNAI,0
53833,2024-10-13 07:13:35.791027,287291.4,466,purchase,KOLKATA,0
4045,2024-07-12 10:43:35.489915,234054.15,574,purchase,SURAT,0
36788,2024-01-24 16:06:35.659891,165248.33,576,purchase,CHENNAI,0
68680,2023-11-27 14:24:35.870323,181006.65,909,purchase,BENGALURU,0
83830,2024-03-08 06:32:35.953245,364077.45,818,purchase,PUNE,0
72816,2024-02-11 13:26:35.903280,186782.48,988,purchase,SURAT,0
39933,2024-06-05 19:30:35.687851,324413.92,619,purchase,JAIPUR,0
57698,2024-10-21 07:17:35.816730,226027.72,206,purchase,MUMBAI,0
81445,2024-07-08 07:36:35.944353,143250.52,724,purchase,HYDERABAD,0
75585,2023-12-05 15:01:35.917404,157294.5,585,purchase,AHMEDABAD,0
80854,2024-03-26 03:03:35.942127,391436.1,321,transfer,KOLKATA,0
34793,2024-08-17 06:17:35.645700,381575.7,664,transfer,HYDERABAD,1
94738,2024-09-10 14:39:36.005065,343789.87,70,purchase,DELHI,1
81288,2024-08-26 07:50:35.943830,136493.78,674,purchase,SURAT,0
71374,2024-05-14 04:19:35.895258,15033.15,56,refund,BENGALURU,0
27237,2024-09-20 04:43:35.598436,208969.2,797,purchase,SURAT,0
85869,2024-08-22 09:35:35.960760,139128.0,915,purchase,KOLKATA,0
94336,2023-11-06 09:36:36.003396,113246.1,603,purchase,DELHI,0
32530,2024-10-13 12:48:35.624267,135094.58,673,purchase,HYDERABAD,0
10194,2024-06-25 06:16:35.516536,251788.35,537,purchase,CHENNAI,0
55309,2024-04-23 11:22:35.800688,122309.55,383,purchase,DELHI,0
49888,2024-05-09 10:53:35.749441,26018.85,5,refund,AHMEDABAD,0
48408,2024-08-22 09:18:35.739593,314001.6,500,purchase,DELHI,0
72874,2024-08-02 14:47:35.903589,77008.8,539,refund,HYDERABAD,0
64543,2023-11-16 22:13:35.848547,246279.82,733,purchase,JAIPUR,0
9516,2024-09-27 18:40:35.513619,395114.78,750,transfer,SURAT,0
58840,2024-09-29 21:48:35.823646,109882.58,578,purchase,SURAT,0
18197,2024-08-14 15:58:35.550569,176167.2,735,purchase,HYDERABAD,0
76914,2024-05-13 00:07:35.923180,290037.82,909,purchase,SURAT,0
25913,2024-06-30 22:16:35.592829,75962.7,199,refund,BENGALURU,0
12648,2024-06-04 07:36:35.526780,110754.6,494,purchase,CHENNAI,0
2071,2024-05-12 14:23:35.472694,398428.8,840,transfer,DELHI,1
23427,2023-12-08 10:52:35.581674,379247.55,518,transfer,SURAT,0
73196,2024-09-27 10:56:35.905288,28060.72,642,refund,KOLKATA,0
92765,2024-01-01 22:12:35.996616,289405.05,611,purchase,CHENNAI,0
62312,2024-05-17 22:01:35.839551,85888.28,696,refund,SURAT,0
33146,2024-03-04 23:30:35.628104,368379.82,432,cash_out,KOLKATA,0
74046,2024-09-26 01:50:35.909637,144371.7,856,purchase,AHMEDABAD,0
60817,2024-02-10 07:43:35.832190,207881.85,153,purchase,SURAT,0
53002,2024-02-19 17:59:35.770688,68102.92,854,refund,SURAT,0
53405,2024-06-18 05:22:35.788221,166877.7,750,purchase,CHENNAI,0
4270,2024-09-17 05:04:35.490985,76520.4,403,refund,JAIPUR,0
79328,2024-07-08 19:30:35.935668,164646.9,826,purchase,SURAT,0
46272,2024-04-05 17:38:35.726076,117597.98,763,purchase,HYDERABAD,0
65711,2024-08-29 21:14:35.853875,301793.25,157,purchase,PUNE,0
1337,2023-10-30 04:44:35.469504,50541.98,124,refund,DELHI,0
41019,2024-01-27 18:12:35.693891,307995.6,884,purchase,HYDERABAD,1
31970,2024-04-27 10:45:35.620845,180090.9,617,purchase,SURAT,0
70839,2024-08-20 02:33:35.892189,174042.0,654,purchase,PUNE,0
3157,2024-10-05 05:52:35.485910,60555.82,381,refund,KOLKATA,0
11084,2023-11-15 09:05:35.520233,291649.05,380,purchase,JAIPUR,0
83373,2024-01-30 11:03:35.951623,94119.3,22,refund,HYDERABAD,0
48230,2024-02-26 20:38:35.738543,216715.95,389,purchase,PUNE,0
77867,2024-02-04 01:26:35.928152,252447.52,501,purchase,BENGALURU,0
82700,2024-02-22 19:14:35.948707,81847.42,693,refund,BENGALURU,0
85540,2023-11-15 12:47:35.959613,197087.55,184,purchase,HYDERABAD,0
70131,2024-01-29 02:34:35.888498,353571.9,456,cash_out,JAIPUR,0
30542,2024-03-05 01:03:35.611394,187856.63,194,purchase,PUNE,0
51824,2023-12-21 04:41:35.761722,348225.08,512,cash_out,AHMEDABAD,0
5133,2023-10-21 21:54:35.494764,49744.2,711,refund,JAIPUR,0
62557,2024-02-26 10:44:35.840405,336195.75,710,purchase,AHMEDABAD,0
74538,2024-08-22 09:23:35.912326,276458.32,904,purchase,KOLKATA,0
24594,2024-02-03 12:26:35.586510,160326.38,585,purchase,PUNE,0
68737,2024-09-05 02:04:35.870697,80165.25,757,refund,JAIPUR,0
90526,2024-07-28 13:08:35.987436,294653.7,79,purchase,HYDERABAD,1
61951,2024-08-13 22:11:35.838337,361180.05,401,cash_out,AHMEDABAD,0
10204,2024-08-25 08:34:35.516579,232636.8,17,purchase,PUNE,0
52362,2024-04-21 11:43:35.765261,296936.47,72,purchase,HYDERABAD,0
92706,2023-12-26 18:16:35.996342,151510.42,580,purchase,HYDERABAD,0
73975,2024-02-06 12:20:35.909285,202984.65,276,purchase,AHMEDABAD,0
35798,2024-01-30 06:03:35.653710,17882.7,467,refund,SURAT,0
42003,2024-03-20 20:27:35.699359,352185.9,954,purchase,HYDERABAD,1
63559,2024-03-28 00:05:35.844530,77313.23,313,refund,AHMEDABAD,0
34474,2023-11-14 00:52:35.636879,138354.15,363,purchase,JAIPUR,0
48758,2023-11-28 08:39:35.741932,238136.25,943,purchase,HYDERABAD,0
26575,2024-09-22 01:07:35.595802,123636.15,816,purchase,AHMEDABAD,0
34601,2024-06-06 04:46:35.644393,273951.98,249,purchase,DELHI,0
2424,2024-05-17 16:01:35.482326,336854.1,978,purchase,DELHI,1
76490,2024-02-22 13:34:35.921246,65825.92,284,refund,MUMBAI,0
95581,2024-07-12 18:54:36.008674,214390.28,2,purchase,AHMEDABAD,0
35824,2024-09-20 20:17:35.653888,125813.32,608,purchase,DELHI,0
15593,2024-07-29 19:08:35.539195,12783.37,210,refund,AHMEDABAD,0
9540,2023-11-21 08:21:35.513730,319969.65,55,purchase,DELHI,1
73633,2024-08-04 10:33:35.907477,318398.02,764,purchase,CHENNAI,0
65244,2023-12-22 13:46:35.851385,215619.53,40,purchase,CHENNAI,0
50018,2024-04-09 18:56:35.750154,168027.75,496,purchase,SURAT,0
29185,2024-04-01 16:31:35.606242,313985.92,706,purchase,CHENNAI,0
47803,2023-11-02 05:51:35.736049,35696.1,801,refund,SURAT,0
41484,2024-07-29 23:41:35.696399,89947.28,647,refund,DELHI,0
88383,2023-12-14 12:48:35.970698,330144.38,377,purchase,AHMEDABAD,0
53535,2024-07-28 09:19:35.789057,199983.3,18,purchase,KOLKATA,0
97351,2024-04-12 12:55:36.016256,310456.58,242,purchase,AHMEDABAD,0
67435,2024-03-05 17:14:35.861525,19395.75,814,refund,DELHI,0
20783,2024-10-15 11:25:35.561717,223680.6,275,purchase,CHENNAI,0
8501,2024-09-20 16:28:35.509318,7102.42,160,refund,JAIPUR,0
91808,2024-03-04 00:46:35.992064,254712.97,109,purchase,MUMBAI,0
98623,2023-11-13 16:45:36.021737,72865.65,725,refund,CHENNAI,0
4676,2024-03-24 22:41:35.492741,169781.7,880,purchase,HYDERABAD,0
3438,2023-12-16 03:54:35.487148,406979.1,745,transfer,BENGALURU,1
94695,2024-08-10 21:33:36.004895,345769.87,515,purchase,CHENNAI,0
1448,2024-05-08 10:17:35.470177,281237.55,408,purchase,KOLKATA,0
61701,2024-05-09 01:12:35.837450,99627.0,427,refund,PUNE,0
46327,2024-09-25 13:53:35.726446,222318.52,963,purchase,BENGALURU,0
59517,2024-05-20 03:34:35.826265,90111.45,288,refund,AHMEDABAD,0
37466,2024-03-01 04:15:35.664310,223041.22,91,purchase,PUNE,0
71873,2024-04-24 09:11:35.897998,27132.6,818,refund,BENGALURU,0
10120,2024-05-12 00:03:35.516241,244753.58,754,purchase,DELHI,0
84785,2024-02-10 22:18:35.956754,150323.25,665,purchase,PUNE,0
63395,2024-09-24 03:36:35.843954,104892.15,657,purchase,PUNE,0
67745,2024-08-28 00:00:35.864266,233536.88,575,purchase,KOLKATA,0
49364,2023-12-03 14:03:35.745967,4290.82,936,refund,MUMBAI,0
31051,2023-12-26 16:32:35.614544,372923.92,596,transfer,KOLKATA,0
83419,2024-08-17 10:16:35.951781,360139.72,382,purchase,DELHI,1
43740,2024-03-30 09:30:35.710320,400935.98,309,transfer,AHMEDABAD,0
37559,2024-06-09 21:01:35.664927,296453.85,697,purchase,PUNE,0
27677,2024-08-09 04:01:35.600281,347372.85,737,cash_out,CHENNAI,0
16914,2024-08-03 02:41:35.545203,408098.62,658,transfer,JAIPUR,0
52292,2024-08-28 17:55:35.764806,184870.95,368,purchase,JAIPUR,0
93817,2023-11-15 00:10:36.001055,82428.23,765,refund,CHENNAI,0
4123,2024-06-18 13:08:35.490239,171292.28,182,purchase,AHMEDABAD,0
13993,2024-04-30 23:05:35.532183,13982.92,440,refund,PUNE,0
36101,2024-03-10 20:17:35.655722,58661.62,593,refund,BENGALURU,0
44213,2023-10-22 13:05:35.713251,333893.18,961,purchase,DELHI,1
81884,2024-07-22 13:32:35.945887,334225.65,722,purchase,BENGALURU,1
59764,2024-06-14 15:25:35.827452,226354.42,781,purchase,MUMBAI,0
78311,2023-10-30 03:09:35.930420,384154.65,884,transfer,PUNE,0
70544,2023-12-25 11:20:35.890654,210360.15,795,purchase,DELHI,0
13605,2023-11-09 07:31:35.530611,131136.22,750,purchase,AHMEDABAD,0
96464,2023-12-19 18:33:36.012397,269014.35,214,purchase,PUNE,0
71104,2024-04-09 07:46:35.893764,207120.38,938,purchase,PUNE,0
24442,2024-08-05 17:25:35.585922,330737.55,808,purchase,JAIPUR,0
68917,2024-01-16 12:11:35.871899,341993.02,553,purchase,CHENNAI,0
74325,2024-05-26 03:54:35.911158,268433.55,736,purchase,SURAT,0
60988,2024-02-04 03:13:35.833264,127883.25,683,purchase,JAIPUR,0
17737,2024-04-13 10:08:35.548712,323220.97,389,purchase,MUMBAI,0
96319,2024-03-31 09:45:36.011794,228708.15,309,purchase,SURAT,0
29459,2024-04-26 17:37:35.607395,249043.58,939,purchase,KOLKATA,0
47015,2023-11-12 01:27:35.730801,180016.65,68,purchase,CHENNAI,0
87282,2024-09-14 05:12:35.966033,107633.63,726,purchase,JAIPUR,0
27898,2024-05-30 20:45:35.601110,323981.62,901,purchase,PUNE,0
76097,2024-04-02 19:59:35.919597,175252.28,774,purchase,HYDERABAD,0
89628,2023-12-23 16:04:35.984201,352767.52,245,purchase,JAIPUR,0
54591,2023-11-04 09:18:35.796012,34461.9,69,refund,BENGALURU,0
76775,2023-12-12 09:12:35.922535,150032.02,277,purchase,KOLKATA,0
13391,2024-03-20 01:45:35.529754,135432.82,832,purchase,HYDERABAD,0
24337,2024-05-03 20:40:35.585481,34159.95,630,refund,HYDERABAD,0
99903,2024-07-11 16:45:36.027244,207052.72,37,purchase,DELHI,0
42273,2024-04-02 16:32:35.701016,43387.58,292,refund,AHMEDABAD,0
7565,2024-07-19 08:32:35.505490,191781.15,613,purchase,AHMEDABAD,0
29998,2024-07-16 14:37:35.609441,251775.98,876,purchase,BENGALURU,0
67972,2024-09-22 09:49:35.865842,46004.48,164,refund,MUMBAI,0
15490,2024-06-30 17:44:35.538768,107502.45,682,purchase,CHENNAI,0
25405,2023-11-12 02:07:35.590080,292390.73,835,purchase,DELHI,0
49135,2024-01-21 04:55:35.744441,237428.4,123,purchase,MUMBAI,0
57410,2024-02-22 17:43:35.814875,66570.08,10,refund,CHENNAI,0
70423,2024-08-09 05:52:35.890020,314454.53,124,cash_out,MUMBAI,1
95282,2023-12-02 00:00:36.007411,109200.3,578,purchase,HYDERABAD,0
94709,2024-05-07 15:24:36.004952,275569.8,930,purchase,SURAT,0
36404,2024-06-09 14:10:35.657731,349048.43,833,purchase,SURAT,0
44956,2023-11-26 00:21:35.717914,204880.5,636,purchase,SURAT,0
68651,2024-05-29 16:49:35.870148,294978.75,787,purchase,SURAT,0
58021,2024-03-29 20:11:35.820181,300212.55,93,purchase,MUMBAI,0
80594,2023-12-04 12:32:35.941042,381952.72,75,transfer,CHENNAI,0
43046,2024-09-10 06:22:35.705874,280873.73,301,purchase,BENGALURU,0
12096,2024-09-02 03:07:35.524478,111542.48,266,purchase,BENGALURU,0
26596,2024-09-29 15:11:35.595872,176854.42,328,purchase,SURAT,0
52068,2023-11-27 01:55:35.763335,357371.02,899,cash_out,BENGALURU,1
75938,2024-09-15 13:13:35.918921,235513.58,165,purchase,AHMEDABAD,0
25204,2024-08-11 09:47:35.589099,308679.53,23,purchase,SURAT,0
22275,2024-07-11 04:30:35.568055,143014.58,779,purchase,MUMBAI,0
43682,2024-04-16 20:45:35.709946,298478.4,549,purchase,SURAT,0
73547,2024-03-20 02:56:35.907018,380672.32,693,transfer,JAIPUR,0
